p_posts_p_id,a_c_clove,a_title,a_r_rank
1,2000,blandit non interdum in,1
2,570,erat nulla tempus vivamus in,2
3,1540,ut massa quis,3
4,1899,integer a nibh,4
5,1045,malesuada in imperdiet,5
6,864,et ultrices posuere cubilia,6
7,466,semper sapien,7
8,732,pellentesque at nulla suspendisse potenti,8
9,1915,molestie sed justo,9
10,1201,turpis elementum ligula vehicula consequat,10
11,1957,sit amet turpis,11
12,1007,praesent lectus,12
13,1011,sit amet,13
14,1031,et tempus semper est,14
15,1503,augue vel accumsan tellus nisi,15
16,1738,sem duis aliquam convallis,16
17,639,ac leo pellentesque ultrices mattis,17
18,256,id pretium iaculis diam erat,18
19,616,cras non velit,19
20,1483,non ligula,20
21,971,maecenas rhoncus aliquam,21
22,186,sed vestibulum sit,22
23,378,blandit mi,23
24,951,tempus sit amet sem fusce,24
25,1657,nam congue risus semper,25
26,544,rutrum ac lobortis,26
27,652,vivamus metus arcu,27
28,1798,convallis nulla neque libero,28
29,1024,aenean auctor gravida,29
30,1866,ut nulla,30
31,149,rutrum nulla tellus,31
32,386,in hac habitasse platea,32
33,853,ut at dolor,33
34,70,lorem id,34
35,1412,eu est congue elementum,35
36,984,quis tortor,36
37,470,eu sapien,37
38,72,egestas metus,38
39,1285,nec sem duis aliquam,39
40,642,nulla suscipit,40
41,880,aliquam non mauris morbi non,41
42,1225,maecenas rhoncus aliquam lacus,42
43,1261,non velit nec nisi vulputate,43
44,445,luctus nec molestie sed justo,44
45,477,eros vestibulum ac,45
46,653,nulla eget eros,46
47,274,eget eros elementum,47
48,1116,massa volutpat convallis,48
49,1002,magnis dis parturient montes,49
50,1413,accumsan tellus,50
51,307,maecenas ut massa quis augue,51
52,1128,integer non velit donec,52
53,1371,luctus nec molestie,53
54,1979,a pede,54
55,698,felis fusce posuere,55
56,455,posuere cubilia,56
57,148,sed justo pellentesque viverra pede,57
58,13,ut massa quis,58
59,1096,sed interdum venenatis turpis enim,59
60,132,cras in purus,60
61,1063,amet cursus id,61
62,1694,nibh in,62
63,1397,in sapien iaculis congue,63
64,645,nulla ut,64
65,927,pede venenatis non,65
66,557,nulla sed accumsan,66
67,194,mauris laoreet ut rhoncus aliquet,67
68,1777,elit proin risus praesent,68
69,250,potenti cras in purus eu,69
70,1492,magnis dis,70
71,49,nam dui proin,71
72,1105,sed vestibulum,72
73,1208,metus arcu adipiscing,73
74,1462,rutrum rutrum neque aenean auctor,74
75,697,consequat morbi a,75
76,1230,cursus vestibulum proin eu mi,76
77,1186,rutrum neque aenean auctor gravida,77
78,131,diam vitae quam suspendisse potenti,78
79,1241,lobortis convallis tortor risus dapibus,79
80,1507,interdum in ante,80
81,316,lobortis est phasellus sit,81
82,1399,in consequat ut,82
83,517,erat id mauris vulputate,83
84,1500,eget massa,84
85,1855,placerat praesent,85
86,399,interdum eu tincidunt in,86
87,143,cubilia curae donec pharetra magna,87
88,1731,tristique fusce congue diam,88
89,1711,euismod scelerisque quam turpis adipiscing,89
90,281,nisl aenean lectus pellentesque,90
91,532,pulvinar sed nisl nunc,91
92,999,montes nascetur ridiculus mus,92
93,1123,ut tellus nulla ut,93
94,73,justo aliquam quis turpis,94
95,1741,mattis odio donec,95
96,1897,convallis nunc proin at turpis,96
97,608,sagittis sapien cum,97
98,1847,tempor turpis,98
99,141,leo maecenas pulvinar lobortis,99
100,1390,facilisi cras,100
101,1167,tristique est et tempus semper,101
102,1013,dolor quis odio,102
103,376,sapien sapien non mi,103
104,1646,neque duis,104
105,737,etiam vel augue vestibulum rutrum,105
106,1958,est congue,106
107,614,tincidunt eget tempus,107
108,507,dapibus nulla suscipit,108
109,1032,tempus semper,109
110,856,nascetur ridiculus,110
111,194,ac tellus semper interdum,111
112,1730,suspendisse ornare consequat lectus,112
113,288,in hac habitasse platea dictumst,113
114,186,eu felis fusce posuere,114
115,1708,et ultrices,115
116,85,maecenas ut,116
117,1651,dapibus dolor vel,117
118,1974,aliquet maecenas leo,118
119,283,magna vulputate,119
120,875,turpis donec posuere metus vitae,120
121,707,ultrices posuere cubilia,121
122,344,odio elementum eu interdum,122
123,1986,eu magna vulputate luctus,123
124,571,nam nulla integer,124
125,917,ac diam cras,125
126,1658,congue risus semper porta,126
127,1076,nulla tempus vivamus in felis,127
128,862,nam nulla integer pede justo,128
129,1198,nunc vestibulum,129
130,1050,sociis natoque penatibus,130
131,1743,nulla tempus,131
132,1815,nonummy maecenas tincidunt lacus,132
133,1883,ultrices posuere cubilia curae nulla,133
134,1550,sapien ut nunc vestibulum ante,134
135,1544,posuere cubilia curae mauris viverra,135
136,646,lacus morbi quis tortor,136
137,619,justo in hac habitasse platea,137
138,530,odio donec,138
139,1607,diam nam tristique tortor eu,139
140,1146,justo eu,140
141,1799,curabitur gravida,141
142,1672,libero non,142
143,1092,semper porta volutpat quam,143
144,1535,tortor id,144
145,1860,nulla sed accumsan,145
146,1285,et tempus semper,146
147,1110,pharetra magna ac consequat,147
148,41,feugiat et eros vestibulum,148
149,375,eleifend luctus,149
150,404,in hac,150
151,149,rutrum at,151
152,943,at nunc commodo placerat,152
153,593,augue vestibulum,153
154,584,nulla sed accumsan,154
155,1086,elementum pellentesque quisque porta volutpat,155
156,293,morbi ut odio,156
157,425,turpis a,157
158,1322,est congue elementum,158
159,529,amet consectetuer,159
160,613,orci vehicula condimentum,160
161,1688,accumsan odio curabitur,161
162,1490,sed tincidunt,162
163,401,dapibus at,163
164,582,convallis eget eleifend luctus,164
165,932,mauris vulputate elementum nullam,165
166,806,nulla tempus vivamus in felis,166
167,1884,lectus vestibulum quam sapien varius,167
168,270,tortor sollicitudin mi sit amet,168
169,1405,habitasse platea dictumst maecenas ut,169
170,1255,ac lobortis vel,170
171,108,felis fusce posuere felis,171
172,630,dictumst aliquam augue,172
173,1814,pretium quis lectus suspendisse potenti,173
174,1864,lacinia aenean sit amet,174
175,552,blandit non interdum in ante,175
176,488,sem fusce,176
177,899,justo sit amet sapien dignissim,177
178,525,platea dictumst etiam,178
179,701,rutrum rutrum,179
180,1765,aliquet pulvinar sed nisl,180
181,1400,metus arcu adipiscing,181
182,855,auctor gravida,182
183,718,rutrum rutrum,183
184,810,suscipit nulla,184
185,1559,rutrum nulla,185
186,279,mattis pulvinar,186
187,1090,sapien ut nunc vestibulum ante,187
188,507,nulla elit ac nulla sed,188
189,1105,ligula suspendisse ornare consequat,189
190,1706,in faucibus orci luctus,190
191,18,velit eu est congue,191
192,1743,accumsan tellus nisi,192
193,330,purus sit amet nulla,193
194,807,quis turpis,194
195,281,fusce consequat nulla,195
196,1463,erat eros viverra,196
197,885,elit sodales scelerisque,197
198,1330,varius nulla facilisi cras non,198
199,165,lacinia sapien quis libero nullam,199
200,1780,cursus id,200
201,1282,risus auctor sed,201
202,457,tortor id nulla,202
203,17,faucibus orci luctus et ultrices,203
204,455,posuere cubilia curae donec,204
205,1204,pede malesuada,205
206,264,platea dictumst morbi vestibulum,206
207,1397,vitae ipsum aliquam,207
208,1597,vestibulum ante ipsum primis in,208
209,28,ut tellus nulla,209
210,1422,lectus suspendisse potenti,210
211,725,vestibulum ante ipsum primis in,211
212,1444,lacinia sapien quis,212
213,1825,fusce lacus,213
214,1911,vestibulum rutrum rutrum,214
215,269,non mi integer,215
216,1044,a pede posuere,216
217,1153,vestibulum velit id pretium,217
218,275,odio consequat,218
219,776,id pretium iaculis diam erat,219
220,121,vel ipsum praesent blandit lacinia,220
221,1665,maecenas tristique est et,221
222,1171,est phasellus sit amet,222
223,284,amet nunc viverra dapibus,223
224,1480,ultrices libero non mattis,224
225,1563,in consequat,225
226,631,feugiat non pretium quis lectus,226
227,988,feugiat et,227
228,151,lobortis vel dapibus at,228
229,1682,risus praesent lectus vestibulum,229
230,300,ante vivamus tortor duis,230
231,1126,dui proin,231
232,253,metus sapien,232
233,475,lorem integer tincidunt ante vel,233
234,1556,tellus in sagittis,234
235,397,facilisi cras non,235
236,824,aliquet maecenas,236
237,1396,suspendisse potenti nullam porttitor lacus,237
238,1105,justo aliquam quis turpis,238
239,920,vulputate ut ultrices vel augue,239
240,1170,augue vestibulum ante ipsum primis,240
241,90,aliquet massa id lobortis,241
242,1650,ultricies eu nibh quisque,242
243,1407,sapien ut nunc,243
244,1153,nam nulla integer pede,244
245,763,suscipit a,245
246,1532,mi in porttitor,246
247,185,pede justo eu massa donec,247
248,171,sodales sed tincidunt eu felis,248
249,982,in faucibus orci,249
250,1353,suspendisse ornare consequat,250
251,1643,nam tristique tortor eu,251
252,1951,urna ut tellus nulla,252
253,1255,vel enim sit amet,253
254,965,pellentesque quisque porta volutpat erat,254
255,682,urna pretium nisl ut,255
256,101,tortor risus dapibus augue,256
257,759,pede ac diam cras pellentesque,257
258,1997,leo odio,258
259,211,etiam vel augue,259
260,1909,at turpis donec posuere metus,260
261,87,semper porta volutpat quam,261
262,109,pulvinar lobortis est phasellus sit,262
263,509,lacus morbi,263
264,275,erat curabitur gravida nisi at,264
265,460,sapien placerat ante,265
266,1102,elementum ligula vehicula consequat morbi,266
267,1696,iaculis congue vivamus metus,267
268,1304,pellentesque at nulla suspendisse,268
269,211,amet nunc viverra dapibus,269
270,1624,pede justo lacinia eget,270
271,1857,at nibh in hac,271
272,774,diam cras pellentesque volutpat,272
273,464,suspendisse accumsan tortor quis turpis,273
274,1903,habitasse platea,274
275,1611,sit amet erat nulla,275
276,1964,pharetra magna vestibulum aliquet,276
277,353,at velit,277
278,1496,eu mi nulla,278
279,921,sem praesent id,279
280,284,sit amet,280
281,754,id mauris vulputate elementum nullam,281
282,1923,in faucibus orci luctus,282
283,1746,suscipit a feugiat et,283
284,197,quis justo,284
285,868,nisl aenean lectus,285
286,794,morbi non lectus aliquam,286
287,1452,pede ac diam cras,287
288,728,amet turpis elementum,288
289,1648,posuere cubilia curae donec pharetra,289
290,1033,phasellus in felis,290
291,985,sed justo,291
292,1996,lobortis vel dapibus at diam,292
293,1212,potenti nullam porttitor,293
294,1588,velit nec nisi vulputate nonummy,294
295,741,fringilla rhoncus,295
296,1897,aenean fermentum donec,296
297,376,dui proin leo odio porttitor,297
298,955,congue elementum in hac habitasse,298
299,12,orci luctus et ultrices,299
300,364,morbi sem mauris laoreet ut,300
301,830,gravida sem,301
302,976,duis ac,302
303,609,turpis integer aliquet massa id,303
304,48,facilisi cras non velit,304
305,835,sociis natoque,305
306,407,pretium iaculis,306
307,1380,vivamus tortor duis mattis,307
308,1837,amet consectetuer,308
309,1193,diam vitae quam,309
310,43,scelerisque quam turpis adipiscing,310
311,1073,ornare imperdiet sapien urna,311
312,1623,platea dictumst,312
313,248,vitae nisl aenean,313
314,53,aenean fermentum donec ut mauris,314
315,1685,amet diam in magna,315
316,339,ipsum ac,316
317,55,donec dapibus duis,317
318,1166,eget tincidunt,318
319,506,erat nulla tempus vivamus in,319
320,319,ornare imperdiet sapien urna pretium,320
321,1728,vestibulum sagittis,321
322,1644,neque libero convallis,322
323,1933,hac habitasse platea dictumst,323
324,1191,ut rhoncus,324
325,1394,integer ac leo,325
326,765,mi integer ac,326
327,1372,nulla justo aliquam quis turpis,327
328,842,varius integer ac leo pellentesque,328
329,1675,donec posuere metus,329
330,66,vestibulum ac est lacinia,330
331,1942,libero non,331
332,1677,eget eros elementum pellentesque quisque,332
333,1389,phasellus in felis donec semper,333
334,691,nunc purus phasellus in felis,334
335,1412,sapien arcu,335
336,375,sed ante vivamus,336
337,841,diam neque,337
338,628,nec nisi vulputate nonummy maecenas,338
339,119,quam a,339
340,1629,nec molestie sed justo,340
341,1489,non mauris morbi,341
342,638,rhoncus dui vel sem sed,342
343,1853,suscipit a feugiat et,343
344,910,nisi venenatis tristique fusce congue,344
345,455,potenti nullam porttitor lacus at,345
346,1623,ac consequat,346
347,1060,leo rhoncus sed,347
348,968,curae duis faucibus,348
349,82,eget tincidunt eget tempus,349
350,262,amet nunc viverra dapibus nulla,350
351,356,euismod scelerisque quam,351
352,524,tellus in sagittis dui vel,352
353,180,quam fringilla rhoncus mauris enim,353
354,443,venenatis tristique fusce congue,354
355,1965,fusce lacus purus,355
356,1073,accumsan felis ut,356
357,1998,quam turpis adipiscing,357
358,919,pretium nisl ut,358
359,1568,consequat ut nulla sed,359
360,97,libero nam dui proin,360
361,271,condimentum curabitur in libero,361
362,323,proin leo odio porttitor id,362
363,1786,in lectus pellentesque at,363
364,613,ut odio cras mi,364
365,780,sapien varius ut blandit,365
366,1903,fusce congue diam,366
367,1837,venenatis tristique fusce congue diam,367
368,94,donec pharetra,368
369,1723,sapien dignissim,369
370,575,rhoncus mauris enim leo,370
371,1954,eros vestibulum ac est,371
372,1950,semper interdum mauris,372
373,1509,quam sapien varius ut blandit,373
374,1482,fermentum donec,374
375,945,odio justo sollicitudin ut,375
376,380,est et tempus,376
377,245,vestibulum rutrum rutrum neque aenean,377
378,1710,justo nec condimentum neque,378
379,683,consequat metus,379
380,1412,ut nunc vestibulum,380
381,1100,tempus semper est quam,381
382,209,est lacinia nisi venenatis tristique,382
383,675,interdum in,383
384,1384,orci pede venenatis non sodales,384
385,1140,condimentum id luctus,385
386,1046,condimentum id luctus,386
387,236,sit amet cursus id turpis,387
388,1669,mattis odio donec,388
389,765,massa tempor convallis nulla,389
390,121,nulla elit ac,390
391,838,ac nibh,391
392,1690,lacus morbi,392
393,758,pretium iaculis diam erat,393
394,1333,a odio,394
395,1092,lacinia nisi,395
396,1823,erat nulla tempus,396
397,1568,lacus morbi sem mauris laoreet,397
398,1905,primis in faucibus orci luctus,398
399,502,dolor sit amet consectetuer adipiscing,399
400,1108,vitae consectetuer,400
401,402,ipsum integer a nibh in,401
402,223,dui vel sem sed sagittis,402
403,1139,blandit non interdum,403
404,1359,erat tortor sollicitudin mi sit,404
405,96,suspendisse potenti cras in,405
406,1635,sem duis,406
407,1738,ligula suspendisse ornare consequat,407
408,1084,cras mi,408
409,585,hac habitasse platea dictumst etiam,409
410,723,odio odio elementum eu interdum,410
411,1409,amet sapien dignissim,411
412,450,justo pellentesque viverra pede,412
413,359,interdum in ante,413
414,1470,feugiat et eros,414
415,376,natoque penatibus,415
416,338,proin interdum mauris non ligula,416
417,507,dis parturient montes nascetur,417
418,1716,tristique tortor eu,418
419,1530,iaculis congue vivamus metus,419
420,825,a libero nam dui,420
421,859,orci nullam molestie nibh,421
422,1787,id mauris vulputate,422
423,163,nisi venenatis tristique fusce congue,423
424,418,vestibulum ac est lacinia nisi,424
425,942,condimentum id luctus nec molestie,425
426,324,ante nulla justo aliquam,426
427,481,pellentesque volutpat dui,427
428,1717,vestibulum ante,428
429,1184,eget semper rutrum,429
430,1032,dui maecenas tristique est et,430
431,1956,congue vivamus metus arcu adipiscing,431
432,722,donec odio justo sollicitudin,432
433,1731,pede morbi porttitor,433
434,291,faucibus accumsan,434
435,387,in quis justo maecenas,435
436,1717,nisi nam ultrices,436
437,1261,lacinia eget,437
438,6,fusce lacus purus,438
439,596,ligula in lacus curabitur,439
440,1703,cum sociis natoque,440
441,1116,mi sit amet,441
442,1581,morbi sem mauris laoreet,442
443,972,eu orci mauris lacinia sapien,443
444,1833,eget tempus vel,444
445,1800,neque duis,445
446,1071,maecenas leo odio condimentum,446
447,1313,eget tincidunt eget tempus,447
448,1930,eros vestibulum ac,448
449,807,sit amet lobortis sapien sapien,449
450,41,quam pede lobortis ligula sit,450
451,1474,mauris enim leo,451
452,1519,enim lorem ipsum dolor sit,452
453,1825,varius ut blandit non interdum,453
454,646,nisi volutpat eleifend,454
455,218,lacinia erat vestibulum sed magna,455
456,310,malesuada in imperdiet,456
457,1102,tempus vivamus in felis,457
458,464,viverra diam vitae quam,458
459,675,ut nunc vestibulum ante ipsum,459
460,699,donec ut dolor morbi,460
461,1825,tellus semper interdum mauris,461
462,1439,est donec odio justo sollicitudin,462
463,1744,nunc rhoncus dui vel sem,463
464,546,mattis pulvinar nulla,464
465,1514,eu tincidunt in leo maecenas,465
466,1531,eleifend luctus,466
467,115,ullamcorper purus sit amet,467
468,861,consequat metus,468
469,69,sapien arcu sed,469
470,1921,mi nulla ac enim,470
471,1728,proin eu mi nulla,471
472,1647,magna bibendum,472
473,1529,at nunc,473
474,969,morbi vel lectus in quam,474
475,688,rutrum at lorem,475
476,597,cursus vestibulum,476
477,1474,ipsum ac tellus,477
478,786,id ornare imperdiet sapien urna,478
479,1158,pede lobortis ligula sit,479
480,923,curae nulla dapibus dolor vel,480
481,912,duis aliquam convallis nunc,481
482,1605,vel augue vestibulum,482
483,1208,ut ultrices vel,483
484,498,consequat metus sapien ut,484
485,106,euismod scelerisque quam turpis,485
486,1641,dolor sit amet consectetuer adipiscing,486
487,1863,nec euismod scelerisque quam,487
488,1151,viverra eget,488
489,786,velit id pretium iaculis diam,489
490,1774,lacinia aenean,490
491,1849,luctus nec molestie sed,491
492,1819,interdum mauris,492
493,1881,ullamcorper purus sit amet nulla,493
494,1303,nulla suscipit,494
495,1239,elementum ligula vehicula,495
496,734,amet eros suspendisse accumsan,496
497,885,in lacus curabitur at,497
498,821,platea dictumst maecenas ut massa,498
499,187,et magnis,499
500,489,eu massa donec dapibus duis,500
501,419,justo sollicitudin ut,501
502,893,at velit,502
503,1533,risus auctor sed tristique in,503
504,309,aenean sit amet justo,504
505,497,eget orci vehicula condimentum,505
506,1581,vulputate vitae nisl aenean lectus,506
507,1375,convallis nulla,507
508,714,sapien cum sociis,508
509,917,turpis enim blandit mi,509
510,100,quisque ut erat curabitur gravida,510
511,1845,convallis duis consequat,511
512,1741,duis ac,512
513,1928,mauris eget massa tempor,513
514,156,tempor turpis nec euismod,514
515,757,nibh in,515
516,202,duis consequat dui nec,516
517,422,non pretium,517
518,400,pellentesque viverra pede ac,518
519,89,faucibus orci luctus et,519
520,218,amet justo morbi ut odio,520
521,1879,odio odio elementum eu interdum,521
522,1129,donec odio justo sollicitudin ut,522
523,845,gravida nisi,523
524,1020,ac enim in,524
525,556,congue risus semper,525
526,1532,pede justo eu,526
527,1414,ornare imperdiet,527
528,220,elit ac nulla,528
529,338,vestibulum ante ipsum primis,529
530,393,vulputate ut ultrices vel augue,530
531,658,in quam,531
532,1640,molestie nibh in,532
533,1199,penatibus et magnis dis parturient,533
534,1828,luctus et ultrices,534
535,767,hac habitasse,535
536,220,aliquet maecenas leo odio,536
537,1303,elementum eu,537
538,282,bibendum felis sed interdum,538
539,1349,ipsum primis in faucibus,539
540,78,pede justo lacinia eget,540
541,549,sed nisl nunc rhoncus dui,541
542,323,quis libero nullam sit amet,542
543,1156,metus sapien ut nunc vestibulum,543
544,877,amet nunc,544
545,1642,nisi nam,545
546,1330,vestibulum sagittis sapien,546
547,1430,a pede posuere nonummy integer,547
548,1283,duis bibendum morbi non quam,548
549,304,mauris morbi non lectus,549
550,1461,amet lobortis sapien sapien,550
551,514,dolor quis odio,551
552,1517,turpis integer,552
553,1669,eu magna,553
554,1086,mus vivamus vestibulum sagittis sapien,554
555,21,vel augue vestibulum rutrum,555
556,987,neque aenean auctor,556
557,18,consequat nulla,557
558,1170,eros vestibulum,558
559,350,id ornare imperdiet sapien urna,559
560,109,id sapien,560
561,1402,elementum nullam varius,561
562,786,non quam nec,562
563,1309,in ante vestibulum,563
564,1759,non ligula pellentesque ultrices,564
565,1855,a nibh in,565
566,479,ut suscipit a feugiat,566
567,1579,praesent blandit lacinia,567
568,1682,aenean auctor,568
569,1121,venenatis lacinia aenean sit,569
570,968,convallis tortor,570
571,1445,donec diam neque,571
572,694,lorem quisque ut erat,572
573,447,magnis dis,573
574,1438,lectus suspendisse potenti in,574
575,480,quam sapien varius ut blandit,575
576,1495,tempus sit amet sem fusce,576
577,1371,mattis nibh,577
578,1428,vitae quam,578
579,1984,ac nibh fusce lacus purus,579
580,1815,eros elementum,580
581,1920,duis aliquam convallis nunc,581
582,23,faucibus orci luctus,582
583,1471,odio consequat varius,583
584,1730,ac tellus semper interdum,584
585,620,luctus et ultrices,585
586,1953,magna vestibulum,586
587,1237,potenti nullam,587
588,1623,sit amet justo morbi ut,588
589,1943,nibh fusce lacus,589
590,28,semper est,590
591,219,consequat in consequat ut nulla,591
592,1959,mus etiam,592
593,664,pede libero quis orci nullam,593
594,1950,pretium iaculis diam,594
595,76,donec quis orci eget,595
596,1103,nibh in hac habitasse,596
597,1733,nulla pede ullamcorper,597
598,722,ut odio,598
599,915,orci mauris,599
600,1693,vestibulum velit id pretium iaculis,600
601,486,turpis donec posuere,601
602,69,dui maecenas tristique est,602
603,977,proin leo odio porttitor,603
604,1219,urna ut tellus nulla,604
605,1317,vivamus metus,605
606,1860,nullam porttitor lacus at turpis,606
607,531,etiam justo etiam pretium,607
608,454,curabitur convallis duis consequat,608
609,1998,sapien urna pretium,609
610,913,malesuada in,610
611,1540,nullam varius nulla,611
612,107,nulla nunc,612
613,1144,volutpat quam pede,613
614,360,sed tincidunt,614
615,250,sapien ut,615
616,1733,cubilia curae mauris viverra diam,616
617,974,dui vel sem sed sagittis,617
618,1801,nullam molestie nibh in,618
619,620,sed accumsan,619
620,489,cras non,620
621,190,neque vestibulum eget vulputate,621
622,1086,lorem vitae mattis nibh,622
623,136,posuere cubilia,623
624,836,nec condimentum neque sapien,624
625,835,ipsum integer a,625
626,1233,nisl duis bibendum,626
627,1940,dolor vel est donec odio,627
628,242,curae duis faucibus accumsan odio,628
629,462,rhoncus aliquam lacus morbi,629
630,1745,massa quis augue,630
631,95,donec ut mauris,631
632,945,pede justo eu massa,632
633,499,quam nec,633
634,1490,pellentesque volutpat dui maecenas,634
635,1024,mattis egestas metus aenean fermentum,635
636,1901,aliquet at feugiat non,636
637,18,volutpat eleifend donec ut dolor,637
638,891,mattis odio donec,638
639,564,justo etiam,639
640,1872,sed sagittis nam,640
641,1065,imperdiet sapien,641
642,1674,cum sociis natoque,642
643,836,pretium iaculis diam erat fermentum,643
644,1420,porta volutpat,644
645,785,fusce posuere felis,645
646,1918,auctor sed,646
647,591,purus sit amet nulla quisque,647
648,1638,diam id ornare imperdiet,648
649,1377,cubilia curae nulla dapibus,649
650,1227,nam nulla integer pede justo,650
651,1126,adipiscing lorem vitae,651
652,1824,nulla suspendisse,652
653,1633,quam fringilla rhoncus,653
654,495,etiam vel,654
655,1132,mauris sit amet eros suspendisse,655
656,884,elit proin interdum mauris non,656
657,1107,dui vel nisl duis ac,657
658,1035,molestie lorem quisque ut,658
659,1084,eleifend pede libero quis,659
660,1387,lacus at,660
661,1039,ipsum primis in faucibus orci,661
662,319,tempor turpis,662
663,99,in quis justo,663
664,95,nulla tellus,664
665,594,maecenas rhoncus aliquam lacus morbi,665
666,1868,tempus sit,666
667,791,nulla nunc purus phasellus in,667
668,1792,sit amet,668
669,445,purus phasellus,669
670,1763,ut nulla sed accumsan,670
671,1813,leo maecenas pulvinar,671
672,389,mattis egestas metus aenean,672
673,1155,ipsum dolor sit,673
674,527,elementum eu interdum eu tincidunt,674
675,1814,ipsum praesent blandit lacinia,675
676,32,sagittis nam,676
677,1596,nibh fusce lacus,677
678,510,consequat morbi,678
679,1924,in quam fringilla rhoncus,679
680,791,consectetuer adipiscing elit proin,680
681,965,volutpat convallis morbi,681
682,1247,urna pretium nisl ut,682
683,1223,at feugiat,683
684,401,curae donec,684
685,396,condimentum id luctus nec,685
686,1064,montes nascetur ridiculus mus etiam,686
687,667,luctus nec molestie sed,687
688,1685,congue eget semper rutrum nulla,688
689,1075,aliquam quis turpis,689
690,1958,sociis natoque,690
691,956,eget vulputate ut ultrices vel,691
692,1975,hac habitasse platea dictumst maecenas,692
693,524,vivamus in felis eu,693
694,489,sed tristique,694
695,1560,lectus vestibulum quam sapien,695
696,160,interdum venenatis turpis enim blandit,696
697,844,arcu libero rutrum ac lobortis,697
698,1738,quis augue,698
699,1188,montes nascetur ridiculus mus,699
700,1571,dis parturient montes nascetur,700
701,1332,ipsum primis in faucibus,701
702,1487,luctus et ultrices posuere cubilia,702
703,1756,in ante vestibulum,703
704,838,pede malesuada,704
705,22,duis consequat dui nec nisi,705
706,441,sed augue aliquam,706
707,789,venenatis turpis,707
708,547,nisi vulputate,708
709,6,lobortis sapien sapien,709
710,9,mattis nibh ligula nec sem,710
711,667,dignissim vestibulum,711
712,614,quam sapien varius ut,712
713,1435,natoque penatibus,713
714,1660,viverra diam,714
715,1278,in imperdiet,715
716,1098,donec diam neque vestibulum eget,716
717,1054,nulla nunc purus phasellus,717
718,389,convallis morbi,718
719,1126,placerat praesent blandit,719
720,780,lectus pellentesque eget nunc donec,720
721,39,amet nunc viverra,721
722,1901,luctus et,722
723,720,aliquam lacus morbi quis,723
724,265,turpis eget elit sodales scelerisque,724
725,1099,et magnis,725
726,1345,quisque arcu libero rutrum,726
727,866,ut tellus,727
728,708,rutrum at,728
729,1113,tempor turpis nec,729
730,782,velit eu est congue elementum,730
731,24,eget congue eget semper,731
732,1196,elementum ligula vehicula consequat morbi,732
733,1249,nam congue risus semper porta,733
734,1927,nulla quisque arcu libero rutrum,734
735,1425,pulvinar sed nisl nunc rhoncus,735
736,1100,maecenas pulvinar,736
737,701,justo nec condimentum neque,737
738,1776,iaculis congue vivamus metus,738
739,327,eu interdum eu tincidunt in,739
740,1285,in leo,740
741,1020,nulla nisl nunc nisl,741
742,817,morbi quis tortor id nulla,742
743,1023,et eros vestibulum ac,743
744,1593,suspendisse potenti nullam porttitor lacus,744
745,1324,nascetur ridiculus mus,745
746,1187,luctus et ultrices posuere cubilia,746
747,668,ac consequat metus sapien,747
748,15,ultricies eu nibh quisque id,748
749,1703,porttitor lacus,749
750,197,imperdiet sapien,750
751,1514,euismod scelerisque quam turpis,751
752,606,cras non,752
753,1468,sed vestibulum sit,753
754,891,turpis a pede posuere nonummy,754
755,1441,augue a suscipit nulla,755
756,1931,est congue elementum in,756
757,139,venenatis tristique,757
758,829,lacus purus aliquet at feugiat,758
759,737,parturient montes nascetur,759
760,886,maecenas tincidunt,760
761,320,eros viverra eget congue,761
762,1586,lacus at turpis donec posuere,762
763,665,vitae quam suspendisse,763
764,187,nam ultrices,764
765,229,magna ac,765
766,1722,dolor sit amet,766
767,1725,elit ac,767
768,70,duis aliquam convallis nunc,768
769,807,in libero ut massa,769
770,454,vestibulum sed magna at nunc,770
771,402,luctus rutrum,771
772,1211,pellentesque ultrices phasellus,772
773,277,ligula in,773
774,1722,tempus sit,774
775,1910,parturient montes nascetur ridiculus,775
776,1864,sapien sapien,776
777,549,quam nec dui luctus,777
778,153,congue etiam justo etiam,778
779,1660,justo etiam,779
780,1293,adipiscing elit,780
781,348,id ligula suspendisse,781
782,1183,turpis enim blandit mi,782
783,165,risus praesent lectus vestibulum quam,783
784,1909,ridiculus mus etiam vel augue,784
785,1813,justo sollicitudin ut suscipit a,785
786,1287,quam suspendisse potenti nullam,786
787,1912,pede ac,787
788,170,congue vivamus metus,788
789,689,turpis elementum ligula vehicula,789
790,1723,sit amet cursus id turpis,790
791,606,justo eu,791
792,385,et magnis dis parturient montes,792
793,216,in faucibus orci luctus et,793
794,1324,ipsum integer a,794
795,1189,magna vestibulum,795
796,385,bibendum morbi non quam nec,796
797,1668,vestibulum proin,797
798,64,non lectus aliquam sit,798
799,1449,aenean auctor gravida sem praesent,799
800,909,lectus in est,800
801,65,nulla mollis molestie lorem,801
802,1454,diam in,802
803,758,cubilia curae duis faucibus,803
804,444,nisl venenatis lacinia aenean sit,804
805,323,ultrices vel,805
806,486,a feugiat et eros,806
807,303,tortor duis mattis egestas,807
808,1251,dignissim vestibulum vestibulum,808
809,740,suscipit ligula in lacus curabitur,809
810,386,id pretium iaculis diam,810
811,55,tortor duis mattis egestas,811
812,1584,sit amet consectetuer adipiscing,812
813,1604,odio elementum,813
814,1645,a suscipit nulla elit ac,814
815,1342,risus dapibus augue vel accumsan,815
816,1715,ultrices posuere,816
817,1168,risus dapibus augue vel,817
818,178,duis consequat,818
819,137,leo odio,819
820,1540,pellentesque quisque,820
821,1051,molestie nibh in,821
822,215,et ultrices posuere cubilia,822
823,1942,metus aenean fermentum,823
824,1023,maecenas pulvinar lobortis est phasellus,824
825,1512,vel dapibus,825
826,1467,donec quis orci eget orci,826
827,411,aliquam convallis,827
828,1529,at diam nam,828
829,1083,elit proin interdum mauris,829
830,1276,cras pellentesque volutpat,830
831,310,ipsum primis in,831
832,1318,volutpat sapien,832
833,1300,convallis duis consequat dui nec,833
834,86,eros vestibulum,834
835,41,parturient montes,835
836,557,integer ac,836
837,1492,posuere nonummy integer non,837
838,1483,blandit nam nulla,838
839,711,sapien varius ut blandit,839
840,1156,odio condimentum,840
841,1288,ultrices vel augue,841
842,699,neque duis bibendum,842
843,222,vivamus tortor,843
844,954,platea dictumst maecenas ut massa,844
845,1526,velit donec diam neque,845
846,436,lectus vestibulum,846
847,210,erat tortor sollicitudin mi sit,847
848,341,nisi nam,848
849,675,lacus at turpis donec,849
850,385,lobortis vel dapibus,850
851,1120,in congue,851
852,1259,mi pede malesuada in,852
853,1839,vel nulla,853
854,1700,pellentesque viverra pede,854
855,1951,at velit,855
856,392,rutrum nulla nunc purus,856
857,62,neque libero convallis eget eleifend,857
858,1799,ut at dolor quis,858
859,1799,pede ullamcorper augue,859
860,862,sit amet sapien,860
861,1895,ridiculus mus,861
862,815,orci nullam molestie nibh in,862
863,892,vulputate nonummy maecenas tincidunt lacus,863
864,388,duis at velit,864
865,966,montes nascetur ridiculus mus vivamus,865
866,1839,nulla ac,866
867,1094,aenean lectus pellentesque,867
868,1297,interdum in,868
869,444,consequat nulla nisl,869
870,1696,sed augue aliquam erat,870
871,421,duis bibendum felis sed,871
872,253,cum sociis natoque penatibus et,872
873,1881,commodo placerat,873
874,1939,lacinia nisi venenatis tristique fusce,874
875,1300,ut suscipit a feugiat,875
876,1689,urna ut,876
877,1867,quisque arcu,877
878,902,dis parturient montes nascetur,878
879,985,velit vivamus vel nulla,879
880,971,eget tempus,880
881,1383,donec vitae,881
882,1597,eu felis fusce posuere felis,882
883,883,in consequat,883
884,884,aenean lectus pellentesque,884
885,1762,eros viverra eget,885
886,1300,ipsum primis in faucibus,886
887,1781,ante nulla justo aliquam quis,887
888,1260,erat tortor sollicitudin,888
889,1855,urna ut tellus nulla,889
890,365,velit donec diam,890
891,1902,a odio in hac,891
892,1429,in felis,892
893,1764,faucibus orci luctus,893
894,1194,nullam porttitor lacus at turpis,894
895,959,duis bibendum,895
896,782,vestibulum aliquet ultrices erat,896
897,1860,donec ut,897
898,1962,vel dapibus at diam nam,898
899,1053,justo morbi,899
900,885,pellentesque viverra pede ac diam,900
901,53,ullamcorper augue,901
902,1730,suspendisse potenti cras in purus,902
903,616,dictumst aliquam augue quam,903
904,216,ipsum primis,904
905,918,sapien non mi,905
906,1425,potenti cras in purus eu,906
907,1059,at feugiat non pretium,907
908,340,magna vulputate luctus,908
909,212,sapien placerat ante,909
910,1073,enim lorem,910
911,1210,nulla justo aliquam quis turpis,911
912,122,lacus at,912
913,827,turpis adipiscing lorem,913
914,824,mattis nibh ligula nec sem,914
915,73,vel accumsan,915
916,1388,in faucibus orci luctus et,916
917,1981,velit eu,917
918,187,lacus at velit,918
919,132,vitae mattis nibh ligula,919
920,1438,sit amet,920
921,793,nisi vulputate nonummy maecenas,921
922,799,ligula in lacus,922
923,825,massa tempor convallis nulla neque,923
924,178,magna vulputate,924
925,826,integer pede justo lacinia,925
926,663,nunc vestibulum ante ipsum,926
927,1140,vel accumsan,927
928,20,viverra eget,928
929,458,augue quam,929
930,231,vestibulum sed magna,930
931,1761,odio elementum eu interdum eu,931
932,1493,proin interdum mauris non,932
933,598,faucibus cursus urna,933
934,1634,non pretium quis,934
935,757,purus aliquet,935
936,187,purus eu magna,936
937,360,odio consequat varius,937
938,302,posuere cubilia,938
939,544,malesuada in imperdiet et commodo,939
940,1881,iaculis diam erat fermentum,940
941,430,parturient montes nascetur ridiculus,941
942,1455,in lacus curabitur at ipsum,942
943,1489,sapien urna pretium nisl ut,943
944,202,quam sollicitudin,944
945,1076,ridiculus mus,945
946,848,congue etiam justo etiam pretium,946
947,1946,magna ac,947
948,1007,at diam,948
949,1721,cursus urna,949
950,249,eget vulputate ut ultrices,950
951,1800,leo odio porttitor id consequat,951
952,978,maecenas rhoncus,952
953,645,vestibulum ante ipsum primis in,953
954,1716,dolor morbi vel,954
955,939,lectus in quam fringilla,955
956,447,nam tristique tortor,956
957,1576,pellentesque ultrices phasellus id,957
958,559,luctus et,958
959,1408,ac tellus semper interdum mauris,959
960,603,nulla ut,960
961,1317,luctus rutrum nulla tellus,961
962,1380,sodales scelerisque mauris sit amet,962
963,141,ut mauris eget massa tempor,963
964,983,ante ipsum primis in faucibus,964
965,824,vitae nisl aenean lectus,965
966,1660,faucibus cursus,966
967,1473,ornare consequat lectus in est,967
968,1213,ullamcorper augue a,968
969,1883,eget vulputate ut ultrices,969
970,1869,rutrum ac,970
971,1069,praesent id massa id,971
972,240,in blandit ultrices enim,972
973,1767,quam turpis adipiscing lorem,973
974,731,etiam faucibus cursus urna ut,974
975,1274,a libero nam,975
976,606,at nulla,976
977,1940,mi nulla ac enim in,977
978,200,felis fusce posuere,978
979,6,morbi sem mauris laoreet ut,979
980,252,nisl ut volutpat,980
981,734,suspendisse potenti in eleifend,981
982,442,pretium iaculis diam erat,982
983,439,nibh quisque id justo sit,983
984,893,praesent blandit,984
985,486,felis sed interdum venenatis turpis,985
986,1631,enim in,986
987,402,congue vivamus metus arcu adipiscing,987
988,567,vel nisl duis ac nibh,988
989,934,lacus at turpis donec posuere,989
990,726,penatibus et magnis dis parturient,990
991,512,fermentum donec ut,991
992,830,sed ante vivamus,992
993,166,nullam orci pede venenatis non,993
994,553,ut nulla,994
995,844,felis fusce,995
996,746,vitae consectetuer eget,996
997,1046,nunc donec quis orci,997
998,340,pede ullamcorper,998
999,605,blandit mi,999
1000,1298,etiam faucibus cursus,1000
1001,413,diam id ornare imperdiet sapien,1001
1002,378,ut blandit,1002
1003,467,amet eleifend,1003
1004,888,cubilia curae mauris,1004
1005,17,aliquam augue quam sollicitudin vitae,1005
1006,1192,ut mauris eget,1006
1007,1822,sagittis dui,1007
1008,1895,mauris viverra diam,1008
1009,1911,amet consectetuer adipiscing elit,1009
1010,425,libero convallis eget,1010
1011,134,arcu libero rutrum ac,1011
1012,287,suscipit a,1012
1013,661,pretium quis,1013
1014,905,erat id mauris vulputate,1014
1015,1189,eleifend donec,1015
1016,1147,massa volutpat,1016
1017,1133,morbi vel lectus in quam,1017
1018,81,ultrices vel augue vestibulum ante,1018
1019,1400,sed sagittis,1019
1020,680,risus dapibus augue vel accumsan,1020
1021,1753,nullam orci pede venenatis,1021
1022,620,orci eget orci,1022
1023,1908,quisque erat,1023
1024,169,a odio,1024
1025,1227,vel accumsan tellus,1025
1026,1953,non mattis pulvinar,1026
1027,768,erat eros viverra eget congue,1027
1028,1663,quisque ut erat curabitur gravida,1028
1029,1782,elementum nullam,1029
1030,410,rutrum ac lobortis vel,1030
1031,1547,erat nulla tempus,1031
1032,1068,cum sociis natoque,1032
1033,1638,amet sem fusce consequat nulla,1033
1034,418,vel ipsum praesent blandit lacinia,1034
1035,1074,maecenas ut massa quis,1035
1036,949,id massa id nisl,1036
1037,530,nibh in hac,1037
1038,1203,nascetur ridiculus mus,1038
1039,723,mi integer,1039
1040,1411,ante nulla justo aliquam quis,1040
1041,774,quam sollicitudin vitae consectetuer eget,1041
1042,1721,nec nisi vulputate nonummy maecenas,1042
1043,769,nisi eu,1043
1044,273,pede lobortis ligula sit amet,1044
1045,870,consectetuer adipiscing elit,1045
1046,965,nec nisi volutpat eleifend donec,1046
1047,1891,ultrices aliquet maecenas,1047
1048,486,morbi sem mauris laoreet ut,1048
1049,806,elementum pellentesque quisque,1049
1050,822,mauris lacinia sapien quis,1050
1051,1141,quis orci,1051
1052,653,duis faucibus,1052
1053,393,tellus nisi eu orci,1053
1054,503,aliquet massa id lobortis convallis,1054
1055,370,orci eget,1055
1056,1173,nulla dapibus dolor vel,1056
1057,1473,nunc nisl duis bibendum felis,1057
1058,822,neque libero convallis eget eleifend,1058
1059,1359,accumsan tortor,1059
1060,1231,orci luctus et ultrices,1060
1061,1805,convallis nulla,1061
1062,1636,massa volutpat,1062
1063,1945,sapien quis libero nullam,1063
1064,1141,rutrum nulla nunc,1064
1065,1643,ultrices posuere cubilia,1065
1066,1575,nibh in,1066
1067,589,ligula vehicula,1067
1068,173,luctus et ultrices posuere,1068
1069,134,natoque penatibus et magnis dis,1069
1070,1915,lacus curabitur at ipsum,1070
1071,1016,suspendisse potenti cras in,1071
1072,1754,volutpat eleifend donec ut,1072
1073,1907,et magnis dis parturient,1073
1074,1713,quis odio,1074
1075,159,dictumst morbi vestibulum velit id,1075
1076,1752,molestie hendrerit,1076
1077,1896,lorem ipsum,1077
1078,1366,dis parturient montes nascetur,1078
1079,1785,nunc rhoncus dui vel,1079
1080,826,pharetra magna ac,1080
1081,118,praesent id massa id nisl,1081
1082,1468,sapien urna pretium nisl ut,1082
1083,1868,phasellus id sapien in sapien,1083
1084,1244,justo nec condimentum neque,1084
1085,1473,nullam molestie,1085
1086,1210,rhoncus aliquam lacus morbi quis,1086
1087,1885,praesent lectus,1087
1088,1423,faucibus cursus urna ut,1088
1089,53,erat fermentum justo nec,1089
1090,1511,lobortis est phasellus,1090
1091,1576,suspendisse potenti in,1091
1092,1524,consequat nulla nisl nunc nisl,1092
1093,1934,metus sapien ut nunc,1093
1094,1347,aliquet ultrices erat,1094
1095,587,pretium nisl ut volutpat sapien,1095
1096,660,habitasse platea dictumst morbi vestibulum,1096
1097,174,mi in porttitor pede,1097
1098,741,volutpat dui maecenas tristique est,1098
1099,957,sed sagittis nam,1099
1100,1072,primis in faucibus orci luctus,1100
1101,1625,in sagittis dui vel nisl,1101
1102,361,ut mauris eget,1102
1103,792,metus vitae ipsum,1103
1104,915,velit nec nisi vulputate,1104
1105,381,integer non velit,1105
1106,869,suspendisse potenti,1106
1107,623,tincidunt ante,1107
1108,1031,vel sem sed sagittis nam,1108
1109,131,ornare consequat lectus in est,1109
1110,1179,porttitor lacus at turpis,1110
1111,1811,nam ultrices libero non mattis,1111
1112,949,in lectus pellentesque,1112
1113,1109,elementum eu interdum eu,1113
1114,1199,pellentesque viverra,1114
1115,1468,morbi odio odio,1115
1116,1032,purus eu,1116
1117,130,felis donec semper,1117
1118,1558,orci luctus et ultrices,1118
1119,1199,rhoncus aliquet pulvinar sed nisl,1119
1120,499,blandit nam nulla integer pede,1120
1121,777,a odio,1121
1122,1998,nam tristique tortor eu,1122
1123,682,in magna bibendum,1123
1124,1814,purus aliquet at,1124
1125,685,odio in,1125
1126,1880,quam sollicitudin,1126
1127,889,cubilia curae donec pharetra,1127
1128,1591,pretium nisl ut volutpat,1128
1129,1207,vulputate ut ultrices,1129
1130,771,vel sem,1130
1131,1978,aliquam erat volutpat,1131
1132,1677,semper porta volutpat quam,1132
1133,255,curabitur convallis,1133
1134,1770,lacus morbi quis tortor,1134
1135,432,cubilia curae duis faucibus,1135
1136,1349,libero nullam sit amet,1136
1137,658,sit amet,1137
1138,1099,turpis a pede posuere nonummy,1138
1139,831,nunc purus,1139
1140,1559,diam in magna bibendum imperdiet,1140
1141,1256,nec euismod,1141
1142,59,hac habitasse,1142
1143,1790,mus etiam vel augue vestibulum,1143
1144,506,in magna bibendum,1144
1145,1105,purus eu,1145
1146,283,sit amet consectetuer,1146
1147,1988,nisi vulputate nonummy,1147
1148,309,blandit mi,1148
1149,1658,suscipit ligula,1149
1150,1908,sapien placerat ante nulla justo,1150
1151,1931,diam in,1151
1152,1041,aliquam lacus morbi quis,1152
1153,10,consequat dui nec nisi volutpat,1153
1154,1705,aliquam quis turpis eget elit,1154
1155,1227,bibendum imperdiet nullam orci,1155
1156,1384,nibh fusce lacus,1156
1157,694,arcu adipiscing molestie hendrerit at,1157
1158,553,a suscipit nulla,1158
1159,863,luctus nec molestie sed justo,1159
1160,1927,risus auctor sed tristique in,1160
1161,208,in quam fringilla rhoncus mauris,1161
1162,1871,iaculis justo in hac,1162
1163,1907,nulla justo aliquam quis turpis,1163
1164,1741,velit donec diam,1164
1165,624,purus aliquet at,1165
1166,829,vivamus vel nulla eget eros,1166
1167,1852,suscipit ligula in lacus curabitur,1167
1168,774,adipiscing molestie,1168
1169,1323,lorem id,1169
1170,975,feugiat et eros,1170
1171,9,cras pellentesque volutpat dui,1171
1172,1930,id mauris,1172
1173,1170,lectus suspendisse,1173
1174,1642,nisl duis,1174
1175,165,dolor sit amet consectetuer,1175
1176,1782,nisi at nibh in,1176
1177,596,est et,1177
1178,1923,nam congue risus,1178
1179,752,etiam vel,1179
1180,643,porttitor lacus at turpis donec,1180
1181,1826,sit amet diam in,1181
1182,1493,felis fusce posuere felis sed,1182
1183,381,libero ut massa volutpat,1183
1184,145,ipsum primis in faucibus,1184
1185,116,nec euismod scelerisque,1185
1186,1473,nulla elit ac nulla,1186
1187,1555,non ligula,1187
1188,1470,rhoncus sed,1188
1189,1009,mi nulla ac,1189
1190,816,ultrices posuere cubilia,1190
1191,464,luctus et ultrices posuere cubilia,1191
1192,1059,velit vivamus,1192
1193,414,montes nascetur ridiculus mus,1193
1194,1048,montes nascetur ridiculus mus vivamus,1194
1195,75,tempus sit,1195
1196,1152,non ligula,1196
1197,1203,ipsum primis,1197
1198,1116,luctus nec molestie sed justo,1198
1199,167,vulputate vitae nisl,1199
1200,1370,congue eget,1200
1201,1164,mi nulla ac enim in,1201
1202,1418,nulla nunc,1202
1203,639,pharetra magna vestibulum aliquet ultrices,1203
1204,1984,quis libero nullam sit,1204
1205,1080,suspendisse potenti,1205
1206,104,risus praesent lectus,1206
1207,1643,libero quis orci nullam,1207
1208,1722,nullam sit,1208
1209,1250,amet justo morbi,1209
1210,1335,non pretium quis lectus,1210
1211,1031,faucibus accumsan odio curabitur,1211
1212,751,lectus pellentesque,1212
1213,637,in lectus pellentesque at,1213
1214,1330,dictumst aliquam augue quam sollicitudin,1214
1215,1833,enim sit amet,1215
1216,1899,convallis tortor risus dapibus,1216
1217,1483,consequat ut,1217
1218,786,curabitur in libero ut massa,1218
1219,636,scelerisque mauris,1219
1220,1252,id nisl,1220
1221,560,ultrices posuere,1221
1222,135,cursus urna ut,1222
1223,1254,lorem ipsum dolor sit amet,1223
1224,1351,a suscipit,1224
1225,1695,eu est congue elementum,1225
1226,1424,et commodo vulputate justo in,1226
1227,1864,volutpat dui maecenas,1227
1228,1056,semper porta,1228
1229,1948,amet turpis,1229
1230,1787,fusce consequat,1230
1231,1875,metus aenean fermentum donec ut,1231
1232,335,a feugiat,1232
1233,116,nulla quisque arcu libero rutrum,1233
1234,1987,urna ut tellus,1234
1235,1602,dui vel sem,1235
1236,193,donec semper sapien,1236
1237,707,pede venenatis non,1237
1238,1833,luctus ultricies eu,1238
1239,1006,ut ultrices vel,1239
1240,826,a odio in hac,1240
1241,1995,fermentum justo,1241
1242,485,semper porta,1242
1243,1452,vitae mattis nibh,1243
1244,73,feugiat non pretium,1244
1245,1600,cras pellentesque volutpat dui maecenas,1245
1246,297,aliquam augue quam,1246
1247,1290,congue vivamus metus arcu adipiscing,1247
1248,1697,aliquet pulvinar sed nisl,1248
1249,1663,tortor duis,1249
1250,804,ultrices posuere cubilia curae donec,1250
1251,667,non sodales sed tincidunt eu,1251
1252,1616,sed augue aliquam,1252
1253,507,nulla integer,1253
1254,473,augue vel accumsan tellus nisi,1254
1255,201,ante ipsum primis in faucibus,1255
1256,618,dui vel,1256
1257,1832,amet sapien dignissim vestibulum vestibulum,1257
1258,1698,vitae consectetuer,1258
1259,625,in tempor turpis nec,1259
1260,31,turpis a,1260
1261,92,in tempor turpis nec,1261
1262,845,arcu adipiscing molestie,1262
1263,1206,ac tellus,1263
1264,1301,quis odio consequat,1264
1265,911,turpis sed ante vivamus tortor,1265
1266,1344,cubilia curae mauris viverra diam,1266
1267,733,quam turpis,1267
1268,1258,et tempus semper est quam,1268
1269,1672,pede justo,1269
1270,1500,laoreet ut rhoncus aliquet pulvinar,1270
1271,567,faucibus accumsan odio curabitur convallis,1271
1272,1306,et tempus,1272
1273,1998,placerat praesent blandit,1273
1274,443,non velit nec nisi vulputate,1274
1275,482,in quam,1275
1276,1042,est lacinia nisi venenatis tristique,1276
1277,1847,elementum ligula vehicula consequat,1277
1278,1189,pretium quis lectus suspendisse,1278
1279,1665,pellentesque at nulla suspendisse potenti,1279
1280,1947,augue quam sollicitudin vitae,1280
1281,330,lacus curabitur,1281
1282,82,rutrum ac,1282
1283,60,mattis pulvinar,1283
1284,231,sit amet diam in magna,1284
1285,175,aliquet pulvinar sed nisl,1285
1286,1884,platea dictumst morbi vestibulum,1286
1287,745,enim in tempor turpis,1287
1288,147,eget tincidunt eget tempus vel,1288
1289,1962,interdum eu tincidunt,1289
1290,281,rhoncus aliquet pulvinar sed,1290
1291,1275,quis libero,1291
1292,633,lacus at turpis donec posuere,1292
1293,1719,nisl venenatis lacinia,1293
1294,541,justo morbi ut odio cras,1294
1295,1555,elementum ligula vehicula consequat,1295
1296,454,turpis donec posuere,1296
1297,1763,in hac habitasse,1297
1298,1809,massa donec dapibus duis at,1298
1299,1057,primis in faucibus orci,1299
1300,1327,pede posuere nonummy,1300
1301,785,non sodales sed tincidunt eu,1301
1302,119,sit amet eros suspendisse accumsan,1302
1303,234,eu orci,1303
1304,1432,quam fringilla rhoncus mauris,1304
1305,1292,ipsum ac tellus semper interdum,1305
1306,859,dolor sit amet consectetuer,1306
1307,1832,erat vestibulum,1307
1308,1493,blandit mi in porttitor pede,1308
1309,794,cubilia curae donec pharetra magna,1309
1310,1725,metus aenean fermentum donec ut,1310
1311,610,eget eros,1311
1312,490,tristique tortor,1312
1313,664,vitae quam,1313
1314,253,mauris laoreet,1314
1315,587,nulla tempus,1315
1316,791,eu mi nulla ac enim,1316
1317,1177,non pretium,1317
1318,1029,aliquet massa id lobortis convallis,1318
1319,300,proin eu,1319
1320,601,maecenas tristique est et tempus,1320
1321,463,pede justo lacinia eget,1321
1322,809,imperdiet sapien urna pretium nisl,1322
1323,1286,aliquam erat,1323
1324,761,nullam molestie nibh in,1324
1325,196,in faucibus orci,1325
1326,1277,sociis natoque,1326
1327,1329,volutpat quam pede,1327
1328,597,elementum pellentesque quisque,1328
1329,486,vitae quam,1329
1330,1393,quis tortor id,1330
1331,941,non mauris morbi non lectus,1331
1332,1864,dolor morbi,1332
1333,1635,nulla integer pede justo,1333
1334,1636,sapien non mi integer,1334
1335,408,volutpat erat quisque,1335
1336,1998,erat curabitur,1336
1337,154,nascetur ridiculus mus,1337
1338,1803,quisque arcu libero rutrum,1338
1339,121,accumsan tellus nisi eu orci,1339
1340,1866,at velit vivamus,1340
1341,676,justo sollicitudin ut suscipit a,1341
1342,1701,dapibus nulla suscipit ligula in,1342
1343,1272,arcu libero rutrum ac lobortis,1343
1344,1676,a odio in,1344
1345,1564,accumsan tortor quis turpis,1345
1346,1365,hac habitasse platea dictumst,1346
1347,1990,praesent blandit,1347
1348,134,euismod scelerisque,1348
1349,357,nulla mollis molestie,1349
1350,400,vestibulum vestibulum,1350
1351,74,nulla ac,1351
1352,53,lorem ipsum,1352
1353,963,curae duis faucibus accumsan odio,1353
1354,1849,quisque arcu,1354
1355,306,et ultrices posuere cubilia,1355
1356,359,lectus pellentesque eget nunc,1356
1357,1469,sapien non mi,1357
1358,1555,phasellus id,1358
1359,806,posuere metus,1359
1360,1168,amet eleifend,1360
1361,1809,sit amet,1361
1362,534,nascetur ridiculus mus vivamus vestibulum,1362
1363,1476,rhoncus aliquet pulvinar,1363
1364,1673,turpis a,1364
1365,1568,euismod scelerisque,1365
1366,1738,augue vestibulum rutrum,1366
1367,1249,ipsum primis in faucibus orci,1367
1368,1404,augue vestibulum ante ipsum,1368
1369,1311,laoreet ut rhoncus aliquet,1369
1370,79,dignissim vestibulum vestibulum,1370
1371,1602,vestibulum sagittis sapien,1371
1372,1673,purus phasellus in felis donec,1372
1373,163,id mauris vulputate elementum nullam,1373
1374,1193,consectetuer eget,1374
1375,1171,massa id nisl venenatis,1375
1376,1827,congue risus semper porta,1376
1377,814,sed nisl nunc rhoncus,1377
1378,286,vulputate nonummy maecenas,1378
1379,676,sit amet justo,1379
1380,1434,sem mauris laoreet ut,1380
1381,871,justo etiam pretium iaculis,1381
1382,1656,ac consequat metus sapien ut,1382
1383,228,aenean lectus pellentesque eget nunc,1383
1384,1060,duis ac nibh fusce lacus,1384
1385,319,vestibulum ante ipsum primis,1385
1386,1900,platea dictumst maecenas ut,1386
1387,706,orci pede venenatis non,1387
1388,1577,est congue elementum in,1388
1389,1587,fermentum justo nec condimentum,1389
1390,1822,nunc viverra dapibus nulla,1390
1391,23,in congue etiam,1391
1392,30,morbi non quam nec,1392
1393,712,erat eros viverra eget,1393
1394,136,quis turpis sed ante vivamus,1394
1395,1029,auctor gravida sem,1395
1396,1440,praesent blandit nam,1396
1397,1005,leo maecenas pulvinar lobortis,1397
1398,935,ultrices posuere,1398
1399,527,purus phasellus,1399
1400,1537,hac habitasse,1400
1401,178,eu massa donec dapibus,1401
1402,725,ante nulla,1402
1403,1448,aenean lectus,1403
1404,1524,porttitor lacus at turpis donec,1404
1405,576,morbi non lectus,1405
1406,108,nulla pede,1406
1407,1001,eget vulputate ut ultrices,1407
1408,1037,ut erat curabitur,1408
1409,1420,penatibus et magnis,1409
1410,1666,dapibus augue vel,1410
1411,1969,iaculis congue vivamus,1411
1412,823,in quam fringilla,1412
1413,1798,lectus vestibulum quam sapien,1413
1414,765,nulla ac,1414
1415,1726,massa id lobortis,1415
1416,745,id consequat in consequat ut,1416
1417,715,eros viverra eget congue eget,1417
1418,1688,vivamus metus,1418
1419,1581,id ligula,1419
1420,535,lectus suspendisse potenti in eleifend,1420
1421,800,dapibus nulla suscipit ligula,1421
1422,1454,amet eleifend pede libero,1422
1423,305,lacus curabitur at ipsum ac,1423
1424,1582,at feugiat,1424
1425,198,in consequat,1425
1426,1120,quisque porta volutpat erat quisque,1426
1427,1997,velit eu est,1427
1428,626,lobortis vel dapibus at diam,1428
1429,997,cum sociis natoque penatibus,1429
1430,1331,morbi vel lectus in quam,1430
1431,82,eu sapien cursus vestibulum,1431
1432,477,id massa id nisl venenatis,1432
1433,816,porttitor lacus,1433
1434,111,condimentum curabitur in libero ut,1434
1435,286,consectetuer adipiscing elit proin risus,1435
1436,113,odio curabitur convallis,1436
1437,1409,laoreet ut,1437
1438,791,duis bibendum morbi non quam,1438
1439,371,elit proin interdum,1439
1440,1739,sed accumsan felis ut,1440
1441,1137,metus sapien ut nunc vestibulum,1441
1442,846,praesent blandit nam nulla,1442
1443,770,mauris ullamcorper purus sit,1443
1444,103,elementum nullam varius,1444
1445,339,montes nascetur ridiculus mus,1445
1446,391,ullamcorper purus sit,1446
1447,155,vestibulum sed magna,1447
1448,1514,ligula nec sem duis,1448
1449,1141,lobortis convallis tortor risus,1449
1450,1346,purus aliquet at feugiat non,1450
1451,1864,tincidunt nulla mollis,1451
1452,1193,nibh in quis,1452
1453,1846,elementum pellentesque quisque porta volutpat,1453
1454,164,nulla sed,1454
1455,1105,mi in,1455
1456,1001,ornare consequat,1456
1457,654,integer tincidunt ante vel ipsum,1457
1458,804,pharetra magna vestibulum aliquet ultrices,1458
1459,88,sed nisl nunc rhoncus,1459
1460,1208,non lectus aliquam sit amet,1460
1461,113,amet lobortis sapien sapien non,1461
1462,1589,sem praesent id,1462
1463,924,amet nunc,1463
1464,769,pede morbi porttitor,1464
1465,1244,eu massa,1465
1466,1150,mattis odio donec vitae nisi,1466
1467,1335,dui maecenas tristique est et,1467
1468,1127,pellentesque eget nunc donec quis,1468
1469,932,ipsum ac tellus,1469
1470,1787,id turpis integer aliquet massa,1470
1471,1588,dui vel nisl duis ac,1471
1472,916,scelerisque quam,1472
1473,600,potenti nullam porttitor lacus,1473
1474,1622,orci vehicula condimentum curabitur,1474
1475,343,quis justo,1475
1476,1723,ultrices phasellus,1476
1477,835,dignissim vestibulum,1477
1478,2,nisl nunc rhoncus,1478
1479,24,velit eu est congue elementum,1479
1480,1927,nibh in,1480
1481,1598,duis faucibus accumsan odio curabitur,1481
1482,1454,lacus at turpis,1482
1483,206,eget vulputate ut ultrices vel,1483
1484,1644,luctus et,1484
1485,1926,potenti nullam,1485
1486,1285,leo pellentesque,1486
1487,1405,vitae ipsum aliquam non mauris,1487
1488,1946,dolor vel,1488
1489,675,pellentesque ultrices phasellus id,1489
1490,1343,sit amet turpis elementum ligula,1490
1491,849,phasellus sit amet,1491
1492,1525,imperdiet et commodo vulputate justo,1492
1493,1896,a libero nam dui,1493
1494,1243,luctus tincidunt nulla mollis molestie,1494
1495,999,vestibulum quam sapien varius ut,1495
1496,1105,leo odio condimentum id,1496
1497,1145,ultrices phasellus id sapien in,1497
1498,1412,arcu sed augue aliquam erat,1498
1499,468,tellus in sagittis,1499
1500,1700,dapibus at diam nam,1500
1501,1051,eget nunc donec,1501
1502,618,integer ac,1502
1503,780,pede posuere nonummy,1503
1504,334,habitasse platea dictumst aliquam augue,1504
1505,291,nullam orci pede,1505
1506,198,morbi vel,1506
1507,1025,donec semper sapien a,1507
1508,1846,scelerisque quam turpis adipiscing lorem,1508
1509,617,eros vestibulum ac est lacinia,1509
1510,982,morbi non quam,1510
1511,334,sapien quis libero nullam sit,1511
1512,719,in faucibus,1512
1513,34,tincidunt ante vel,1513
1514,753,magna vulputate,1514
1515,1369,ut erat curabitur,1515
1516,1805,dapibus dolor vel,1516
1517,830,nulla ac enim in tempor,1517
1518,619,odio in hac,1518
1519,496,vestibulum proin eu mi,1519
1520,1070,pellentesque viverra pede ac diam,1520
1521,232,in quam,1521
1522,1880,placerat praesent blandit,1522
1523,986,penatibus et magnis dis,1523
1524,1554,sit amet nunc viverra dapibus,1524
1525,1123,ut suscipit a,1525
1526,1502,eget tempus vel,1526
1527,1446,justo aliquam quis turpis eget,1527
1528,1696,lectus vestibulum quam sapien,1528
1529,1285,amet nunc,1529
1530,1195,natoque penatibus et,1530
1531,1920,odio justo sollicitudin ut suscipit,1531
1532,1315,ultrices posuere cubilia curae mauris,1532
1533,719,mi pede malesuada,1533
1534,1455,eget congue eget semper,1534
1535,1723,sem mauris laoreet,1535
1536,1363,diam cras,1536
1537,219,adipiscing elit proin,1537
1538,1580,lectus vestibulum,1538
1539,143,amet eleifend pede libero,1539
1540,1623,ac tellus semper,1540
1541,1785,luctus et ultrices posuere cubilia,1541
1542,797,magna bibendum imperdiet,1542
1543,1695,sed tristique in tempus,1543
1544,196,in quis justo maecenas rhoncus,1544
1545,54,quam pharetra magna ac,1545
1546,1903,orci vehicula condimentum curabitur,1546
1547,555,pede justo eu massa donec,1547
1548,427,condimentum curabitur,1548
1549,538,non interdum in,1549
1550,1057,vulputate elementum nullam varius,1550
1551,610,duis consequat dui nec nisi,1551
1552,1142,sapien arcu sed augue aliquam,1552
1553,280,sociis natoque,1553
1554,1233,volutpat erat quisque erat eros,1554
1555,839,vehicula condimentum curabitur in,1555
1556,833,accumsan felis ut at,1556
1557,1616,faucibus cursus urna,1557
1558,1759,nullam varius nulla facilisi,1558
1559,1784,morbi sem mauris laoreet ut,1559
1560,839,vestibulum vestibulum ante ipsum,1560
1561,1493,nullam orci pede venenatis non,1561
1562,588,bibendum imperdiet nullam orci pede,1562
1563,1190,tellus in sagittis dui vel,1563
1564,204,a odio in,1564
1565,1984,in hac habitasse,1565
1566,1642,arcu sed,1566
1567,305,ac neque duis,1567
1568,87,nulla dapibus dolor vel est,1568
1569,1284,magna bibendum,1569
1570,903,interdum mauris non,1570
1571,1551,lorem quisque ut erat,1571
1572,1423,vestibulum rutrum,1572
1573,910,lobortis ligula,1573
1574,1519,in eleifend quam a odio,1574
1575,26,lacus morbi sem mauris,1575
1576,1509,quisque arcu,1576
1577,1475,hac habitasse,1577
1578,1038,nec euismod scelerisque quam,1578
1579,1452,eget semper rutrum nulla,1579
1580,1198,pede libero,1580
1581,1469,eget elit sodales scelerisque mauris,1581
1582,92,pellentesque at nulla,1582
1583,896,platea dictumst etiam faucibus,1583
1584,1815,interdum mauris non,1584
1585,1918,nulla integer pede justo,1585
1586,1602,ut blandit,1586
1587,1025,volutpat quam pede,1587
1588,1694,feugiat et eros vestibulum,1588
1589,666,hendrerit at,1589
1590,1188,eros suspendisse,1590
1591,1232,faucibus accumsan odio,1591
1592,434,tincidunt eu felis,1592
1593,1547,lacinia eget,1593
1594,252,urna pretium,1594
1595,1487,quisque id justo sit amet,1595
1596,675,vulputate vitae,1596
1597,1785,sit amet,1597
1598,354,sapien placerat ante nulla,1598
1599,1797,eleifend donec ut,1599
1600,528,ultrices phasellus,1600
1601,817,sit amet,1601
1602,14,in felis donec,1602
1603,651,elementum eu interdum eu,1603
1604,1232,vestibulum quam sapien varius,1604
1605,608,eu mi nulla ac enim,1605
1606,1847,vel pede,1606
1607,867,interdum eu tincidunt in,1607
1608,1862,purus aliquet,1608
1609,1502,amet nulla quisque,1609
1610,1521,libero non mattis pulvinar nulla,1610
1611,327,in faucibus orci luctus,1611
1612,504,vestibulum ante ipsum primis in,1612
1613,459,malesuada in,1613
1614,1419,in blandit ultrices,1614
1615,1834,at turpis donec posuere metus,1615
1616,1216,cras mi,1616
1617,1909,nibh ligula nec,1617
1618,471,convallis duis consequat dui,1618
1619,1888,quis libero nullam,1619
1620,1085,placerat praesent blandit nam nulla,1620
1621,577,in sapien iaculis congue,1621
1622,1407,in leo,1622
1623,486,odio odio elementum eu interdum,1623
1624,849,donec dapibus duis at velit,1624
1625,159,a suscipit nulla,1625
1626,1548,pellentesque eget,1626
1627,1111,ultrices erat tortor sollicitudin mi,1627
1628,548,nunc vestibulum ante,1628
1629,1967,mauris vulputate elementum nullam varius,1629
1630,540,donec diam,1630
1631,756,et commodo,1631
1632,1632,iaculis diam erat fermentum,1632
1633,282,luctus tincidunt nulla mollis,1633
1634,480,mauris eget,1634
1635,553,suspendisse potenti in eleifend,1635
1636,987,vel lectus in quam fringilla,1636
1637,1089,vitae nisl aenean,1637
1638,1201,curae duis faucibus accumsan odio,1638
1639,480,est et tempus semper est,1639
1640,771,platea dictumst,1640
1641,1297,quis turpis sed ante,1641
1642,212,tortor duis mattis,1642
1643,1621,convallis tortor risus,1643
1644,1635,adipiscing molestie hendrerit at,1644
1645,10,a ipsum,1645
1646,899,pellentesque ultrices,1646
1647,1170,est lacinia nisi,1647
1648,1109,aenean fermentum donec ut mauris,1648
1649,878,vel nisl,1649
1650,1319,porttitor id,1650
1651,740,platea dictumst,1651
1652,1234,lobortis sapien,1652
1653,1433,sapien dignissim,1653
1654,436,amet nulla quisque arcu libero,1654
1655,1322,a suscipit,1655
1656,73,dictumst morbi vestibulum velit id,1656
1657,1941,sed tincidunt eu felis,1657
1658,1517,curabitur gravida nisi,1658
1659,319,lectus in quam,1659
1660,700,vehicula condimentum curabitur in,1660
1661,1913,accumsan tellus nisi,1661
1662,1120,sapien quis,1662
1663,634,nulla nisl,1663
1664,1629,dolor sit amet consectetuer,1664
1665,1293,sollicitudin vitae consectetuer eget,1665
1666,1968,ante ipsum primis in,1666
1667,1517,aliquet at feugiat,1667
1668,1124,adipiscing elit proin interdum,1668
1669,559,potenti nullam porttitor lacus at,1669
1670,834,lacinia erat vestibulum,1670
1671,1861,nulla integer pede,1671
1672,309,sollicitudin vitae consectetuer eget rutrum,1672
1673,488,orci nullam molestie nibh in,1673
1674,219,ultricies eu,1674
1675,1082,sapien sapien non,1675
1676,678,eleifend quam a odio,1676
1677,301,curabitur convallis duis consequat dui,1677
1678,884,et commodo vulputate justo in,1678
1679,582,morbi a ipsum integer,1679
1680,1142,vestibulum sit amet,1680
1681,585,semper rutrum nulla nunc purus,1681
1682,522,quam pede lobortis,1682
1683,1313,sit amet nulla,1683
1684,1947,eget vulputate,1684
1685,890,maecenas rhoncus aliquam,1685
1686,1735,a pede,1686
1687,632,amet sem,1687
1688,1418,orci nullam molestie nibh,1688
1689,390,ut nunc vestibulum ante ipsum,1689
1690,231,imperdiet nullam,1690
1691,1951,nec euismod scelerisque quam,1691
1692,343,ac est lacinia,1692
1693,363,sodales scelerisque mauris sit,1693
1694,1814,vel accumsan tellus,1694
1695,1159,dictumst aliquam augue,1695
1696,892,luctus et ultrices posuere cubilia,1696
1697,1974,varius ut blandit non interdum,1697
1698,354,penatibus et,1698
1699,1549,orci luctus,1699
1700,1852,consectetuer adipiscing,1700
1701,904,a nibh,1701
1702,1555,hac habitasse platea dictumst morbi,1702
1703,648,odio curabitur convallis,1703
1704,32,vivamus metus arcu adipiscing molestie,1704
1705,1537,integer non,1705
1706,1952,ligula vehicula consequat morbi a,1706
1707,243,lectus vestibulum,1707
1708,993,quisque ut,1708
1709,369,sed vel enim,1709
1710,973,nec euismod,1710
1711,1031,interdum venenatis,1711
1712,928,interdum eu tincidunt in leo,1712
1713,58,nulla mollis molestie lorem quisque,1713
1714,921,duis faucibus accumsan odio curabitur,1714
1715,318,turpis enim blandit mi,1715
1716,1460,ac consequat metus,1716
1717,933,odio elementum,1717
1718,462,in consequat ut,1718
1719,229,nulla ac enim in,1719
1720,772,quis orci nullam,1720
1721,1293,vulputate justo in,1721
1722,771,primis in faucibus orci luctus,1722
1723,564,tempus vivamus,1723
1724,149,platea dictumst morbi vestibulum velit,1724
1725,1241,suspendisse potenti in eleifend,1725
1726,398,lectus pellentesque eget nunc,1726
1727,474,duis bibendum,1727
1728,404,tortor quis turpis sed,1728
1729,1250,tristique tortor,1729
1730,940,nec condimentum,1730
1731,1416,aenean sit,1731
1732,1918,ipsum dolor sit amet consectetuer,1732
1733,1537,convallis eget eleifend,1733
1734,1195,sed justo,1734
1735,1849,odio elementum eu,1735
1736,1973,facilisi cras non,1736
1737,363,potenti cras in purus,1737
1738,749,vel augue vestibulum,1738
1739,685,condimentum neque sapien placerat ante,1739
1740,306,augue luctus tincidunt nulla,1740
1741,288,neque sapien placerat ante,1741
1742,1649,sapien placerat,1742
1743,24,nulla facilisi cras non velit,1743
1744,1912,imperdiet nullam orci,1744
1745,1234,nisl nunc nisl duis bibendum,1745
1746,1415,lobortis sapien sapien non,1746
1747,913,lorem vitae,1747
1748,618,nulla suscipit ligula in lacus,1748
1749,1992,egestas metus aenean fermentum,1749
1750,1658,integer non velit donec diam,1750
1751,1759,justo aliquam quis turpis,1751
1752,1771,purus eu,1752
1753,750,eget semper,1753
1754,1229,turpis integer,1754
1755,1167,odio curabitur,1755
1756,715,tortor eu,1756
1757,273,duis bibendum morbi non,1757
1758,1416,ut tellus nulla ut erat,1758
1759,324,euismod scelerisque quam,1759
1760,414,ante ipsum primis in,1760
1761,681,suspendisse potenti in eleifend,1761
1762,301,metus sapien ut nunc vestibulum,1762
1763,559,donec ut,1763
1764,689,tristique in,1764
1765,875,purus aliquet at,1765
1766,685,laoreet ut rhoncus,1766
1767,1106,eu mi nulla ac enim,1767
1768,739,tempus vivamus in felis eu,1768
1769,211,metus vitae ipsum,1769
1770,1688,sit amet erat nulla tempus,1770
1771,259,at nunc commodo,1771
1772,1089,amet justo,1772
1773,1556,molestie lorem quisque,1773
1774,1539,quis orci,1774
1775,1322,nunc viverra dapibus,1775
1776,610,nisi venenatis tristique fusce congue,1776
1777,1406,lobortis ligula sit,1777
1778,1649,vestibulum ac est,1778
1779,1505,pulvinar nulla pede ullamcorper augue,1779
1780,337,non mi,1780
1781,41,posuere metus vitae ipsum aliquam,1781
1782,600,cubilia curae mauris viverra diam,1782
1783,764,erat eros,1783
1784,1500,in felis eu,1784
1785,634,tincidunt lacus at velit vivamus,1785
1786,959,nulla tempus vivamus in felis,1786
1787,216,sed lacus morbi sem mauris,1787
1788,112,ridiculus mus etiam vel augue,1788
1789,1997,tristique fusce congue,1789
1790,29,vestibulum velit id,1790
1791,1631,suscipit ligula in,1791
1792,868,pellentesque eget nunc donec quis,1792
1793,1354,accumsan tortor quis,1793
1794,657,lacus curabitur at ipsum ac,1794
1795,1551,faucibus accumsan odio curabitur convallis,1795
1796,906,vulputate elementum,1796
1797,807,quam a,1797
1798,1174,suscipit ligula in lacus,1798
1799,1106,ac nulla sed vel enim,1799
1800,1591,sapien varius ut blandit non,1800
1801,258,blandit mi in porttitor pede,1801
1802,1922,nulla pede ullamcorper,1802
1803,1172,cubilia curae,1803
1804,1122,augue vestibulum,1804
1805,393,donec dapibus duis at,1805
1806,1218,in faucibus,1806
1807,1273,nulla ac enim in tempor,1807
1808,1236,sit amet,1808
1809,1039,faucibus orci luctus et ultrices,1809
1810,1003,purus aliquet at feugiat,1810
1811,1110,dapibus nulla suscipit ligula in,1811
1812,1078,dui nec,1812
1813,1673,tortor duis mattis egestas metus,1813
1814,1618,eros elementum,1814
1815,129,in congue etiam justo etiam,1815
1816,856,nunc vestibulum ante ipsum primis,1816
1817,210,velit vivamus vel,1817
1818,220,potenti cras in purus eu,1818
1819,819,justo etiam,1819
1820,1108,diam vitae quam,1820
1821,1150,ac nulla sed vel,1821
1822,1093,eget tincidunt eget tempus,1822
1823,1067,enim sit amet,1823
1824,1150,tempus semper est quam pharetra,1824
1825,1698,non quam,1825
1826,1405,maecenas rhoncus aliquam lacus morbi,1826
1827,1732,lacinia eget tincidunt,1827
1828,1637,tortor quis turpis sed,1828
1829,1541,lacinia nisi,1829
1830,1845,curabitur at,1830
1831,1810,sapien varius ut blandit non,1831
1832,34,habitasse platea dictumst,1832
1833,559,sit amet lobortis,1833
1834,1581,pretium quis lectus,1834
1835,829,mauris eget massa tempor,1835
1836,727,cursus urna ut tellus nulla,1836
1837,707,nulla eget eros,1837
1838,972,diam id,1838
1839,152,lectus aliquam,1839
1840,214,ligula suspendisse,1840
1841,113,iaculis diam erat fermentum justo,1841
1842,1851,vulputate luctus,1842
1843,562,curae duis faucibus,1843
1844,257,nascetur ridiculus mus etiam,1844
1845,1601,magnis dis parturient montes nascetur,1845
1846,1700,rhoncus aliquam lacus morbi,1846
1847,328,quam turpis adipiscing lorem,1847
1848,1207,imperdiet nullam orci,1848
1849,708,rutrum rutrum neque aenean,1849
1850,1980,ut nulla sed accumsan felis,1850
1851,959,ligula vehicula consequat morbi,1851
1852,1245,in hac habitasse platea dictumst,1852
1853,473,dui maecenas,1853
1854,691,pellentesque ultrices phasellus,1854
1855,710,cubilia curae duis faucibus accumsan,1855
1856,1614,congue eget semper rutrum,1856
1857,1783,consequat metus sapien ut nunc,1857
1858,1316,justo maecenas rhoncus aliquam lacus,1858
1859,238,tempor turpis nec euismod scelerisque,1859
1860,56,et eros vestibulum,1860
1861,1955,ultrices posuere cubilia curae,1861
1862,596,in quam fringilla,1862
1863,1458,quam a,1863
1864,891,tincidunt ante vel ipsum,1864
1865,1455,nisi vulputate nonummy,1865
1866,1065,et commodo vulputate justo,1866
1867,258,sagittis sapien cum sociis,1867
1868,1054,eget tempus vel,1868
1869,49,aenean lectus pellentesque eget,1869
1870,1584,non mi integer ac neque,1870
1871,1802,eu massa donec dapibus duis,1871
1872,1259,urna pretium nisl ut,1872
1873,1553,pellentesque eget nunc,1873
1874,408,laoreet ut rhoncus aliquet,1874
1875,137,vestibulum ante ipsum primis,1875
1876,604,nec molestie sed justo,1876
1877,1839,sit amet consectetuer adipiscing,1877
1878,703,nonummy integer non,1878
1879,59,augue vel accumsan,1879
1880,1738,eu mi nulla,1880
1881,1751,volutpat dui,1881
1882,983,parturient montes nascetur ridiculus,1882
1883,231,leo rhoncus,1883
1884,221,donec ut mauris eget massa,1884
1885,1054,ultrices aliquet,1885
1886,1645,in felis donec semper,1886
1887,89,leo pellentesque,1887
1888,418,nec sem duis aliquam convallis,1888
1889,379,sem sed sagittis,1889
1890,1526,leo pellentesque ultrices mattis,1890
1891,1922,sapien non mi integer ac,1891
1892,1,elementum eu interdum,1892
1893,56,nisl ut volutpat sapien,1893
1894,302,turpis enim blandit,1894
1895,1006,montes nascetur ridiculus mus vivamus,1895
1896,1415,ut erat curabitur gravida,1896
1897,754,aenean lectus pellentesque eget nunc,1897
1898,872,quam sapien,1898
1899,312,sit amet cursus,1899
1900,193,cubilia curae,1900
1901,620,neque libero convallis eget eleifend,1901
1902,952,vestibulum sagittis sapien,1902
1903,380,id luctus nec,1903
1904,15,nisl aenean,1904
1905,662,amet consectetuer adipiscing elit proin,1905
1906,313,sit amet,1906
1907,1726,tempus semper,1907
1908,792,tempus sit,1908
1909,413,pharetra magna vestibulum,1909
1910,893,tristique in,1910
1911,1728,quam sapien,1911
1912,202,arcu sed augue aliquam,1912
1913,817,maecenas tristique est,1913
1914,1265,interdum in,1914
1915,489,mauris laoreet ut rhoncus,1915
1916,1271,facilisi cras non velit,1916
1917,1913,consectetuer eget rutrum,1917
1918,1755,varius nulla facilisi cras non,1918
1919,1396,varius integer,1919
1920,642,lacus at,1920
1921,955,vulputate luctus,1921
1922,447,erat fermentum justo nec,1922
1923,909,et ultrices posuere cubilia,1923
1924,1304,diam vitae quam,1924
1925,849,purus phasellus in,1925
1926,910,massa id lobortis convallis tortor,1926
1927,74,sit amet consectetuer adipiscing,1927
1928,910,fusce posuere felis,1928
1929,495,vitae quam suspendisse,1929
1930,63,congue risus semper porta,1930
1931,1715,non lectus,1931
1932,1552,pharetra magna vestibulum,1932
1933,1605,fusce lacus,1933
1934,717,venenatis lacinia aenean sit,1934
1935,1151,congue risus,1935
1936,1130,lectus pellentesque,1936
1937,238,habitasse platea dictumst,1937
1938,920,in faucibus orci,1938
1939,1294,at turpis,1939
1940,1066,non sodales sed tincidunt,1940
1941,1252,mi nulla ac,1941
1942,989,proin leo odio porttitor,1942
1943,171,sociis natoque penatibus et magnis,1943
1944,1322,nulla suscipit ligula in lacus,1944
1945,1429,dui nec,1945
1946,1209,erat fermentum justo nec condimentum,1946
1947,1143,vel lectus in quam,1947
1948,984,cubilia curae,1948
1949,320,lectus pellentesque,1949
1950,1958,quam pharetra magna ac consequat,1950
1951,1813,accumsan tortor quis turpis,1951
1952,1586,odio consequat varius,1952
1953,1790,id turpis integer,1953
1954,1198,in tempor turpis nec euismod,1954
1955,652,nonummy integer,1955
1956,385,justo in hac,1956
1957,1124,quis libero nullam,1957
1958,1457,non pretium,1958
1959,1113,morbi odio odio elementum,1959
1960,1713,tincidunt in leo maecenas pulvinar,1960
1961,266,pharetra magna vestibulum aliquet,1961
1962,328,neque duis bibendum morbi,1962
1963,1574,blandit mi in porttitor pede,1963
1964,91,elit proin,1964
1965,1196,ante vivamus tortor duis,1965
1966,1535,sapien a libero nam,1966
1967,889,quis justo maecenas,1967
1968,369,duis bibendum,1968
1969,1739,cum sociis natoque penatibus et,1969
1970,1943,tortor id nulla,1970
1971,351,libero rutrum ac lobortis vel,1971
1972,887,velit vivamus,1972
1973,1080,etiam pretium iaculis justo,1973
1974,702,non mi integer ac,1974
1975,1327,venenatis non sodales sed,1975
1976,731,iaculis justo in hac,1976
1977,1569,erat quisque,1977
1978,1514,neque aenean auctor gravida sem,1978
1979,1788,cras non velit nec,1979
1980,1894,ac enim in,1980
1981,1309,semper porta volutpat,1981
1982,435,orci eget orci vehicula,1982
1983,1018,sagittis dui vel nisl duis,1983
1984,1041,felis sed lacus,1984
1985,1783,sit amet lobortis sapien,1985
1986,1758,sit amet sem fusce consequat,1986
1987,513,donec posuere,1987
1988,468,ut nulla sed accumsan felis,1988
1989,1638,ut nulla sed accumsan,1989
1990,1103,nunc vestibulum ante,1990
1991,1084,at feugiat non pretium,1991
1992,1725,in quis justo,1992
1993,54,at nibh in hac habitasse,1993
1994,485,maecenas pulvinar,1994
1995,1812,integer aliquet,1995
1996,691,ipsum dolor sit,1996
1997,1844,luctus et ultrices posuere,1997
1998,1945,lobortis convallis tortor,1998
1999,33,eleifend donec ut,1999
2000,1011,morbi ut,2000
