csm_sm_name,csm_u_username,csm_password
Avelinha,rreyes0,itX6x2Hn9AR
Bogale,cevans1,cPIdMhr7tXA
Langford,sgarza2,HZrvH6
Dongkan,bmorales3,KXkMiJEuH
Guaymango,mgray4,BiX9krOuNfE
Agara,jgeorge5,dw9Fk0qmhJ
Opoczno,agarrett6,9s53vleUgL
Novoorsk,fbutler7,Fep3vl13
Longshe,wgonzalez8,2Lh8WeB
Tutup,jsanders9,9NnfNfc4
Avelinha,tpiercea,8YpfkNG85Y
Bogale,kpalmerb,nwKJyI6NZ
Langford,tclarkc,yucqK6
Dongkan,amillerd,lqmP5UB
Guaymango,hweavere,YmibBNeZ
Agara,scunninghamf,c4kFkyVZjX
Opoczno,aparkerg,Jip76b
Novoorsk,jhunth,2hLbJw
Longshe,gfisheri,Wr759MaDJAjH
Tutup,cbrownj,mMdBlrBA
Avelinha,swilliamsk,bMJ1kITQVRci
Bogale,csimpsonl,CusTX5Qgh
Langford,gcunninghamm,Vy15ePKauY5I
Dongkan,scarrolln,TLOVwH
Guaymango,kramoso,G5ATeaVeoV
Agara,awardp,K97O5d3c
Opoczno,lgreeneq,PIJr91J
Novoorsk,lgrantr,86sdmNnwqW
Longshe,rspencers,GLe9vNNY9M
Tutup,jrileyt,elb6uOk
Avelinha,rlopezu,TvSV3uJzI
Bogale,dpowellv,fPcyIa
Langford,rdayw,yTbn8NJFGdW
Dongkan,jmeyerx,H8L4jH8x6
Guaymango,sdayy,TvgAILU
Agara,rkennedyz,WvgdOHUuJTh
Opoczno,mwest10,5mn1cnzAZeVK
Novoorsk,lmeyer11,VZAm98cKAsi7
Longshe,jmyers12,jd2C9CvQ
Tutup,cgrant13,d2D1x5fvP7
Avelinha,mmorris14,l1nZAoLFYgL
Bogale,rolson15,tnl0j4DUUH
Langford,wmedina16,WjHuAfN
Dongkan,elong17,TQnhQGSHA
Guaymango,awagner18,PROrF6PSf3
Agara,bsimpson19,5fwRrgb6gyf
Opoczno,ccarpenter1a,62V8q1
Novoorsk,pcruz1b,pGTUZtEf
Longshe,jhernandez1c,X59tqs6
Tutup,sreynolds1d,kNY4SXN
Avelinha,lgomez1e,WwDEs1QuPEl
Bogale,rthompson1f,FqkFiT
Langford,acarpenter1g,36Fg4yfK
Dongkan,dlane1h,XingGWPFs
Guaymango,aking1i,wgLEl0uiofLa
Agara,pchavez1j,ZgTiSHNIC5L
Opoczno,preid1k,NGUYSAlBKlAD
Novoorsk,skelley1l,pcEhOUedD0y
Longshe,jgonzalez1m,xzKhIJeC4G
Tutup,dtorres1n,8XxJE8MK5b
Avelinha,awillis1o,WN5iHVlMy
Bogale,bdiaz1p,HqjCx7ZJq
Langford,drice1q,j9FdIAnTKf6v
Dongkan,kstevens1r,e6pCwhiP
Guaymango,dhoward1s,duG75NP
Agara,aking1t,DaBqrbN
Opoczno,cdaniels1u,TCzAJqnkec
Novoorsk,mmorgan1v,3xOu1q6BD
Longshe,pramirez1w,wfLL5xqG
Tutup,kcarter1x,0KDXcpIi56z
Avelinha,pmatthews1y,y0O0nJmXAZ9
Bogale,mcollins1z,eswoPd67Pb
Langford,showell20,8JsuvzkP
Dongkan,kmeyer21,r3DWItrL
Guaymango,tsimpson22,qXKwQFhj
Agara,djenkins23,lItZAcUSAp6t
Opoczno,krice24,naBnurO2k
Novoorsk,rsmith25,1ByhA2yv
Longshe,ldixon26,TfyZ8liz
Tutup,cpeters27,wCubnwALFPY
Avelinha,kadams28,A2mhzR
Bogale,ekelly29,xQzTK95MNqT
Langford,nkelly2a,eVEPhKJp
Dongkan,jcook2b,smDN611
Guaymango,award2c,Y5JwUm
Agara,tedwards2d,jiRaIC5VZ
Opoczno,cevans2e,OLoIUrvnDGm
Novoorsk,pthompson2f,kbej5U3RWiSl
Longshe,bpatterson2g,oM9V91jCWr
Tutup,rnichols2h,TMrkmRjHN
Avelinha,smeyer2i,8kv45nS9zFV
Bogale,swatkins2j,7GpFiAR
Langford,ahamilton2k,yom6s8
Dongkan,eellis2l,yzrLnX
Guaymango,jgreene2m,EAyTY9D
Agara,lpierce2n,BsO2uo
Opoczno,awebb2o,NXzlQ2wyMuuu
Novoorsk,whawkins2p,1GcXm0VE3z
Longshe,jcarpenter2q,cwlLlasiZ
Tutup,wbennett2r,OEq95n2vV2aY
Avelinha,abryant2s,qhDBUM7A
Bogale,molson2t,4iX7Ebozx
Langford,hgilbert2u,9yQqXMm
Dongkan,mhill2v,WYXBTUO
Guaymango,pfrazier2w,Hui5sRc26NV
Agara,jmurphy2x,6VFFl1o
Opoczno,mhart2y,FdEbIi
Novoorsk,cmorrison2z,Lq39in5fZne
Longshe,rdiaz30,lbxWPkuA31Ku
Tutup,carnold31,VD99wfe
Avelinha,pnichols32,VnQ8YuT5T
Bogale,lcox33,Ltp0cQjDMgF
Langford,jberry34,Q65g0Yd
Dongkan,rscott35,m8B8aRV
Guaymango,cwhite36,9XZO42rKRCAP
Agara,jmontgomery37,5E2bn7cZeS
Opoczno,ballen38,UYA3p526aF8
Novoorsk,hcole39,558SIPjso6
Longshe,alarson3a,hjK6J1
Tutup,efrazier3b,no5Iomc8IVe
Avelinha,mfowler3c,fL5RGFOd
Bogale,ecook3d,GOowggXlRV
Langford,cwatkins3e,sQhm35oY
Dongkan,rstone3f,aphRbCK
Guaymango,fhayes3g,IOSqBuD0YEEi
Agara,rcastillo3h,azkK5Lf
Opoczno,cellis3i,BVBZEdRnd06i
Novoorsk,slawrence3j,02QWGRb
Longshe,acook3k,rUAoK4B2sRu
Tutup,sbennett3l,sjSd0D1t6PBh
Avelinha,rcarr3m,BeBHaLMB4
Bogale,dmills3n,5LTwOP
Langford,sramos3o,KplKiJPJ4
Dongkan,wrichardson3p,O4iRxr3JUzA
Guaymango,troberts3q,AwzZmojj
Agara,lrobertson3r,cduKGqmuXc
Opoczno,jwells3s,kpmw3P3
Novoorsk,mcrawford3t,WnsjunAVwWM
Longshe,mhanson3u,27xsoeEg6S
Tutup,tgray3v,nYqTH3W1HO
Avelinha,awood3w,RUSut5ETHT5A
Bogale,rgarza3x,Z3Cse7krkM0
Langford,bmitchell3y,RaaEPNZMko
Dongkan,daustin3z,rqE9z2Aq
Guaymango,jcollins40,KQdnzwrO23mX
Agara,rmorrison41,vM84Ab
Opoczno,mpalmer42,1J9wHHQCnYzo
Novoorsk,kmills43,cMK8wPI
Longshe,rbrown44,7POuYOr
Tutup,dsnyder45,a38zcEghM
Avelinha,jsims46,G4PvHR3
Bogale,mharrison47,BDAeAn92ua
Langford,tjohnston48,sym9eFJJFDwT
Dongkan,sreyes49,VyWNcWHbK8jJ
Guaymango,egilbert4a,IIQPbv
Agara,jspencer4b,wECd0VUo
Opoczno,dgomez4c,fIqttAs33k5m
Novoorsk,achavez4d,8zgJZbAZQ7
Longshe,cscott4e,vqD4FqQm
Tutup,rstevens4f,cVA305sik
Avelinha,rhenry4g,PFlQoOKP
Bogale,mhughes4h,K5BJPWmn
Langford,fcarr4i,cAGWymL
Dongkan,lnichols4j,j1f6FQ7
Guaymango,griley4k,RcMZA7mx
Agara,hday4l,W9jrc9x
Opoczno,dmeyer4m,okyKZg0bG
Novoorsk,rray4n,qOkHETTxvTv
Longshe,pellis4o,wOjqmJYu
Tutup,emendoza4p,T165mu1fgAL
Avelinha,agreene4q,6PUWha0
Bogale,wolson4r,nadDCRsg
Langford,sbrooks4s,r9qUKjdLj
Dongkan,pnguyen4t,nLk3M3H
Guaymango,awarren4u,mLWOV6
Agara,ayoung4v,H91eqCE57
Opoczno,egriffin4w,z3mWl6
Novoorsk,wcarroll4x,fMvruWOV
Longshe,wgardner4y,jAq7kurmMtUz
Tutup,bwashington4z,3umsBzCM
Avelinha,ctaylor50,zOKBLph5
Bogale,aryan51,SkeZlYX4TWO
Langford,mphillips52,zYUNZ2F0K
Dongkan,asullivan53,tqcfd8vQ
Guaymango,gstevens54,d7E0wc
Agara,nmorris55,3z7Z6O2
Opoczno,shayes56,8M1tZOWE
Novoorsk,cwatkins57,04WM9qmX
Longshe,jlee58,WIePlSEbMS
Tutup,jrichards59,R6tucT9W
Avelinha,kbennett5a,ejVVrUR
Bogale,cryan5b,Db9AIxInx
Langford,barmstrong5c,QbtQlkS4
Dongkan,pfisher5d,kO51wC6E8vM
Guaymango,knelson5e,WH8TwWK
Agara,dkennedy5f,j8zE954VFx
Opoczno,bhenderson5g,I5ibe4qW
Novoorsk,fsmith5h,jURYa5GzjtbI
Longshe,dbishop5i,7SUv0GJ1cYg8
Tutup,fpayne5j,zegmL0
Avelinha,sford5k,34maUe5u
Bogale,rgrant5l,vtJgxl8QdQF
Langford,bfox5m,ImNq5hl8En7
Dongkan,bhenderson5n,K2l31vu6y29p
Guaymango,cdunn5o,QMYSWtXM1
Agara,cpayne5p,I1ikhV
Opoczno,kolson5q,TV03wYMcdr
Novoorsk,kreid5r,chBR1EnMMSlX
Longshe,mfox5s,aERSB8rVD
Tutup,afreeman5t,8IcxVshi2
Avelinha,ptucker5u,1BPEpdBowjuI
Bogale,jduncan5v,g6MeUMNVp37B
Langford,rrice5w,bTIxSmN6o0
Dongkan,sgreene5x,LUmT9sgyy05
Guaymango,pfernandez5y,XAGWX1GAP
Agara,jadams5z,34aDUhmSzpG1
Opoczno,wray60,qcFM6c
Novoorsk,gtucker61,4z9wD39zeCma
Longshe,dhudson62,F4ZQznzdo
Tutup,brichards63,oQnPBYM8
Avelinha,dschmidt64,1MxEGG6wU8N6
Bogale,nduncan65,yb0dEG6el
Langford,ncampbell66,4L7DLtHGcn
Dongkan,rarmstrong67,sCfyNupRx
Guaymango,rbutler68,xZ6Tb1rE1S8
Agara,rholmes69,tZnIWbU
Opoczno,sholmes6a,GzPhYvog7f4
Novoorsk,storres6b,kaJMSwLul
Longshe,hmatthews6c,D476bjzs
Tutup,cmoreno6d,xjRUSx3H
Avelinha,nholmes6e,fTzzrkbegpkV
Bogale,cbaker6f,82f1zcb
Langford,jstone6g,TmmMU9aMZ5QT
Dongkan,alittle6h,UMPvu327
Guaymango,pgarza6i,FLTgog
Agara,elawrence6j,twVrQYs5M9
Opoczno,sriley6k,AFjFFERxYJA
Novoorsk,shunt6l,StaHK2D5I
Longshe,nreed6m,TexUJo5mc
Tutup,jwest6n,UA4p5w6C
Avelinha,pmatthews6o,rZ8tMSgqeR
Bogale,jhawkins6p,FEDAGGNoq
Langford,kstephens6q,SOxhLC
Dongkan,bmeyer6r,jG8j2wq
Guaymango,rholmes6s,y8CZePZCCChi
Agara,nellis6t,qIsNPCcSxCy
Opoczno,astanley6u,AMi1m0e
Novoorsk,wmason6v,G14Kh65
Longshe,karmstrong6w,glKpkw
Tutup,afernandez6x,zU794hlgXgUW
Avelinha,kryan6y,ugECtPR
Bogale,tray6z,o3WiNbTloTs8
Langford,erussell70,dnwmIW5WBCp8
Dongkan,shunter71,W3ALOt5jr
Guaymango,pcunningham72,7fWDl1oYnzPy
Agara,kferguson73,wQMtovJb
Opoczno,crice74,CHDPiuxabPnF
Novoorsk,elawrence75,j1u8FBjvGq
Longshe,tross76,yGG8s8V
Tutup,bknight77,EQWp1JDy4
Avelinha,tolson78,1jzoBk2
Bogale,lmyers79,G09k0iE6
Langford,tjames7a,I9tT0fLd93
Dongkan,lmartin7b,T5RPzHwjf4
Guaymango,eberry7c,7D8OvfoOQNdN
Agara,pryan7d,6SQlKzXx
Opoczno,cfuller7e,L5guRBpL
Novoorsk,lpalmer7f,6jIM6F
Longshe,cgomez7g,rKdSU7Tl1
Tutup,efrazier7h,sb5wd6fx
Avelinha,bhayes7i,RzrjCbkL4yIj
Bogale,mwright7j,cZueTMEFNBL
Langford,sfreeman7k,JZCzDzI6DUth
Dongkan,cbailey7l,i5Q02W
Guaymango,tgardner7m,wmeIZ8srLvt
Agara,ahill7n,ZpJ74LjN5
Opoczno,pmorales7o,2IvyF2LrI7F
Novoorsk,shawkins7p,lkJ88Dm1d
Longshe,jhicks7q,w27FKPIvRE
Tutup,hlong7r,vAcPSPN4NI4N
Avelinha,hmiller7s,xd4sI5rB
Bogale,kwilliams7t,dAGAPBbWtZz
Langford,aford7u,M3veT8
Dongkan,lharrison7v,nf7nN3E6p
Guaymango,erose7w,1EVxyubucF
Agara,rgreen7x,3z7MPYFueFa
Opoczno,jrogers7y,giSxqY79
Novoorsk,kgomez7z,QjSbd6jWppy0
Longshe,mkennedy80,bscAb8eV7a
Tutup,ireyes81,YJwnwXj5148
Avelinha,gkennedy82,mX9a9tj
Bogale,cflores83,s8qozRN4AuJ2
Langford,amedina84,tN4zxKHv
Dongkan,jnelson85,vEDLZDoHOK
Guaymango,lstewart86,cdZHNv8BibV
Agara,abaker87,6RGC9oGyOhf
Opoczno,charper88,GPvNQyE53vM
Novoorsk,lhenderson89,tQJapFeX
Longshe,jramos8a,ab2DVJLl8YXK
Tutup,ngarcia8b,XUozBX6M56d
Avelinha,bfreeman8c,VlDN02yX
Bogale,lshaw8d,gK823VzG6h3w
Langford,dlewis8e,HUigggpm3hsi
Dongkan,rwhite8f,KOKYi4U
Guaymango,efoster8g,PCloBe
Agara,dsanchez8h,qVcw8GBd
Opoczno,hwright8i,htYuCrg
Novoorsk,bgutierrez8j,UWhM4Z
Longshe,portiz8k,ZmeffwiI7C
Tutup,privera8l,CgApagGJxZ3w
Avelinha,bbishop8m,0viavEGoX
Bogale,lgriffin8n,vzeWDGkoDXa
Langford,jfowler8o,hL6n77HHgwh
Dongkan,jlane8p,laxMSyQGSLMi
Guaymango,ctucker8q,qU4mfc
Agara,dcoleman8r,Cmf91IO1w0
Opoczno,tmartin8s,Kw0QEkM6
Novoorsk,msanchez8t,Pe8CoB8r
Longshe,kramirez8u,NKQ5teGlX
Tutup,djenkins8v,fFQff8TrQPe
Avelinha,fandrews8w,xurGzmBP
Bogale,dross8x,n7aRcTIdnT
Langford,lromero8y,tYEo82fsxI5M
Dongkan,mharvey8z,cxzGvHvCZ
Guaymango,acruz90,rcseoYdMut1
Agara,lgilbert91,ZCc5wCvgX6Ic
Opoczno,jbradley92,X7mC1MlNwC3
Novoorsk,amarshall93,GsWHCqgnPj
Longshe,mdixon94,dPY9w3XP
Tutup,arussell95,PkJUuWxGJeR
Avelinha,jreyes96,wmeojbbJGolV
Bogale,jarnold97,VIr9AMm
Langford,astewart98,QIh8sLmtAUVp
Dongkan,mweaver99,ysjbbau7ub
Guaymango,jdiaz9a,hiBd4RGe
Agara,wberry9b,3HiWjr0AI
Opoczno,jwelch9c,jOsWPv
Novoorsk,eholmes9d,VyE43dq
Longshe,jgrant9e,Eu8Ij6nBUbPQ
Tutup,tsanders9f,vEA4FgVAji2u
Avelinha,spayne9g,wKIKO7ZW
Bogale,pcollins9h,GSVFu7n8
Langford,vbaker9i,GVmNvx
Dongkan,erobertson9j,GvtmNqiFIc
Guaymango,wward9k,MNEyVKi0CBMG
Agara,crussell9l,ZWpplDiu
Opoczno,lwatkins9m,FzcdoNyZVtFd
Novoorsk,pcole9n,BdPnRVxDp9ni
Longshe,jyoung9o,Rs2JQtbkNM
Tutup,sperkins9p,nV6tkL
Avelinha,jrice9q,RH3xVwHs
Bogale,pphillips9r,KzuGjjxAGlqa
Langford,cstephens9s,EL8zMwl
Dongkan,rwilson9t,BKJ2jkx
Guaymango,dnichols9u,81D80MWiD
Agara,psanchez9v,8NdznxcP
Opoczno,eoliver9w,Y3gVAK1
Novoorsk,rduncan9x,SoxaTe8JZCJF
Longshe,kandrews9y,fz1yRwhsXzD
Tutup,dburton9z,NiTOCIOEw
Avelinha,sricea0,K4M905L7n
Bogale,jsancheza1,703SGFO4
Langford,hchapmana2,gyUFIB3D
Dongkan,wfreemana3,9S2nG8ONEGb5
Guaymango,ljacobsa4,dLbKFJ061y
Agara,lbutlera5,qL5tH5xDIx
Opoczno,bpricea6,imrKXzJRa
Novoorsk,jrussella7,lRElcSrS
Longshe,dwellsa8,aGCpO6h
Tutup,fowensa9,KKzJsm1jc
Avelinha,dschmidtaa,noMDvgbL
Bogale,ecastilloab,eTunXEHI
Langford,pmyersac,G61DYOLTj
Dongkan,sschmidtad,gUI016
Guaymango,mcruzae,G7wR5NimVy
Agara,sallenaf,JHXLJla5uDG
Opoczno,cdeanag,N81icCG5G48I
Novoorsk,efosterah,DfSItxizn
Longshe,dbryantai,96Wo7ItE
Tutup,dwebbaj,XURv0vG00
Avelinha,ahartak,2pfmiXyMRgQ
Bogale,jkimal,RaSUhyoQxa
Langford,dsullivanam,odxQ5FjG
Dongkan,jhamiltonan,cuZpNJfs
Guaymango,mhawkinsao,hydE1y7YZ29e
Agara,jperkinsap,PBa9Jv7SbrZ
Opoczno,lwagneraq,0qFQrHf
Novoorsk,mgonzalesar,Ix4lySZ
Longshe,jdunnas,um1ZjA8I
Tutup,nwashingtonat,Nyo4iHHPvUI
Avelinha,wdayau,o16sOK
Bogale,arobertsav,cavFRfD
Langford,iwelchaw,EccjAP
Dongkan,jwelchax,FvuTYT
Guaymango,mtayloray,O788Fx06DoR
Agara,plongaz,yy7wmD
Opoczno,eortizb0,qkwFLMV1wa
Novoorsk,slewisb1,LpIuVoV
Longshe,rgriffinb2,Lts7JasyJ
Tutup,sgeorgeb3,T0WRLQ3MpS
Avelinha,egordonb4,bbJn0Tg
Bogale,kjohnstonb5,JUksaF1MLno
Langford,dgrayb6,vBwj9Zl5o
Dongkan,scarrb7,RyYmlk
Guaymango,ghowellb8,el3onelpKv7s
Agara,pmurphyb9,2rAc8TDSHD
Opoczno,lhunterba,jhZOsLHz9
Novoorsk,jfosterbb,5ulbxLm
Longshe,aboydbc,gns99og
Tutup,tclarkbd,FUlBL0XcB
Avelinha,sgrahambe,GmVVDERlgs
Bogale,ereyesbf,VBuzWGVYi0b5
Langford,hpiercebg,1gJdwZh
Dongkan,jwillisbh,iPMMEl0cL
Guaymango,bwilsonbi,9sE53VxNf
Agara,rreedbj,o2UalqQJuNoQ
Opoczno,rmccoybk,9s9Ad7sZw
Novoorsk,mkellybl,MTxmcfRqS8
Longshe,jmillerbm,CckWUpk
Tutup,cchapmanbn,zBYjACaMmu1y
Avelinha,cdixonbo,GDoHAV9wt
Bogale,cthomasbp,tfMzTzG
Langford,kwallacebq,a5rIg0mVV
Dongkan,bstephensbr,vrhHBH5U2
Guaymango,cperkinsbs,skzBcrKuPOKu
Agara,jgomezbt,bj0eNVWD14
Opoczno,pmartinbu,k3xn7AfA
Novoorsk,jgordonbv,q5Er3uPvKiv
Longshe,tclarkbw,C2mb19
Tutup,agonzalezbx,I6rnl1Q
Avelinha,jjacobsby,YTThWBLpt
Bogale,gfisherbz,wtQMm7
Langford,trobinsonc0,uKvYpU
Dongkan,lbrownc1,X26EGEA5S
Guaymango,thamiltonc2,I7AuZXwQ93Z
Agara,ktaylorc3,7PPe2i
Opoczno,pburkec4,TWCQcQcjTde2
Novoorsk,bbarnesc5,DPcw23zFQ2
Longshe,pmorrisonc6,C5iSjjfJUI
Tutup,jhuntc7,Sy9KSa4tpy
Avelinha,shughesc8,JZWlrgeSqo
Bogale,mbutlerc9,tzvlE5eE
Langford,cwalkerca,o0zjYxCHwCPW
Dongkan,rmorgancb,VEirl3rLUn3P
Guaymango,acolecc,N4ye0DYtxz
Agara,mreyescd,zmS5LVyyx9O
Opoczno,cmcdonaldce,diJZkA8
Novoorsk,ereedcf,WhcJygJi
Longshe,eaustincg,f2Jysf
Tutup,rkennedych,AxLDoa7WZ
Avelinha,sblackci,K7afiG7NS
Bogale,nreedcj,NJKFwflCf
Langford,bscottck,bS6Dtk8c
Dongkan,jhowardcl,9ws19Bc
Guaymango,jreedcm,iGKTdrIL
Agara,drobertscn,fMLKSHmiSxz
Opoczno,scolemanco,ZrRt298kX
Novoorsk,jcarrollcp,ZXT1GN9n3nz
Longshe,mhuntcq,8MFjsTCB3
Tutup,rdaycr,ounVEoWZIhx4
Avelinha,apetersoncs,symAcG6MI
Bogale,dmurphyct,Zvt7SbyDPRI
Langford,jmorenocu,WUBF2nyuX0nx
Dongkan,lolsoncv,SA2gkyWmL
Guaymango,tedwardscw,gWbrorJLxO7
Agara,nlawrencecx,EBxRUEhNO3Sj
Opoczno,kmeyercy,96K0Nh8
Novoorsk,dtaylorcz,JoH0pp3btPm
Longshe,jgarrettd0,03qka260CrGr
Tutup,sthompsond1,2U5ZEr3kQAG
Avelinha,bryand2,Go8xOvOvf
Bogale,cperkinsd3,17X0ihksOY
Langford,gcollinsd4,ItFHmzfU7e
Dongkan,cdixond5,TitvqOm6NM8
Guaymango,pperezd6,4JNj3VI4
Agara,dmorrisd7,eapaBTYfb
Opoczno,lharveyd8,6SKKDko1
Novoorsk,rwillisd9,StMPG4XBP
Longshe,jcarterda,BrFPQGRDXOpl
Tutup,sbelldb,xpehkLI0h
Avelinha,nlawrencedc,cPrh36s
Bogale,rbakerdd,S5b4yqVsKC99
Langford,swilsonde,VFZbXtQCd
Dongkan,frichardsondf,vVVsIBW
Guaymango,mhamiltondg,iSfIOH0DN
Agara,bhilldh,8SI3VrCui
Opoczno,gfloresdi,QmCxiV
Novoorsk,afieldsdj,aTauXaHb
Longshe,wrichardsondk,jgHX9md
Tutup,kjamesdl,aFJpJm4hZ6O
Avelinha,eburkedm,rlNFTDfNgE4
Bogale,mperezdn,9HTIICZZhTL
Langford,pwebbdo,2WZZpVy
Dongkan,wlawrencedp,wdm2AhgGG
Guaymango,aturnerdq,Dy753S22L2
Agara,pvasquezdr,4KL2FXy
Opoczno,ntuckerds,x9HMIXAToRCQ
Novoorsk,lgibsondt,oWUrjfq
Longshe,barmstrongdu,9smGtdL
Tutup,ajacobsdv,7NqNdgMUvB
Avelinha,kmillerdw,ykUhiuxZnZ
Bogale,mgarrettdx,QUBbgJq
Langford,wrobinsondy,UjWaMDIdJK
Dongkan,jhughesdz,FPXL92F
Guaymango,phendersone0,6qSuFI
Agara,jgreenee1,kbfz43Ivv
Opoczno,spattersone2,jBHbXIFX
Novoorsk,rriverae3,vVmJwtXvWE
Longshe,pkellye4,cjrU2NXb7D
Tutup,mhayese5,ua2JMmx3a7L
Avelinha,mrosse6,HPv4STshqVF
Bogale,jparkere7,WgDDraU
Langford,lsancheze8,GIarrNNR5U96
Dongkan,kpowelle9,SG9Vl9
Guaymango,jlarsonea,2Y7jDdWdd
Agara,hreedeb,UrFjoi
Opoczno,mpattersonec,sgHMD6VeaWN0
Novoorsk,tmoralesed,n7dE6n3Snh1
Longshe,jkelleyee,yV7182ourbvw
Tutup,jwoodef,7QEBEqX
Avelinha,echavezeg,VoBZsfYf
Bogale,wgilberteh,qwLaKjTv
Langford,dfoxei,oNa1gmxZSci6
Dongkan,rstanleyej,3tqsy6
Guaymango,afranklinek,fHlLta8
Agara,cvasquezel,tAQQA6xb6t7f
Opoczno,rjonesem,NpsrgbM6dQL
Novoorsk,athompsonen,5HyQe0bzrZU
Longshe,carnoldeo,CHoU7cbA
Tutup,egarciaep,KbBf0158G
Avelinha,ehayeseq,OjalIhE1n5JY
Bogale,rpeterser,sPhG9SRP
Langford,lhansenes,3WUu5g1SR
Dongkan,ehansenet,rYXJ1ivFB3Vi
Guaymango,ablackeu,peWT6L
Agara,hcollinsev,0UuKmdMdtrDj
Opoczno,amedinaew,fNH7OIMIHO
Novoorsk,rwellsex,VeBKOphXtz5E
Longshe,dpetersoney,LvPhUDK5
Tutup,bbrownez,5KW4pruvc
Avelinha,twarrenf0,3EzNqXVNLH7
Bogale,tdeanf1,oAUtZewyHP
Langford,arobertsonf2,TwjHo9Pv5
Dongkan,ccarrollf3,oNynSi7GMa
Guaymango,nwoodf4,TptaTTvvtXhD
Agara,cramosf5,AzwuPI
Opoczno,cgilbertf6,8cCkDGxUI
Novoorsk,kporterf7,ovQLyCi
Longshe,adixonf8,o5uYNdn2
Tutup,rmyersf9,afLenl77HS0I
Avelinha,jdayfa,fUkIWIjGR
Bogale,rbarnesfb,eWXG2f84N
Langford,jfergusonfc,yG1iWdSt
Dongkan,jwellsfd,koCo6s50
Guaymango,pgutierrezfe,lqmloGvU7Os
Agara,lcunninghamff,cD3fp0Q
Opoczno,jmurphyfg,QkkczC2Zp
Novoorsk,rmurrayfh,dfCj440n
Longshe,mrobinsonfi,3kgH2Xfl18g
Tutup,jmendozafj,AIP7Bc2Uny
Avelinha,pgonzalesfk,cJoT4kpEK7
Bogale,mjonesfl,XLJR1oMTI8Q
Langford,mpowellfm,3xk2Ugm
Dongkan,arossfn,O2xIFp2
Guaymango,dwallacefo,ZBBWo8rarjTi
Agara,enelsonfp,jlOzUgBdv8z
Opoczno,tweaverfq,kKYJVBn7cOF
Novoorsk,dhayesfr,3rob9E
Longshe,abakerfs,7UN1R7e0R9
Tutup,bromeroft,bdA8drT04cBc
Avelinha,jadamsfu,9zvtkKvtN
Bogale,jsandersfv,uNmZzyVf
Langford,rjonesfw,bPgm9D4EK
Dongkan,dscottfx,aL141SiWUgGf
Guaymango,jmasonfy,bWuUbq0z6QT1
Agara,snelsonfz,fHlJ6BhA
Opoczno,mhernandezg0,0Udxv2PMScM
Novoorsk,afieldsg1,halXr26
Longshe,spierceg2,yZ8mfueR0C
Tutup,pvasquezg3,Gd5n5FTp8i
Avelinha,crogersg4,bDry2Xe
Bogale,drichardsg5,arRAuUiap
Langford,rpetersg6,9OeiO5Xmnq
Dongkan,shunterg7,TESV33O
Guaymango,gpierceg8,lK2Fxfn3
Agara,gwheelerg9,EUvy5RcM
Opoczno,astevensga,ia3uI35
Novoorsk,rmorenogb,ZDp9jiy
Longshe,lbowmangc,VwOZfQjPw
Tutup,alanegd,KmWx6WqqNoN9
Avelinha,alawrencege,YiCYvx22gSe
Bogale,apricegf,10MWkP89BT
Langford,jwilliamsgg,Wrmz8r
Dongkan,lspencergh,iEuFYpsW5cI
Guaymango,dmarshallgi,ygvv1OM
Agara,cwelchgj,uof37KtlGnu
Opoczno,tbrooksgk,MzB4vjm
Novoorsk,mdaygl,v1IrZD
Longshe,lrosegm,UrCTzy8nxK
Tutup,jrobinsongn,9wLjCA7GMN
Avelinha,rthompsongo,c6dKbd
Bogale,mjohnstongp,pOwbFQ
Langford,amartingq,ybJlgx
Dongkan,bharpergr,JLIKLT
Guaymango,landrewsgs,rbVlBQjc
Agara,tcartergt,RbcVXrF5USu
Opoczno,fbakergu,It9HYa
Novoorsk,jcartergv,XkWPZs2R9noh
Longshe,jhudsongw,wwaGtr1RqHOu
Tutup,shillgx,t5LO4kZBAa
Avelinha,bwellsgy,C8q6AicDwmbS
Bogale,ppricegz,zX9ct2uEHEg
Langford,sstewarth0,2k2oEo0O
Dongkan,ariceh1,tuRicqU
Guaymango,ariverah2,lqay5B6o8t
Agara,amooreh3,oaJCgQ
Opoczno,bburnsh4,9VW4XCWEDcd
Novoorsk,acruzh5,JvlF9YX
Longshe,cmccoyh6,Rnx1DRihyv
Tutup,hwarrenh7,2jbDMSarCVUZ
Avelinha,cgriffinh8,B6o9BJTH
Bogale,jmorrish9,5htAW4EqkQQh
Langford,mdayha,JSxAvvZjSGKP
Dongkan,aburkehb,wwqDgjO
Guaymango,rmasonhc,yKsQVGVB
Agara,selliotthd,X4JBZi
Opoczno,aevanshe,VkCmj7I
Novoorsk,jrogershf,KOM3u2NIK
Longshe,crobertsonhg,XTSg7iWGN
Tutup,dhunterhh,URLJMTIA
Avelinha,wlynchhi,28x3pEjQ
Bogale,djameshj,UGFBhepS3D5
Langford,jwillishk,fg6VVYBd
Dongkan,lmorganhl,Sf2WnS7tNC
Guaymango,jfrazierhm,PRg5jLSRarY
Agara,mwelchhn,je4RAZ6D
Opoczno,dcruzho,LbYHfKsVbpF6
Novoorsk,jshawhp,2qcacuBN
Longshe,mdanielshq,OTRcOHAtR
Tutup,slewishr,9u2QQj
Avelinha,rsandershs,VuUtjB
Bogale,gwellsht,C8fhIIuEHIOt
Langford,rjacksonhu,IYvLEkk
Dongkan,jpetersonhv,saB64Giwsd
Guaymango,lmendozahw,W6QpiS4N4sBl
Agara,shernandezhx,e5lPBxY2VBG
Opoczno,tcoxhy,xqPQTgpjT26
Novoorsk,jreyeshz,gaouBZ3qQB
Longshe,csnyderi0,9FDBdJ3HXY1
Tutup,pwardi1,WJRBRTFcp
Avelinha,sblacki2,Oyu0I34D4Axa
Bogale,amendozai3,0B4F3A0ne
Langford,pwilliamsoni4,PPs6xphAIX
Dongkan,lsimmonsi5,GzLqKyqr
Guaymango,bramosi6,ydiZ5rwq
Agara,mfowleri7,2pHX0TS2UGqT
Opoczno,cleei8,SDHWptH
Novoorsk,jmatthewsi9,9bustZi5aNqs
Longshe,jbellia,3nX396
Tutup,mberryib,j94LpuA
Avelinha,amontgomeryic,y4hXkDSkuUOh
Bogale,parnoldid,gNDa1DZjge
Langford,jhawkinsie,ncQFs2K
Dongkan,jgrahamif,MVAwK5KLQ
Guaymango,iwashingtonig,uVzyRzZ8Q
Agara,sdayih,RqrLJpG
Opoczno,pkingii,iJ2D8xsFh
Novoorsk,mlarsonij,uv4tXuTo
Longshe,ggarciaik,ED3nVUITG0R
Tutup,mduncanil,42vzyC0Otv
Avelinha,bgarciaim,KKco6Cp
Bogale,knguyenin,NjpO0gD80
Langford,jfosterio,c7X6r1Tp
Dongkan,pnguyenip,XW6tmw
Guaymango,kbrowniq,eXGYpHk
Agara,jblackir,28UKiKrnZZ
Opoczno,jedwardsis,lNAbhePL
Novoorsk,dwhiteit,jiOILLCzzG
Longshe,tstephensiu,5wEkzJ6oD
Tutup,jbanksiv,OWVCcRQPe5
Avelinha,cmendozaiw,9wfog3
Bogale,wkelleyix,iSk8Bf
Langford,agarciaiy,l4ulEQuU
Dongkan,rsullivaniz,ZG6t47O
Guaymango,nstevensj0,moHqxUhGt
Agara,sricej1,M0xQC6Bvw
Opoczno,jcookj2,IazzSc2t
Novoorsk,jscottj3,WTYq3iD1a
Longshe,aalexanderj4,qjH2Ikt
Tutup,phudsonj5,hV3uzaPiS
Avelinha,bhowellj6,6iRoqTc
Bogale,ckellyj7,pF4jfRJaU
Langford,pmurphyj8,Y66oere0y
Dongkan,fmyersj9,OIztXxDnf4
Guaymango,rcarpenterja,1Kky0M
Agara,bkellyjb,Awdnx8
Opoczno,phughesjc,4gfF9gGDwv
Novoorsk,jcastillojd,c4tllHiU
Longshe,jharperje,vOwrAQ
Tutup,jfergusonjf,GF83dU
Avelinha,efranklinjg,TFi8NMSW
Bogale,sreyesjh,eQLqtnanJ
Langford,kjacksonji,TGaCdYdpmNg
Dongkan,vgilbertjj,tCXRcX5sE5V
Guaymango,cfieldsjk,Z5RahTO5q
Agara,jhansenjl,LOjg6c4xet
Opoczno,jmillsjm,RUaEroIHmY
Novoorsk,hpricejn,gZEi8diii
Longshe,rharperjo,bGuQ3knw
Tutup,tkelleyjp,jRL4pWL
Avelinha,jrileyjq,dHO59oRxi6ak
Bogale,hmurrayjr,p2AkorN8
Langford,dmillerjs,GdUfowPvW6d
Dongkan,lphillipsjt,beCvaJ
Guaymango,emorenoju,0Pzc6e
Agara,jlewisjv,0O4tqFRmIw
Opoczno,trogersjw,I9D3oS
Novoorsk,ajacobsjx,ZwALxKXHNjuy
Longshe,sgeorgejy,Yp6iwP
Tutup,twellsjz,XeETCANvg1KS
Avelinha,cthompsonk0,5V1Fl6ylwHaZ
Bogale,agarzak1,d45YDZBB8Fbp
Langford,jpricek2,XighJuEkYa
Dongkan,kharperk3,rhrED619W7
Guaymango,jruizk4,6D4Bcv0
Agara,eburkek5,EwrXMMJWIJ
Opoczno,rbaileyk6,YSNxRsqxqpK
Novoorsk,jgrayk7,fQ8tFxuHk
Longshe,tclarkk8,sBSDjRt
Tutup,wstewartk9,WUhjwATgVZf0
Avelinha,vjenkinska,HmX3QU4v7
Bogale,rstonekb,ZhHlMQ
Langford,kstevenskc,MGfzT9fd9E
Dongkan,pcarrkd,p9RwNNK
Guaymango,jdunnke,Yu9bokO6F
Agara,llawsonkf,qab29IXZPd7Z
Opoczno,pblackkg,xci5U7vykBz
Novoorsk,jpowellkh,lS67rjPe
Longshe,jgrayki,iABg1c
Tutup,paustinkj,GCOHjTURqqQx
Avelinha,gmitchellkk,e4IO6UAm
Bogale,amontgomerykl,lIeDT68tp
Langford,rhillkm,Gs6LY8Vy8
Dongkan,psmithkn,cu70jzv
Guaymango,hmurrayko,iMiNrnSTpmSx
Agara,jhickskp,eCtjuiw18g
Opoczno,dhawkinskq,OhjV6NFnX0
Novoorsk,cphillipskr,1jGPm1SXzfo
Longshe,kstevensks,ihLtZYU21EVV
Tutup,cpowellkt,cphUJNxL
Avelinha,lmedinaku,yUGx5JLmC
Bogale,rwarrenkv,7ldH8gCTh
Langford,jhenrykw,iSr63r
Dongkan,jhenrykx,nk1esp6Q
Guaymango,lbanksky,mRrsXYmk
Agara,gvasquezkz,6lbMYkCtp
Opoczno,kthompsonl0,6jmhmQY
Novoorsk,dowensl1,xpzfRCYLXNv
Longshe,kgibsonl2,qlib5ZJop6c
Tutup,ahartl3,a1ubcqszCXNC
Avelinha,hstewartl4,EOfPbZtO9
Bogale,rwatkinsl5,zLUhB3
Langford,srossl6,x5LrLMtbQ
Dongkan,ebaileyl7,GFXQ8V3MB5jc
Guaymango,lwalkerl8,33hqyAHPs
Agara,sbishopl9,pRUkZM970Ekn
Opoczno,lmasonla,ZlrPFvI1DPyg
Novoorsk,amatthewslb,wIbkqCITA1we
Longshe,lhickslc,UCDjAa
Tutup,asandersld,yyYgqa
Avelinha,ewatsonle,V7GMYOycFB
Bogale,tcampbelllf,np7goi8C
Langford,astephenslg,j1AHbLs
Dongkan,bcooklh,syGFhfv4Ui
Guaymango,jbanksli,S1Cx3V
Agara,mallenlj,aSbd1asFcEOb
Opoczno,jhawkinslk,wDs1Q90iX
Novoorsk,sreyesll,9QgRcEAA
Longshe,pwalkerlm,WgmYfnwq3z
Tutup,mgreeneln,6qFfhGn
Avelinha,khendersonlo,T4aJY9lC
Bogale,sfosterlp,b0er7bI
Langford,twheelerlq,aYwroekkt
Dongkan,aboydlr,4bXJlTDEy5
Guaymango,prosels,wYEqfk1SUF
Agara,ktaylorlt,af3Pb19w
Opoczno,dperrylu,08yKQSkA
Novoorsk,kgeorgelv,NjLbKhy9VD
Longshe,crogerslw,t9XM6MZsKF
Tutup,wlonglx,D5yr8kmo
Avelinha,randersonly,5SbsunsNXiWt
Bogale,lmillerlz,gplqrWcRA
Langford,cgibsonm0,mOzNB9Q
Dongkan,lsullivanm1,SlHq05jax5
Guaymango,cgarzam2,Z3rgyjH8b2m
Agara,wmarshallm3,CWfhmOvAG19R
Opoczno,jpiercem4,UKBXWuHRYlIF
Novoorsk,cdiazm5,VDclfM5zoHWg
Longshe,prodriguezm6,GKjNEm
Tutup,dfranklinm7,I58GOj4peW
Avelinha,rfrazierm8,0bSOIAUSMR
Bogale,jricem9,rELZo8wW
Langford,cwelchma,fdaW57
Dongkan,mreedmb,XoYJfm
Guaymango,planemc,rbE2FR
Agara,scoopermd,Myrjjteww
Opoczno,jpetersonme,6TL5iV
Novoorsk,kalexandermf,JW07vkjOPQc
Longshe,sjonesmg,tFvoP43n
Tutup,dpalmermh,TbEcPEEcs
Avelinha,cwarrenmi,dKrhDQT
Bogale,pbellmj,07AlPHq
Langford,cdavismk,5XYG7FD
Dongkan,talvarezml,MfO3Khw4OqJ
Guaymango,dthompsonmm,XeeMoX
Agara,pcampbellmn,se81LhZF
Opoczno,tsmithmo,MtWJ1Pgg
Novoorsk,jgilbertmp,8fU2KKG
Longshe,mrussellmq,5WhXDPPC8
Tutup,ghowardmr,lmIhObpx5Z
Avelinha,phawkinsms,4Q1gTL
Bogale,fevansmt,aG4aD4tm8e
Langford,slynchmu,5JrTrXiv
Dongkan,jwagnermv,Pn4CrXdq20
Guaymango,lgutierrezmw,goIyVsi9
Agara,rmasonmx,CbaER5xKran
Opoczno,ctorresmy,EYlbdOyK
Novoorsk,dharrisonmz,AqBqLjD
Longshe,preedn0,siFN0544tZA
Tutup,dwatsonn1,Bp2XkHoO
Avelinha,tsanchezn2,GIpqC4nSHo
Bogale,arogersn3,rIMInUPAsA
Langford,kbarnesn4,E3FjobqXOyr
Dongkan,jpalmern5,GWCRK8
Guaymango,dstewartn6,UMqXh1Qf3
Agara,vowensn7,2iD7n54IEWs
Opoczno,jgordonn8,NwL2vefLb
Novoorsk,jmorrisonn9,Dhjjid
Longshe,mandrewsna,HLv6yw3vGrIH
Tutup,cmasonnb,YsY1fy2t1BnB
Avelinha,jmatthewsnc,fnOPR1KLsqd
Bogale,dellisnd,LrDtrBx
Langford,sbrownne,8bGMkV
Dongkan,rbishopnf,iF2f8Z
Guaymango,pfieldsng,zvcWUxrt5k
Agara,jbennettnh,kqHRXJS7jIpi
Opoczno,ljohnsonni,gMPdzbS
Novoorsk,jrogersnj,MXSTaZs
Longshe,sfieldsnk,iF2S3lL
Tutup,whicksnl,If6I9n3h
Avelinha,hbennettnm,2Dpe9rABpkb
Bogale,brogersnn,LTuzEA9ATZp
Langford,mharrisonno,nX1g128
Dongkan,jwilsonnp,jL9mvAjZ
Guaymango,kknightnq,KLdfDb
Agara,pricenr,BFt8fb
Opoczno,jhunterns,cx6IysuKXTXW
Novoorsk,kwelchnt,Se60Sg7z
Longshe,lelliottnu,yuiBgYv4Bb16
Tutup,jdiaznv,J4uxTA
Avelinha,ccarpenternw,keM3TCHe
Bogale,tcruznx,xdlHNs
Langford,bbryantny,VsGiNgyYEn2I
Dongkan,drobertsonnz,LtY5gC
Guaymango,asimpsono0,iX9M9j
Agara,jbennetto1,UNSrGG2Fy
Opoczno,eturnero2,Cq4vRa
Novoorsk,dboydo3,gsFePNxY5kE
Longshe,jdanielso4,gDfOwBE
Tutup,gwardo5,OIPq0ADN
Avelinha,rfostero6,T6xJi3
Bogale,scolemano7,U0wSFvaxic
Langford,rmorrisono8,Cg2LFpt
Dongkan,aschmidto9,yIuom3S5MU
Guaymango,lstoneoa,HXVGRa
Agara,mfowlerob,bFjQmiRQ6gYE
Opoczno,alittleoc,vDLiXDeuM
Novoorsk,cowensod,YyXHEQnTa
Longshe,rhunteroe,pVsE7ip6Ione
Tutup,srichardsonof,BGvKbB7zYCQK
Avelinha,ddunnog,o5UZKEJ
Bogale,bmorrisoh,B5x5b1upWSw
Langford,twarrenoi,it9jGDjuZ
Dongkan,dgeorgeoj,V1ZvFPrF
Guaymango,radamsok,tfGLzPU
Agara,mnguyenol,mm5JLH3NOL
Opoczno,llopezom,Fr0cmc6H
Novoorsk,triceon,v83mJXT
Longshe,gandrewsoo,JiGTdN
Tutup,amartinop,gwp5vg7x9
Avelinha,wperkinsoq,wO5soatEGbUz
Bogale,jtuckeror,EYLNDYSZdN
Langford,amorrisonos,EERddh5
Dongkan,lleeot,PGj9ydtJN
Guaymango,ncollinsou,itYMfRN1CjN6
Agara,jhartov,mWCKIpshm
Opoczno,rclarkow,o1WWbdikrec
Novoorsk,rfranklinox,uOiPTv9H
Longshe,ddanielsoy,y1CfD2L8N
Tutup,sharrisonoz,X7S9Ho5od8O
Avelinha,lruizp0,DePTTUZZ5KJ
Bogale,jduncanp1,dRq8Un5NePU4
Langford,tfullerp2,5NVICBJzn2I
Dongkan,pmorrisp3,nVsKSwwikXJe
Guaymango,thamiltonp4,RdWQcyk0i0
Agara,jowensp5,TAOecVW9z1Y
Opoczno,jbrownp6,x1XmSe15pIz3
Novoorsk,wharrisonp7,AGJ0hQFM
Longshe,ksimpsonp8,fbRxzSZC
Tutup,kwatsonp9,F6JfqcJ
Avelinha,kburnspa,Eu3myt
Bogale,cbutlerpb,kGQ64CWpsex3
Langford,ekelleypc,EnVmpvF4zVSd
Dongkan,phenrypd,boEXFPP
Guaymango,scarrollpe,VnOoeYFU2sG9
Agara,ipowellpf,wR1XSgREIcgn
Opoczno,jphillipspg,VtASNB5i7
Novoorsk,dstewartph,iR1Y8NTZD073
Longshe,smarshallpi,H0Bn7s3Ak8fJ
Tutup,khayespj,9CSRMkxXFHkK
Avelinha,wspencerpk,w0rlqtE
Bogale,rhernandezpl,4epqvAgu9lE1
Langford,mcooperpm,oQ2Na6FI4r
Dongkan,tgibsonpn,Hx5LfnE
Guaymango,scoxpo,3TnmJ9
Agara,vhallpp,ASYi7T
Opoczno,akimpq,sjZAWwyc41y
Novoorsk,jperrypr,LoC65MiKs
Longshe,jparkerps,6tgGpJ9mbKC
Tutup,aleept,UtGfbg
Avelinha,mnicholspu,ukEUt6
Bogale,wclarkpv,20418NksdVBg
Langford,jwilliamspw,WjTKkYyXKcR2
Dongkan,aricepx,CDtNRIef
Guaymango,rsimpsonpy,irOfqJ8y
Agara,tbrownpz,ldW6kK6F
Opoczno,trodriguezq0,mebdBvltu
Novoorsk,mriveraq1,brIjGxUXtCu
Longshe,cchavezq2,jPssQ9
Tutup,storresq3,bpOMiw1
Avelinha,framosq4,eqHjkS0a4JNY
Bogale,sporterq5,MXs1ocM
Langford,jfranklinq6,Q4qZhiP
Dongkan,lmitchellq7,DKqoKN5Dvg
Guaymango,dlopezq8,RTdawFP0GF
Agara,mwatsonq9,lH1l8TpAvU
Opoczno,akingqa,jCdpZw0B55o
Novoorsk,amartinqb,qvEi4T
Longshe,klaneqc,2m0uc63
Tutup,ghicksqd,oqU2tam
Avelinha,sjohnsonqe,zRRm70G9
Bogale,ccollinsqf,hcEWslXc68Q
Langford,dhansenqg,9TjMpoK5
Dongkan,dspencerqh,Zds7qYsLgH
Guaymango,mfranklinqi,qXvqo5JQR
Agara,kperkinsqj,hBsV2n
Opoczno,kgarzaqk,jHhkMoed6Wr
Novoorsk,lkingql,9RNgK2
Longshe,jgrayqm,hLDfgiJTcRx
Tutup,jhowardqn,CWzPKqc
Avelinha,dgrayqo,AJ0j1dCbNlkU
Bogale,sstephensqp,PWa0M0j
Langford,cfieldsqq,UrLzcCVpX
Dongkan,wowensqr,Rl5b4YqbFxc
Guaymango,cgrahamqs,VV1xeLAqFAk
Agara,ckingqt,CVxAFyUo0LZe
Opoczno,wwashingtonqu,nD5JzivAzn
Novoorsk,rreyesqv,HqyXmZ0w9mi7
Longshe,jshawqw,IO0O0kLO4lK
Tutup,dgarciaqx,fYW7Awo
Avelinha,acoleqy,PTmnhMq3XbO
Bogale,tmasonqz,It57mXuum
Langford,lcarpenterr0,7KX1vE
Dongkan,rhowellr1,muuefgZ2yK2O
Guaymango,dburker2,b4FoEF3Sinz
Agara,kcoler3,gcgkRBAGG
Opoczno,bhuntr4,51CZKm
Novoorsk,ahowardr5,k2wvvHfqEU
Longshe,jalexanderr6,WohxYa7uVdt3
Tutup,slarsonr7,PcGVhMtqcpRk
Avelinha,hjacksonr8,7eyoK1S
Bogale,dfreemanr9,6ufQjVql2sxb
Langford,cspencerra,uSO5tyIRmfiR
Dongkan,wpetersonrb,CjypAZbGItGj
Guaymango,jwhiterc,gy0pJF4vDbC
Agara,cwatkinsrd,AxxDJG0Y4h
Opoczno,kdunnre,3ghjFxwM5mw
Novoorsk,kfloresrf,xROH6g8ju2j
Longshe,jcolerg,N1ndxop
Tutup,jbanksrh,U0CVW4HnK
Avelinha,twardri,Jc5TqQ
Bogale,wharrisonrj,rX0TmEBii
Langford,rcolerk,OT1xBcD
Dongkan,hdavisrl,betAONecM
Guaymango,jmitchellrm,ZOVQWEGy6ue
Agara,jgeorgern,Z5Rr4Iv
Opoczno,drobertsonro,AhE7oz2S
Novoorsk,rfergusonrp,pSSMujw
Longshe,jwellsrq,GbzPiOgygw5G
Tutup,mfordrr,Jwrimf5yso
