csm_u_username,cms_sm_name
acoleeo2,http://pagesperso-orange.fr
rhunteroe,https://liveinternet.ru
acarr192,http://nyu.edu/test/
chicks32,http://dagondesign.com
lharrison7v,https://friendfeed.com
jturnerd2,https://princeton.edu
ktaylorc3,https://icq.com/test/
jcookj2,http://hao123.com/test/
kallenlx2,http://vimeo.com
gramirezol2,http://patch.com
vking4r2,https://shinystat.com
jgreenee1,https://cargocollective.com
djonesqp2,http://spotify.com/test/
wwashingtonqu,http://dot.gov
arossfn,https://altervista.org/test/
gromerocy2,https://addthis.com
dyoungof2,https://dell.com
agraypr2,https://google.cn
lwagneraq,https://accuweather.com
sbishopl9,https://ftc.gov
agraypr2,http://constantcontact.com/test/
tgibsonpn,https://wisc.edu/test/
bbrownez,http://wisc.edu
mfergusonic2,http://amazon.co.uk
phendersone0,https://msu.edu
jpetersonhv,https://nydailynews.com
sjonesmg,https://washington.edu/test/
lperkinsj22,http://wisc.edu/test/
rowens8c2,https://twitter.com
molson2t,https://sohu.com/test/
cwalkerca,http://unicef.org
pryan7d,https://craigslist.org/test/
lgriffin8n,http://bbb.org/test/
jmcdonaldf2,https://friendfeed.com
ehayeseq,https://spiegel.de
wreeddn2,https://soup.io
amatthewslb,http://bigcartel.com
lfernandezi62,http://networksolutions.com/test/
erobertsez2,https://twitter.com
pgonzalesfk,https://bigcartel.com/test/
jmillsjm,http://timesonline.co.uk
astewartlg2,https://cnbc.com
storres6b,https://youtube.com
jhawkinsie,http://slashdot.org
khayespj,http://people.com.cn
jevans2i2,https://reuters.com/test/
jhowardqn,https://skype.com
swagnerd62,http://ucsd.edu
cellis3i,https://hibu.com/test/
lwilliams9l2,https://so-net.ne.jp/test/
cbutlerpb,https://comsenz.com/test/
tsimmonskc2,http://vimeo.com
apricegf,http://auda.org.au
msanchez8t,http://comcast.net/test/
srileyda2,https://nymag.com/test/
sreyesjh,http://hatena.ne.jp
jdayfa,http://diigo.com
jcookj2,https://princeton.edu
fhoward9d2,https://economist.com/test/
slongnd2,https://over-blog.com
llawsonkf,http://livejournal.com
fcarr4i,http://archive.org/test/
rcooperes2,https://eepurl.com/test/
mnicholspu,http://loc.gov/test/
dsnyder45,http://ocn.ne.jp/test/
gpierceg8,https://smh.com.au
lharveyc12,http://spiegel.de/test/
dhernandezoi2,http://topsy.com/test/
fsimmons622,https://blogs.com/test/
ctaylor50,http://symantec.com/test/
gromerocy2,https://comcast.net/test/
rduncanoc2,https://state.tx.us/test/
mharrison47,http://jigsy.com/test/
imcdonaldax2,http://oracle.com
abryant2s,http://patch.com
mramosif2,http://usgs.gov
rwhite8f,https://cisco.com
cgarzaos2,http://dyndns.org/test/
pcarpenterc22,http://noaa.gov
lharveyd8,http://cocolog-nifty.com/test/
jgeorgern,http://abc.net.au/test/
kboydev2,https://paypal.com/test/
ncollinsou,https://joomla.org
jwilson6d2,http://parallels.com
vdixon342,http://usa.gov
jmyers12,https://bbb.org
gwheelerg9,http://geocities.jp/test/
snelson4g2,https://ed.gov/test/
mhuntcq,https://creativecommons.org/test/
dreidgo2,https://artisteer.com/test/
bhudsondc2,http://mashable.com/test/
vowensn7,http://github.io
vbrown1l2,http://wikipedia.org
skim9c2,https://shutterfly.com
hmiller7s,http://zdnet.com
eday1x2,http://chronoengine.com/test/
areynolds162,https://dailymotion.com
kreid5r,http://npr.org/test/
cwoodnm2,https://wikispaces.com/test/
pmurphyj8,https://senate.gov
asullivan53,https://meetup.com
kwells2j2,https://google.ru/test/
cboydlq2,http://vimeo.com/test/
mhanson3u,http://washington.edu/test/
jshawgl2,http://dropbox.com/test/
kcunninghamae2,https://vistaprint.com
bbowmank42,https://cmu.edu
jweaverjz2,http://bigcartel.com
rcooperes2,http://eepurl.com
brodriguezfe2,https://vk.com
wdayau,https://google.nl
bwashington1k2,https://yandex.ru/test/
aturnerdq,http://hostgator.com
pwilliamsoni4,https://state.gov
aboydlr,http://dmoz.org
rlopezu,http://cocolog-nifty.com/test/
cpayne5p,https://wp.com/test/
smarshallpi,http://nasa.gov/test/
rrobinson6n2,https://unesco.org/test/
fevansmt,https://usnews.com/test/
cbell272,http://house.gov/test/
pwatsonpj2,http://indiatimes.com/test/
mmorris14,http://unc.edu/test/
jparkerhe2,http://barnesandnoble.com
vdixonpx2,https://blogs.com/test/
jsandersfv,http://qq.com
tcampbelllf,https://unicef.org/test/
gcunninghamm,http://networksolutions.com/test/
jfernandezrd2,http://dailymotion.com
icastilloc32,http://google.it
pfrazier2w,http://tamu.edu
rcox3v2,https://shutterfly.com
pellis4o,http://patch.com
jmeyerr62,http://ask.com
vthompsone22,http://icq.com
chansenmg2,https://mysql.com/test/
palvarezcx2,https://lycos.com/test/
acolecc,https://baidu.com
rfox5a2,https://fotki.com
mgarrettdx,https://noaa.gov/test/
fsmith5h,http://dot.gov
dbellmo2,http://ox.ac.uk
chughes2d2,http://about.me/test/
kadams28,http://ehow.com
mmorris14,https://fotki.com
bmiller792,https://devhub.com/test/
vrichardsc2,https://java.com/test/
aking1i,http://huffingtonpost.com
jhowardqn,https://shinystat.com
kramoso,http://smugmug.com/test/
bbishop8m,http://newyorker.com
egarzais2,https://sciencedaily.com
jgordonbv,https://rambler.ru/test/
tsandersjn2,https://dmoz.org/test/
jlopezk12,https://about.com
dburker2,https://feedburner.com/test/
estevenspq2,http://fema.gov/test/
tjames7a,http://ft.com/test/
jbishopnk2,http://topsy.com/test/
wreyes5q2,https://vinaora.com/test/
pcampbellmn,https://eventbrite.com/test/
wgilberteh,https://rediff.com
afreeman5t,http://jugem.jp/test/
cboydmu2,https://state.gov
trodriguezq0,https://craigslist.org
pcarrkd,https://google.cn/test/
mwoods1z2,http://twitpic.com/test/
rjamesff2,http://chicagotribune.com/test/
shawkins7p,http://foxnews.com/test/
dburke1d2,https://slashdot.org
cmccoyh6,https://smugmug.com/test/
agarciaiy,http://census.gov/test/
wdayau,https://yahoo.co.jp/test/
rfranklinox,http://fc2.com
sbakeri2,http://whitehouse.gov/test/
fsimmons622,https://wufoo.com/test/
efrazier3b,https://cocolog-nifty.com
kadams28,https://eventbrite.com/test/
dcarrdr2,http://stanford.edu
dburton9z,http://cdc.gov
pvasquezg3,http://imgur.com/test/
rgraya82,http://vimeo.com/test/
drosej82,https://livejournal.com/test/
dfreemanr9,http://google.nl/test/
amillera42,https://merriam-webster.com/test/
ghicksqd,https://oracle.com/test/
rwarrenkv,http://yandex.ru/test/
egarciaep,http://sciencedaily.com/test/
award2c,https://woothemes.com
mgonzales8j2,https://e-recht24.de/test/
lwilliams7l2,http://tripod.com/test/
scoopermd,https://state.tx.us/test/
mmorris14,http://ucsd.edu
lgibsonjh2,http://jalbum.net/test/
egriffin4w,https://github.com
jhowardqn,https://accuweather.com
jwilsonnp,http://webnode.com/test/
tmedinadv2,http://seattletimes.com/test/
wcarpentergw2,https://comsenz.com/test/
efosterah,https://alibaba.com
ktaylorlt,http://angelfire.com/test/
dcollins102,http://cam.ac.uk/test/
kclarkk82,http://taobao.com
cpetersonrl2,https://vistaprint.com
lperkinsj22,http://spiegel.de/test/
lharrisonj2,http://newyorker.com
tdeanf1,http://slideshare.net/test/
ghowellb8,https://state.gov/test/
rholmes6s,https://sitemeter.com
dmills5m2,https://ed.gov/test/
jhunterns,http://list-manage.com
ckelleybi2,https://webeden.co.uk/test/
rstone3f,https://nymag.com/test/
cevans2e,http://phpbb.com/test/
rwalker3x2,https://shutterfly.com
rchavez3l2,http://prlog.org/test/
carnoldq52,http://people.com.cn/test/
jwells3s,http://ucoz.com
egardnerm92,http://123-reg.co.uk
estonecp2,https://moonfruit.com/test/
jsmithmj2,https://apple.com/test/
hfisherhg2,https://tuttocitta.it/test/
kknightnq,http://state.tx.us/test/
jhawkins6p,http://w3.org/test/
psnyder122,http://goo.ne.jp/test/
jgray132,http://instagram.com/test/
creyesdm2,http://google.ru
vthompsone22,http://google.co.jp/test/
mramirez312,https://businesswire.com
jrileyjq,http://themeforest.net/test/
bhowardip2,https://youku.com
vwalker462,https://engadget.com/test/
lmontgomeryfk2,https://hc360.com/test/
sperkinsdd2,http://topsy.com
fhoward9d2,http://pen.io/test/
jwhiteq92,https://live.com/test/
nandrewsfo2,https://trellian.com
mbailey5u2,https://harvard.edu/test/
mkennedy80,https://msu.edu
eryan782,https://vk.com
nholmes6e,https://blogtalkradio.com
lmcdonaldl12,https://google.com.br/test/
solsonad2,https://pinterest.com/test/
jgordonbv,https://blogtalkradio.com
jblackir,https://creativecommons.org/test/
vchapman9k2,https://so-net.ne.jp/test/
lpetersonpt2,http://vk.com
krobinson4p2,http://cnn.com/test/
lstewart86,https://msu.edu
rtorres5h2,https://imgur.com
lsimmonsi5,https://ftc.gov
jmatthewsnc,http://shutterfly.com
gbishoppn2,http://time.com
scampbell712,http://dagondesign.com
thansen5k2,http://networksolutions.com
jvasquezfs2,http://mac.com
charrisonf52,https://goo.ne.jp
jrobinsongn,https://wordpress.com
cperkinsbs,http://is.gd/test/
mandrewsna,http://howstuffworks.com
jlarsonea,http://hc360.com
lmartinezgj2,https://noaa.gov/test/
pdavis9i2,http://google.com/test/
dwellsa8,http://cmu.edu/test/
rruiz6r2,https://mlb.com
dcampbell822,https://livejournal.com/test/
dsanchez8h,http://sciencedirect.com/test/
mharrison47,https://over-blog.com
rburkee52,https://liveinternet.ru/test/
aking1t,https://wisc.edu
jvasquezfs2,https://discuz.net
tcunningham582,https://pbs.org/test/
jweaverjz2,https://chron.com/test/
hrose5r2,https://liveinternet.ru
cfieldsjk,http://xrea.com
jhawkinsoj2,http://vistaprint.com
pwalkerlm,https://quantcast.com
dpowellv,http://surveymonkey.com
jrayag2,http://chron.com
swatsoncz2,https://tumblr.com/test/
jsims46,https://smugmug.com/test/
thamiltonc2,http://senate.gov/test/
jhansen9q2,http://prweb.com
echavezeg,https://cbc.ca/test/
rryanpv2,https://princeton.edu
planemc,http://blinklist.com/test/
randersonht2,https://edublogs.org/test/
kdunnre,http://technorati.com/test/
jnelson85,https://etsy.com/test/
jreidgk2,http://archive.org/test/
shunt4t2,https://blogspot.com/test/
vking4r2,http://ucoz.com/test/
spricer92,http://51.la/test/
wreyes5q2,https://blog.com
jweaverjz2,http://istockphoto.com
lrobertson3r,https://noaa.gov/test/
jyoung9o,http://gov.uk/test/
sharperna2,https://skype.com/test/
vwarrenq82,https://wordpress.com/test/
cwelchma,http://yelp.com/test/
jcastillohn2,https://cpanel.net/test/
jwillisbh,http://archive.org/test/
wgilbertdo2,https://plala.or.jp/test/
djohnstonlu2,https://google.com.hk
jwebbdu2,http://edublogs.org/test/
rmorenogb,https://blogspot.com/test/
hmarshallr02,http://imgur.com
mmorrison152,https://si.edu
rwilson9t,https://buzzfeed.com/test/
tkelleyjp,https://netlog.com/test/
kbakerkn2,http://ibm.com
agrantjy2,https://ft.com/test/
kmillerdw,https://unc.edu
elongdj2,http://feedburner.com
wmcdonaldd42,https://wunderground.com/test/
priverakg2,http://nasa.gov
pgonzalesfk,http://microsoft.com/test/
rrice5w,https://timesonline.co.uk/test/
gshawmh2,https://noaa.gov/test/
jhillbo2,https://youku.com
parmstrongei2,http://bandcamp.com
bpricea6,http://yelp.com/test/
kcunninghamae2,https://live.com/test/
bbradleya72,https://e-recht24.de
mramosif2,http://yelp.com/test/
ghowellb8,http://blinklist.com
cmoreno6d,http://yale.edu/test/
portiz8k,http://storify.com/test/
ccarrfg2,http://abc.net.au
cmorris632,http://photobucket.com/test/
bmedinaoe2,https://about.com
dmoralesq02,http://rakuten.co.jp/test/
sgeorge482,https://soup.io
jbellia,https://odnoklassniki.ru
sharper3s2,http://exblog.jp/test/
rstevens4f,https://hud.gov
drichardsonom2,https://indiatimes.com
kbankscs2,https://salon.com
randersonht2,https://wordpress.com/test/
bcrawfordeq2,http://archive.org/test/
aboyd172,http://4shared.com
anelson8p2,http://goodreads.com/test/
dross8x,http://shutterfly.com
jrogersnj,http://utexas.edu/test/
jgonzalez1m,https://yelp.com
bmedinaoe2,https://netlog.com
pwilliamson62,http://who.int/test/
jparkerhe2,https://comcast.net
nellis6t,https://usa.gov/test/
rfordrh2,http://time.com
jporteral2,http://ocn.ne.jp/test/
wperkinsoq,http://who.int/test/
vdixon342,https://ted.com/test/
dthompsonmm,http://npr.org/test/
shernandezhx,http://jigsy.com/test/
twilliamsr2,https://surveymonkey.com
cburton8t2,http://yellowpages.com/test/
jhanson882,https://cbc.ca/test/
lgriffin8n,http://networksolutions.com/test/
jparkerps,http://msn.com/test/
ldixon26,https://dailymotion.com
scolemanco,http://oakley.com
alanegd,http://ustream.tv/test/
dnichols9u,https://liveinternet.ru
kcampbellmd2,http://lulu.com/test/
jowensp5,http://twitpic.com/test/
sphillips9u2,https://yahoo.co.jp
cbakerrq2,http://seattletimes.com
dpalmer252,https://yahoo.co.jp/test/
khendersonlo,http://webeden.co.uk
lmyersb32,http://jalbum.net/test/
dlawsonq12,https://imgur.com
jmarshall3q2,https://tuttocitta.it/test/
scunninghamf,http://163.com
pcollins9h,http://dailymotion.com/test/
cbutler9b2,http://constantcontact.com/test/
akimaf2,https://utexas.edu
eberry6f2,https://tripod.com/test/
lhickslc,http://woothemes.com/test/
fmartinezg42,http://blinklist.com
asullivan53,http://hhs.gov
dwillisll2,http://jigsy.com
kalexandermf,http://printfriendly.com
drobertsmy2,https://craigslist.org
vkennedyg02,https://blogs.com/test/
rwilson9t,https://typepad.com/test/
jsullivan392,http://ameblo.jp/test/
sdavisp22,https://buzzfeed.com/test/
agonzalezbx,https://aboutads.info/test/
abellqu2,https://odnoklassniki.ru
jpetersonme,http://illinois.edu/test/
kpalmerb,https://live.com/test/
lmyersb32,https://gmpg.org/test/
thenryfy2,https://craigslist.org/test/
jtuckeror,http://is.gd/test/
nwalkerco2,http://mayoclinic.com/test/
wgilbertdo2,http://netvibes.com
cmorris632,https://epa.gov
sortizej2,https://wikispaces.com
cellis3i,http://arizona.edu/test/
cfisher182,http://google.co.jp/test/
cpowellkt,http://stanford.edu
rfox5a2,http://ft.com/test/
gfisherh02,https://google.ru/test/
bsimpson19,http://over-blog.com/test/
trobinsonc0,https://cnet.com/test/
jwebbdu2,http://xrea.com
hsimmonsc82,https://ow.ly/test/
mdanielshq,http://timesonline.co.uk
lmasonla,http://howstuffworks.com
tsandersjn2,https://examiner.com/test/
jsmith4b2,https://prlog.org/test/
akelleykm2,https://instagram.com
dmorrisd7,https://statcounter.com/test/
portiz8k,http://phpbb.com/test/
ebaileyl7,https://cpanel.net/test/
ccollinsqf,https://mit.edu/test/
mgray4,https://sciencedirect.com/test/
astewart98,http://barnesandnoble.com
jevans2i2,https://blogger.com
alopezm32,https://mayoclinic.com
rbaileyk6,https://marriott.com
mharrison47,http://whitehouse.gov
cvasquezel,https://bbb.org/test/
drichardsonom2,http://aol.com/test/
pfieldsng,https://statcounter.com
dmarshallgi,https://networkadvertising.org
kbennett5a,http://unc.edu
hcole39,http://creativecommons.org
cgarzam2,http://whitehouse.gov
djohnstonlu2,https://pagesperso-orange.fr/test/
thamiltonc2,https://w3.org/test/
dfisher6j2,https://yolasite.com/test/
kallenlx2,http://wisc.edu
nreedcj,https://github.com
cdunn5o,https://mlb.com
jbanksiv,https://ovh.net
wmedina16,https://yandex.ru/test/
ereynoldsp02,https://dion.ne.jp
bhudsondc2,https://dedecms.com
jhicks7q,https://blinklist.com/test/
dwatkinsl52,https://hc360.com/test/
mperryfi2,http://ning.com/test/
rberryp72,https://shinystat.com/test/
areid322,http://vimeo.com/test/
dmills5m2,http://comsenz.com/test/
athompsonqs2,https://newsvine.com
wward9k,https://livejournal.com/test/
afishert2,http://walmart.com
rsimpsonpy,https://apple.com/test/
sgutierrezca2,http://woothemes.com
tsmithmo,http://stanford.edu/test/
afreeman5t,http://chron.com
mbailey5u2,http://bloglovin.com/test/
bgeorge6i2,http://networksolutions.com
jcook2b,http://pagesperso-orange.fr
dbellpd2,http://woothemes.com
pthompson2f,http://typepad.com
rbishopch2,https://icq.com/test/
lrichardsoncn2,http://soundcloud.com
wcarroll4x,http://bluehost.com/test/
wdayau,http://toplist.cz/test/
cleedi2,http://va.gov/test/
amartinop,http://npr.org/test/
dgrayqo,http://t.co
hsimmonsc82,https://symantec.com/test/
jmorrisonn9,http://vkontakte.ru/test/
cryan5b,https://rediff.com
smurphyix2,https://cnbc.com
psimsok2,https://ucsd.edu/test/
jbailey942,http://instagram.com
pharris8l2,http://tamu.edu
emontgomery1n2,http://nih.gov
krobinsonn72,https://cpanel.net/test/
frobertson7w2,https://barnesandnoble.com
jowensp5,http://soundcloud.com
lburton562,https://joomla.org
dschmidtaa,https://sfgate.com
aleept,http://webnode.com/test/
cevans2e,https://icq.com/test/
bwatkins812,http://answers.com/test/
idean7h2,https://europa.eu
lpalmer7f,http://naver.com/test/
cbutlerpb,https://devhub.com/test/
,https://blogtalkradio.com
triceo02,http://foxnews.com/test/
jduncanp1,https://uiuc.edu/test/
mhayese5,http://arizona.edu/test/
eleep52,http://exblog.jp/test/
rbakerdd,https://microsoft.com/test/
fsimmons622,https://icio.us/test/
jmccoyay2,https://studiopress.com
mfowleri7,https://ifeng.com/test/
afreeman5t,http://who.int/test/
rreyes0,http://comcast.net/test/
cellisb42,http://instagram.com/test/
rscottap2,http://theguardian.com
pcole9n,https://engadget.com
rjonesem,https://tamu.edu/test/
bdavis22,http://dailymotion.com/test/
smillsjb2,https://hud.gov/test/
jgordonn8,https://4shared.com/test/
hstewartl4,https://sciencedirect.com/test/
mfullerhm2,https://ft.com/test/
cbailey7l,http://1688.com/test/
bbrownez,https://1und1.de/test/
mhill2v,http://meetup.com
drobertsonro,http://sina.com.cn
pburns9h2,http://foxnews.com/test/
kwatson6g2,https://statcounter.com
kcrawfordea2,https://alibaba.com
pcunningham72,https://sakura.ne.jp/test/
tjames7a,http://zdnet.com/test/
rcruzhh2,http://jigsy.com/test/
mperezd52,http://google.com.au/test/
mwebb262,http://unesco.org
jrileyt,http://latimes.com
aschmidto9,http://sohu.com
jmurphyfg,http://123-reg.co.uk
pwatsonpj2,http://usnews.com
rstevens4f,https://elegantthemes.com/test/
tcarrollln2,https://yellowpages.com/test/
preid1k,http://woothemes.com/test/
bmason6m2,http://nbcnews.com
bhughes3k2,http://jalbum.net
tpattersonpf2,https://google.com.br/test/
pcunningham72,https://over-blog.com
jyoung952,https://cocolog-nifty.com/test/
amartingq,https://netvibes.com
rstevens4f,https://wisc.edu/test/
ewatsonle,https://wikipedia.org
ekelleypc,http://soundcloud.com
sfreeman7k,http://gizmodo.com/test/
bwashington4z,http://nationalgeographic.com
dpetersoney,http://exblog.jp/test/
mjohnstongp,https://blogs.com/test/
cmcdonaldjv2,https://salon.com
vdixon342,http://bluehost.com/test/
shunt6l,https://mit.edu/test/
jweaverjz2,http://gravatar.com/test/
jjacksoneb2,https://photobucket.com/test/
ljacobsa4,http://hhs.gov
nlawrencecx,http://live.com/test/
bramirez8u2,http://imgur.com
dcollins102,http://harvard.edu/test/
bhayes7i,https://a8.net
carnoldq52,https://list-manage.com/test/
kpowelle9,http://odnoklassniki.ru
hgreen2t2,https://salon.com/test/
mlarsonij,http://wikispaces.com
dstewartn6,https://ox.ac.uk/test/
speters4f2,http://hhs.gov
sgrahambe,http://dmoz.org/test/
lburton562,http://wsj.com
jgonzalez52,https://themeforest.net
djameshj,http://tumblr.com/test/
efosterah,http://ucla.edu
emasongs2,http://pcworld.com/test/
scarrollpe,http://java.com
akimpq,http://admin.ch
jhillbo2,https://marketwatch.com
hbennettnm,https://yale.edu
dprice5l2,https://360.cn/test/
aroseo12,http://cmu.edu/test/
hmurrayjr,https://netvibes.com/test/
efrazier7h,https://un.org/test/
fmartinezg42,http://gov.uk/test/
cmcdonaldjv2,https://ifeng.com/test/
pblackkg,http://goodreads.com/test/
scarrollpy2,http://huffingtonpost.com
vdixonpx2,https://fc2.com/test/
dschmidtaa,http://live.com
swilsonde,http://vinaora.com/test/
jcastillojd,http://patch.com
pburkec4,https://mac.com/test/
pcook1m2,https://whitehouse.gov
kdunn4l2,http://bloglovin.com/test/
cwashingtona32,http://tumblr.com/test/
jmccoyow2,http://imageshack.us
jwoodef,https://msn.com
sbakeri2,http://shop-pro.jp
vjenkinska,http://ucsd.edu/test/
erossko2,http://reuters.com
rduncanoc2,http://usa.gov
sbradleyaz2,http://dyndns.org/test/
talvarezml,https://newyorker.com
wjameska2,https://posterous.com/test/
jturnerd2,http://timesonline.co.uk
jhawkins6p,https://whitehouse.gov/test/
sperkins9p,http://tripod.com
lwagneraq,https://parallels.com/test/
scoxpo,https://parallels.com/test/
ajacobsoy2,http://blogs.com
vmcdonald5i2,https://pbs.org/test/
cgarzam2,http://blogtalkradio.com
jjordanlh2,https://cargocollective.com
cphillipskr,https://lulu.com/test/
ereedcf,https://discuz.net
cdeanag,http://so-net.ne.jp/test/
rramoshb2,http://sogou.com
vking4r2,http://google.co.jp/test/
rfordrh2,http://wordpress.com
khayespj,https://w3.org
smeyeri12,https://bizjournals.com/test/
jwelchax,http://utexas.edu/test/
cpayne5p,http://virginia.edu
pnguyen4t,https://histats.com
rdaycr,https://bizjournals.com
galexander3f2,https://odnoklassniki.ru
award2c,https://fema.gov
vwalker462,https://technorati.com
epierce9j2,http://ning.com/test/
jramos8a,http://last.fm/test/
jreyes5g2,https://geocities.com
trogersjw,https://studiopress.com
jjohnsonbl2,http://seattletimes.com
golivere42,https://cbslocal.com
dwatkinsl52,https://g.co/test/
jryanm62,http://fastcompany.com/test/
kmillsl92,https://vimeo.com/test/
rbarneslt2,https://walmart.com/test/
jhamiltoncq2,http://apache.org
egreeneg92,https://over-blog.com
sdayih,https://pen.io/test/
jmeyerx,https://lycos.com/test/
aroseo12,http://istockphoto.com
swatkins2j,http://soundcloud.com/test/
ddunnog,https://google.cn
jreedcm,
kmillsl92,http://storify.com/test/
rlittlenl2,https://live.com
gparkerlp2,http://opensource.org
lmasonla,https://salon.com
jcartergv,https://hatena.ne.jp
wmccoy9g2,http://vistaprint.com
darmstrongy2,http://xinhuanet.com
mdaygl,http://opensource.org/test/
mwest10,https://fda.gov
lcampbellp2,http://163.com/test/
lrodriguezq72,https://pcworld.com
llopezmw2,http://google.it
hweavere,http://oakley.com
jgreenee1,https://delicious.com
earnoldgn2,http://sogou.com
jduncan5v,https://dedecms.com
bfullergz2,https://about.me/test/
khugheskt2,https://about.com/test/
jgarcia3b2,https://liveinternet.ru
jwashington4x2,http://altervista.org
dmedinah72,https://meetup.com
mcunninghamg82,https://answers.com/test/
gtorresiq2,https://nature.com
dharrisona12,https://sakura.ne.jp/test/
rross7d2,https://topsy.com/test/
kharrisonpo2,https://amazon.co.uk/test/
jkimal,https://taobao.com
twoodsb22,https://ucla.edu/test/
twallacec92,http://cnn.com/test/
eryan782,http://google.ru
dlewis8e,http://cpanel.net/test/
acook1h2,http://businesswire.com/test/
tcoxhy,http://goo.gl/test/
jjohnsonbl2,http://goodreads.com/test/
bcarrfb2,http://japanpost.jp
jpricek2,https://vistaprint.com
fandrews8w,http://sina.com.cn/test/
bkellyjb,http://java.com
jreidkv2,https://live.com
amorgankx2,http://google.ca/test/
cdeanag,http://bbb.org/test/
dcampbell822,https://amazonaws.com/test/
aboydbc,https://home.pl
shicksbu2,http://nih.gov
rbryant8a2,https://princeton.edu
kboydev2,https://nature.com
dschmidt64,https://weather.com
cbutlerpb,http://storify.com/test/
egilbert4a,https://creativecommons.org
cstephens9s,https://taobao.com
dhugheseu2,https://live.com/test/
jwoodlb2,https://wikia.com
awardp,https://live.com/test/
twarrenoi,http://unc.edu
jowens9m2,http://github.io
cwillisnu2,https://youtu.be
smorrisjs2,https://parallels.com
sphillips9u2,https://hc360.com/test/
lbutlera5,https://europa.eu
lrosemq2,https://techcrunch.com/test/
jgrayki,https://ow.ly/test/
brodriguezfe2,https://chron.com
sgrahambe,http://ehow.com
lrosegm,http://slideshare.net
cgarzam2,https://bbc.co.uk
awagner18,http://4shared.com/test/
jlewis8s2,https://hatena.ne.jp
whicksnl,https://tinyurl.com
aricepx,https://dmoz.org
mruiz8m2,https://over-blog.com
rcolerk,https://artisteer.com
ghowardmr,http://bloglovin.com/test/
krobinsonew2,http://chicagotribune.com
rweavera52,https://furl.net
tcarrollln2,http://hc360.com/test/
aevanshe,https://amazon.de
rrichardson7z2,http://marketwatch.com
bdavis22,https://salon.com
dstewartph,http://hhs.gov
dwhiteit,http://hud.gov/test/
rsmith25,http://yolasite.com/test/
mcunninghamg82,https://vistaprint.com
rsimpsonpy,https://weather.com/test/
mkellybl,http://dion.ne.jp
smeyer2i,https://dot.gov/test/
jmccoy5s2,http://xinhuanet.com
rstephensfq2,http://4shared.com
athompsonen,http://reuters.com
ckellyj7,http://si.edu/test/
kmeyer21,http://slideshare.net/test/
pmeyerfh2,http://ask.com
pkingii,http://1und1.de
aalexanderj4,http://mysql.com/test/
lstoneoa,https://apple.com/test/
wreidrc2,http://msn.com/test/
kharperk3,https://last.fm
bbarnesp12,https://utexas.edu
twellsjz,http://cloudflare.com
gwellsht,http://sciencedaily.com/test/
awood3w,https://comsenz.com
cgrahamqs,http://plala.or.jp
jortizfu2,http://csmonitor.com/test/
rgardner6b2,http://mail.ru
jlarsonkr2,https://mozilla.org/test/
mrogersbr2,https://delicious.com
mfowler372,https://narod.ru/test/
jwebb5v2,http://latimes.com
chughes2d2,https://youku.com/test/
dtorres1n,https://youku.com/test/
emontgomery1n2,http://eventbrite.com/test/
kporterf7,https://alexa.com
nmorris55,http://cdbaby.com
mwebb262,https://ow.ly/test/
mfullerhm2,https://liveinternet.ru
mfullerms2,https://twitter.com/test/
twoodsb22,http://list-manage.com
acoleeo2,https://surveymonkey.com
bperezih2,http://opera.com
dlawsonpm2,https://nhs.uk/test/
bbowmank42,http://un.org/test/
jbailey942,http://rambler.ru
rramoshb2,http://mysql.com
sstephensqp,https://bbb.org/test/
bscottcw2,https://soup.io
ksandersr42,https://sitemeter.com
rjenkins3o2,http://gov.uk/test/
mbailey5u2,https://salon.com
pphillips9r,http://stanford.edu
jdixon3c2,https://wordpress.org/test/
rfostero6,https://edublogs.org/test/
mgarciads2,https://mapquest.com/test/
mharrisonno,http://cdbaby.com
dbellpd2,https://prnewswire.com/test/
jdunnas,http://xrea.com/test/
sgonzalesdl2,http://goodreads.com/test/
dwatsonn1,http://discuz.net
lsancheze8,https://omniture.com/test/
lperkinsj22,http://alexa.com/test/
jmitchellcu2,https://seattletimes.com
mlarsonij,http://aboutads.info/test/
pmatthews1y,http://netscape.com
eellis2l,https://liveinternet.ru
cgilbertf6,https://ftc.gov/test/
cgriffinh8,https://state.gov
lwagneraq,http://dailymail.co.uk/test/
rgrant5l,http://bloomberg.com/test/
smillerh42,http://cdc.gov
shawkinsio2,http://vimeo.com
mreedmb,http://apache.org
cfieldsqq,http://biglobe.ne.jp/test/
astewart98,http://yale.edu/test/
jjackson852,http://jugem.jp
dsims1g2,https://livejournal.com/test/
wgilberteh,http://sbwire.com
elonghy2,http://gmpg.org/test/
tedwardscw,http://youtube.com
jfergusonjf,http://livejournal.com
jwilliamsgg,https://merriam-webster.com/test/
bwilsonbi,http://exblog.jp/test/
gwellsht,https://salon.com
rfox5a2,http://chron.com
cryan5b,https://rambler.ru/test/
jhudson432,http://ucoz.com/test/
bbarnesc5,https://sciencedaily.com
sharperna2,https://com.com
cthomasbp,http://posterous.com
thansen5k2,http://utexas.edu
arobertshw2,https://usnews.com
mbutlerdg2,https://mlb.com
crobertsonhg,https://bing.com
dbishop8h2,https://statcounter.com
tmasonqz,https://vk.com/test/
llopezmw2,https://toplist.cz
erussellks2,http://abc.net.au/test/
cchapmanbn,https://webeden.co.uk
jmeyerx,http://businessinsider.com
trogersjw,http://163.com/test/
mberryib,https://about.me/test/
jdixon3c2,http://pagesperso-orange.fr
smendozagg2,http://pcworld.com
jporter982,http://examiner.com/test/
dwhiteit,http://cloudflare.com
acox8b2,https://twitter.com
jcarpenterdb2,http://gov.uk/test/
vkennedyg02,http://diigo.com
dsnyderbk2,http://tripod.com
amorrisonos,https://latimes.com/test/
jdunnas,https://fema.gov
pharris8l2,http://slideshare.net
tburtonef2,http://people.com.cn
dprice5l2,https://cnbc.com
jturnerd2,http://newyorker.com/test/
dhoward4h2,https://dagondesign.com/test/
abryant2s,https://photobucket.com/test/
sholmes6a,http://fotki.com
fowensa9,http://usa.gov
psmithkn,http://e-recht24.de
chayesat2,https://vistaprint.com
cevans2e,https://miitbeian.gov.cn
gfisheri,https://amazon.co.jp/test/
awebb2o,https://drupal.org
ljohnsonni,https://etsy.com/test/
arobertson8d2,http://nyu.edu
wjameska2,http://yelp.com
sweaverib2,https://seattletimes.com/test/
tclarkbw,https://usda.gov
cboydaj2,http://fotki.com
ablackeu,http://skype.com
tcoxhy,http://bluehost.com/test/
jrichards3w2,http://va.gov
wwashingtonqu,https://dailymail.co.uk/test/
cchavezq2,http://homestead.com
clewism22,http://squarespace.com
pfrazier2w,http://is.gd/test/
dwagner5x2,http://storify.com/test/
jpetersonhv,http://google.pl
rdunno72,https://cbc.ca/test/
jhunth,http://dagondesign.com
fowensa9,https://unicef.org
ehansenet,http://odnoklassniki.ru
wspencer6c2,https://reuters.com/test/
wray60,https://pcworld.com
jwelchax,http://live.com
mfullerms2,http://businessweek.com/test/
twoodsdt2,http://marriott.com/test/
abutler1w2,http://google.co.uk
mberryib,http://mozilla.org/test/
jscottj3,https://cbc.ca
kcrawfordea2,https://360.cn/test/
nholmes6e,http://dropbox.com
tmedinadv2,https://harvard.edu/test/
lharveyd8,https://blogger.com/test/
hcampbell2q2,https://sourceforge.net/test/
jwalkeram2,http://naver.com
rstewartgd2,https://seattletimes.com/test/
charper88,https://ucoz.com
ereynoldsp02,https://ameblo.jp
pcarpenterc22,http://ft.com/test/
spayne9g,http://meetup.com
awatson2s2,https://blogs.com/test/
alopez7n2,https://trellian.com
aburkehb,http://bbb.org
ckingqt,https://about.com
speters4f2,https://theatlantic.com/test/
hsimmonsc82,https://joomla.org
rbarnesfb,https://sitemeter.com
mhayese5,http://mac.com
mbailey5u2,http://toplist.cz/test/
rbarneslt2,https://wikia.com/test/
mfuller1p2,http://angelfire.com/test/
lboydem2,https://statcounter.com
kwelchnt,https://wikia.com/test/
tpalmerw2,http://google.de/test/
trobinsonie2,http://addtoany.com
rgraya82,http://w3.org/test/
mdaygl,http://aol.com
afranklinek,http://constantcontact.com/test/
smendozagg2,https://whitehouse.gov
erose7w,http://oakley.com
sbennett3l,http://nbcnews.com
estevenspq2,https://cnet.com
mwest10,https://nydailynews.com
wreeddn2,http://twitpic.com
rburkee52,http://cam.ac.uk
jcarrollcp,https://wufoo.com
cfieldsjk,http://mtv.com/test/
cgilbertf6,http://hud.gov/test/
shawkins7p,https://economist.com/test/
rrice5w,http://jalbum.net
kwells2j2,http://pagesperso-orange.fr
jknightd12,http://tripod.com/test/
kvasquezki2,https://ftc.gov
ngrayah2,http://aol.com/test/
cadams802,https://amazon.de
jlawsondh2,https://usda.gov
rjohnson2m2,http://vimeo.com
bharpergr,https://gmpg.org/test/
twardri,https://w3.org
charrisonf52,http://bbc.co.uk
ecook3d,https://goo.ne.jp
rowens8c2,http://marketwatch.com
tcampbelllf,https://pen.io
kgomez7z,https://topsy.com/test/
aford7u,http://whitehouse.gov/test/
ktaylorlt,http://feedburner.com
nmoore7p2,http://umich.edu
parnoldid,http://youtube.com
jortizb62,http://huffingtonpost.com
vgilbertjj,http://businesswire.com/test/
jhenrykx,http://gov.uk/test/
gtucker61,https://economist.com
hjenkins4d2,https://about.me
sstewarth0,https://kickstarter.com/test/
lleeot,https://state.gov
awalkerqm2,http://deviantart.com/test/
twelchoz2,https://ehow.com/test/
egarciaep,http://ca.gov
rellisjr2,http://topsy.com
rduncanoc2,https://marriott.com
svasquezk62,http://rakuten.co.jp/test/
dmartinezcm2,https://businesswire.com
sricea0,https://accuweather.com
lhickslc,http://google.pl
cdavismk,http://utexas.edu/test/
randrews7r2,https://technorati.com/test/
kmillerdw,https://quantcast.com
kwells2j2,http://trellian.com/test/
asmithiw2,https://hostgator.com
kjamesdl,http://yale.edu
sfosterlp,http://utexas.edu/test/
drobertsonnz,http://dmoz.org/test/
jmitchellcu2,https://lycos.com/test/
sperkinsdd2,https://engadget.com
cmorris632,https://unc.edu
jpetersonme,https://chicagotribune.com/test/
aroberts3e2,http://whitehouse.gov/test/
tsimpson22,https://tumblr.com/test/
tbrownpz,https://accuweather.com/test/
ccarrfg2,https://cnn.com/test/
gwardo5,https://mit.edu/test/
cwalkerca,http://shutterfly.com
jshawqw,http://ebay.co.uk/test/
pmurphyj8,http://opera.com
kandrews9y,http://google.com.hk
astewartlg2,https://icq.com
acook1h2,http://vk.com
dfisher6j2,https://illinois.edu
jreyes5g2,http://paginegialle.it/test/
mhendersonqc2,http://yale.edu
framosq4,http://opera.com
jlopezk12,http://ft.com/test/
hburnsb02,http://ca.gov
jrichardsnh2,http://hc360.com/test/
abryant2s,https://nba.com/test/
stuckerfw2,https://spiegel.de/test/
sjohnsonqe,https://dyndns.org/test/
ebaileyl7,https://statcounter.com
lsancheze8,https://hubpages.com
amontgomeryic,https://umn.edu
mhernandezg0,https://harvard.edu/test/
dfisher6j2,http://nyu.edu/test/
eberry6f2,http://posterous.com
mwelchhn,http://dagondesign.com
acunningham762,http://cmu.edu
arogersn3,https://hatena.ne.jp
mscottq22,http://xinhuanet.com
nrodriguez6w2,https://alexa.com
jdayfa,https://t-online.de
gwoods4s2,http://apple.com
mberryib,https://eepurl.com/test/
lruizp0,https://utexas.edu/test/
selliotthd,https://msu.edu/test/
jjacobsby,http://naver.com
cboydaj2,http://comcast.net/test/
wrichardson3p,http://abc.net.au
mhudsonbn2,https://dot.gov/test/
fowensa9,https://apple.com/test/
rgardner6b2,http://trellian.com
cdiazm5,http://soundcloud.com
jmcdonaldf2,https://narod.ru/test/
ddunnog,http://wisc.edu/test/
jedwardsis,https://blogs.com/test/
prosels,http://vinaora.com/test/
jgrayk7,https://nationalgeographic.com
phawkinsms,http://businessweek.com/test/
jburke2w2,http://tripadvisor.com/test/
trobertsqa2,https://furl.net
aalexanderj4,http://bbc.co.uk
lrichardsoncn2,https://gmpg.org
dgrayqo,https://usgs.gov
mcruzae,http://barnesandnoble.com
drice1q2,https://squarespace.com/test/
jjordanlh22,https://ucla.edu/test/
ccarpenter1a2,http://ucoz.ru/test/
tedwards2d2,http://imageshack.us/test/
esnyderng22,http://privacy.gov.au/test/
sblackci2,https://ehow.com
aharveym122,https://wsj.com/test/
rfordrh22,http://dailymotion.com
fandrews8w2,http://istockphoto.com
cthompsonk02,https://spiegel.de
fsimmons6222,https://about.me
hjordan5922,
earnoldgn22,http://webnode.com/test/
cadams8022,https://ed.gov
privera8l2,http://wunderground.com/test/
twheelerlq2,http://gravatar.com/test/
cmoreno6d2,http://sciencedirect.com/test/
cramosf52,https://walmart.com
bnicholsn622,http://theguardian.com
acoleqy2,https://bloglovin.com
jtuckeror2,https://theglobeandmail.com
abrownn222,https://odnoklassniki.ru
priverakg22,http://163.com/test/
landrewsgs2,http://oaic.gov.au/test/
jadams5z2,http://bluehost.com/test/
mjohnstongp2,http://cloudflare.com
pgreeneh522,http://webeden.co.uk
afrazierq22,https://imgur.com/test/
lsandersjx22,http://naver.com/test/
dmills5m22,https://meetup.com
kfloresrf2,https://sciencedaily.com
cmcdonaldce2,https://mediafire.com
cdiazm52,https://economist.com
ahill7n2,https://webnode.com
acunningham7622,https://squidoo.com/test/
jstone6g2,https://hc360.com/test/
jkelleyr522,http://sohu.com/test/
lsullivanm12,https://sitemeter.com
alawrencer822,http://mediafire.com/test/
jwilliamson8v22,https://altervista.org/test/
wspencer6c22,http://dmoz.org/test/
vbaker9i2,https://devhub.com
darmstrongy22,http://goo.ne.jp/test/
mhendersonqc22,http://is.gd/test/
pcunningham722,https://apache.org
ehowellp322,https://salon.com
jturner4q22,https://dedecms.com/test/
dflores7522,https://wsj.com/test/
rkennedych2,https://over-blog.com
jmitchellu22,http://europa.eu/test/
dwhiteit2,https://technorati.com
mjacobsc522,https://google.com.br/test/
efosterah2,https://is.gd/test/
fandrews8w2,https://state.gov/test/
drobertsonro2,http://github.com
charrisonf522,https://github.com
rbakerdd2,https://wufoo.com/test/
jrobinsongn2,https://seesaa.net
jbradleyfv22,http://bloglovin.com/test/
aboydbc2,http://pcworld.com/test/
jbennettjm22,http://gov.uk/test/
mperezgv22,https://apple.com/test/
kwatson6g22,http://dedecms.com/test/
lmontgomeryfk22,https://oracle.com/test/
cflores832,https://creativecommons.org
mphillips522,https://youtu.be
wspencer6c22,https://shutterfly.com
etorresnc22,https://springer.com/test/
cwoodscd22,https://google.es
csnyderi02,https://state.tx.us/test/
dhudson622,https://blogtalkradio.com
mhughesm522,https://skype.com
ekelly292,https://fotki.com
lbanksky2,https://tinypic.com
mfergusonic22,https://telegraph.co.uk
jmontgomery372,https://bing.com
dgomez6t22,http://zdnet.com/test/
rmorris1u22,https://psu.edu/test/
wfranklinnq22,https://gizmodo.com
rkelleyrp22,https://unesco.org
vhallpp2,https://eventbrite.com/test/
jsanders92,https://lycos.com/test/
cspencerra2,http://about.me
jreyes962,http://jigsy.com
afernandez6p22,https://statcounter.com/test/
rmorgancb2,http://hhs.gov
awardov22,https://dmoz.org/test/
echapmania22,http://drupal.org/test/
shernandezhx2,http://nih.gov
ntuckerds2,https://51.la/test/
kwallacebq2,http://squarespace.com/test/
dbakerf622,http://whitehouse.gov
jwashington1a22,http://columbia.edu/test/
brodriguezdf22,http://people.com.cn
rjenkins3o22,https://ucoz.com/test/
imcdonaldax22,https://mozilla.com/test/
prosels2,http://list-manage.com/test/
sortizej22,https://adobe.com/test/
tfullerp22,https://technorati.com/test/
cwagner9t22,https://surveymonkey.com
acarpenter1g2,https://tmall.com/test/
dcollins1022,http://123-reg.co.uk
bharpergr2,http://go.com/test/
rfrazierm82,http://furl.net
drichardsg52,http://columbia.edu/test/
kvasquezki22,http://ucsd.edu
dbishop5i2,http://list-manage.com
ggarciaik2,https://apple.com
kcunninghamp422,http://yellowpages.com
svasquezk622,http://unesco.org
preedn02,http://comcast.net/test/
ghowardmr2,http://harvard.edu
jlee582,http://patch.com
jhudsoneh22,https://nymag.com
lgilbert912,https://flavors.me/test/
kporterf72,http://w3.org/test/
carnold312,https://bing.com
ncollinsou2,http://cocolog-nifty.com/test/
pryan7d2,http://indiegogo.com/test/
sbellmz22,https://china.com.cn
vthompsone222,http://theguardian.com/test/
smillsjb22,http://desdev.cn/test/
whawkins2p2,https://ftc.gov
tpiercea2,http://un.org/test/
mperryfi22,http://prlog.org/test/
sstone4n22,https://harvard.edu/test/
jmurphy2x2,https://xrea.com
speters7i22,http://twitpic.com
nwagnerni22,https://apple.com/test/
rnichols2h2,https://springer.com/test/
bgrahammm22,https://mysql.com/test/
bmorales32,http://cdc.gov
jgardnerg722,https://eepurl.com/test/
jsancheza12,https://state.gov/test/
nwalkerco22,https://latimes.com
mramirez3122,https://redcross.org
jgeorge5522,http://baidu.com
llewis3822,https://ovh.net
kwagnerk22,https://miibeian.gov.cn/test/
amedinaew2,http://nasa.gov/test/
shunter712,https://wikispaces.com
tsmithmo2,https://wsj.com
jkelleyee2,https://alexa.com
twallacec922,http://prlog.org/test/
tallen9s22,http://artisteer.com
gmitchellkk2,https://noaa.gov/test/
egarciaep2,https://uol.com.br
acarrollnv22,https://google.it
dbaker6922,http://g.co
bandersond922,https://squarespace.com
pcooper4i22,https://nature.com
mgonzales8j22,http://usgs.gov
abrownn222,https://wordpress.org/test/
cmccoyh62,https://illinois.edu
wellis9622,http://t-online.de/test/
pfowlerin22,https://youtu.be
cwilsonqd22,http://zimbio.com/test/
gramirezol22,https://vkontakte.ru
tallen9s22,http://vimeo.com
sjonesr322,https://umn.edu/test/
chughes2d22,http://istockphoto.com
lclark1122,http://linkedin.com
bwoodsik22,http://cocolog-nifty.com
lcrawfordij22,http://dropbox.com/test/
mreyescd2,https://google.com/test/
pricenr2,http://plala.or.jp/test/
mlanea222,https://wordpress.com/test/
jbennettnh2,https://un.org/test/
rtuckerau22,https://youku.com
ctorresmy2,http://jugem.jp
lpetersonpt22,http://netvibes.com
rryanpv22,https://pinterest.com
rstewartgd22,https://google.ru/test/
ahill5722,http://spotify.com/test/
daustin3z2,https://economist.com/test/
jhudson2322,http://phoca.cz
scunninghamf2,http://toplist.cz/test/
rfrazierm82,http://w3.org/test/
egreeneg922,http://census.gov/test/
gcunninghamm2,https://macromedia.com
bgeorge6i22,https://photobucket.com
ncollinsou2,http://ustream.tv/test/
mphillips522,http://homestead.com/test/
gcollinsd42,https://japanpost.jp/test/
crobertsonhg2,https://bizjournals.com/test/
jwhiterc2,https://istockphoto.com/test/
error: Could not access blank value: Use || to provide a default value for blank fields.  Example: (my_field || 0) + 1,https://github.com/test/
vking4r22,https://csmonitor.com/test/
hstanleykl22,https://sciencedaily.com
jhunth2,http://bandcamp.com
tcruznx2,http://eventbrite.com/test/
ajacobsoy22,http://buzzfeed.com/test/
bwelchgb22,http://naver.com/test/
cchavezq22,https://comcast.net
vmorrison2e22,http://youtube.com
kjohnstonb52,https://imgur.com/test/
jcastillohn22,https://chron.com/test/
jpricek22,https://comcast.net
msanchez8t2,http://mapy.cz/test/
mhanson3u2,http://skype.com
mfordrr2,http://house.gov/test/
lbrooksdq22,https://nhs.uk/test/
gcollinsd42,https://tmall.com/test/
ghicksqd2,https://com.com
sortizej22,http://ning.com/test/
dgrayb62,https://virginia.edu
dspencerqh2,http://joomla.org/test/
mramosif22,http://house.gov/test/
ggarciaik2,http://timesonline.co.uk
svasquezk622,http://forbes.com
vwarrenq822,https://nhs.uk/test/
rcunningham6o22,https://europa.eu
jknightd122,https://ameblo.jp/test/
pwebbdo2,http://latimes.com
pfisher5d2,http://unblog.fr
agrahambc22,http://hibu.com
dhawkinskq2,http://vk.com
mmoralesns22,https://chron.com/test/
mbutlerc92,https://tamu.edu/test/
sfrazierhx22,http://opera.com
rholmes692,http://pen.io
wlynchhi2,https://about.me
lkelleyra22,http://nyu.edu/test/
kramirez8u2,https://smugmug.com/test/
wfranklinnq22,http://vimeo.com
hjacksonr82,https://mapy.cz/test/
ipowellpf2,http://craigslist.org/test/
fsmith5h2,https://nymag.com/test/
jwellsrq2,http://wordpress.com/test/
tbrooksfr22,http://paginegialle.it/test/
lpierce2n2,http://dmoz.org/test/
gtorresiq22,https://cyberchimps.com
lharveyc122,http://hugedomains.com/test/
chunter2x22,https://youtu.be
hrodriguezli22,https://ow.ly
bramirez8u22,https://bbb.org/test/
solsonad22,http://tuttocitta.it/test/
jowensp52,http://dagondesign.com/test/
pcollins9h2,https://comsenz.com/test/
rgraya822,http://sina.com.cn
jandersonfz22,https://xinhuanet.com
rburkee522,http://mtv.com
cleedi22,http://house.gov
jrossc022,http://go.com
dwright5322,https://shop-pro.jp/test/
cstephens9s2,http://tumblr.com/test/
dadamsqh22,https://cnet.com/test/
lpierce2n2,http://cnet.com/test/
dprice5l22,https://imdb.com/test/
jrileyjq2,http://abc.net.au/test/
cwilsonq422,http://nyu.edu/test/
sbelldb2,http://slideshare.net
jwilsonnp2,https://shinystat.com/test/
rbutler682,https://linkedin.com
jgreene2m2,https://earthlink.net/test/
lrosemq22,https://weibo.com/test/
gjohnsonqn22,http://wix.com
kcastillov22,http://bbb.org/test/
lsandersjx22,http://salon.com/test/
abailey2a22,http://reuters.com
jmitchellu22,https://wunderground.com/test/
eking2v22,https://washington.edu/test/
hfoster3a22,http://si.edu/test/
athompsonen2,http://narod.ru
vmyerskh22,http://addthis.com
efranklinjg2,http://va.gov
pfernandez5y2,http://timesonline.co.uk
rgarza3x2,http://theatlantic.com/test/
kstoneqt22,http://bloglovin.com/test/
rfloresbj22,https://europa.eu
lmartinezgj22,https://yelp.com
jlewis8s22,https://flavors.me
tmendozamn22,http://t.co/test/
mhanson3u2,http://bigcartel.com/test/
hmurrayko2,http://usa.gov
wdayau2,http://ibm.com
jhenrykx2,http://woothemes.com
jblacknz22,http://wisc.edu/test/
imcdonaldax22,https://yolasite.com/test/
brodriguezim22,http://is.gd/test/
cwalkerca2,https://mlb.com/test/
jarnold972,https://si.edu
jlawsondh22,https://xrea.com/test/
dbaker6922,http://live.com
dsullivanam2,http://nymag.com
wfranklinnq22,https://slashdot.org
pellis4o2,http://instagram.com
jdayfa2,http://alexa.com/test/
lryanhf22,http://unicef.org
sfrazierhx22,https://ow.ly
jjamesh222,https://skype.com
jhuntnr22,https://live.com/test/
sdeanj722,http://discuz.net/test/
speters7i22,http://phoca.cz
dlawsonpm22,https://histats.com
thansen5k22,http://google.cn
wbutlero322,http://paginegialle.it/test/
lmedinaku2,https://cpanel.net/test/
kjohnstonb52,https://harvard.edu/test/
tmasonqz2,https://businesswire.com
pthompson2f2,https://dedecms.com/test/
ahartak2,https://engadget.com/test/
jwhiteq922,http://state.tx.us
mdanielshq2,http://economist.com
kperkinsrr22,http://youtu.be
pwatsonpj22,https://vimeo.com/test/
spierceg22,http://angelfire.com
rcruzhh22,http://51.la
rlittlenl22,http://is.gd/test/
bhickse022,http://hhs.gov
hmorganc622,http://so-net.ne.jp/test/
arobertson8d22,https://home.pl/test/
lharrison7v2,http://twitpic.com
acoleqy2,http://ibm.com
dwheeler3d22,http://woothemes.com
dbellmo22,https://mtv.com
eleep522,https://npr.org
hbutlerkz22,https://ted.com/test/
syoungma22,https://usgs.gov/test/
vdixonpx22,https://bravesites.com
sgonzalesdl22,http://e-recht24.de
cmorrison2z2,http://yelp.com/test/
rhunter3322,http://studiopress.com/test/
jmurphyfg2,https://sakura.ne.jp/test/
jpowellkh2,https://ucoz.ru
rstonekb2,https://springer.com/test/
nduncan652,https://hubpages.com
sgreene5x2,https://cdc.gov
fpayne5j2,http://hhs.gov
kbankscs22,http://businesswire.com/test/
tblackgp22,http://vk.com
vsimsmv22,https://home.pl/test/
ncollinsou2,http://goo.ne.jp/test/
tbanksji22,http://ezinearticles.com/test/
sbennett3l2,https://angelfire.com
trobinsonc02,https://cam.ac.uk/test/
rsandershs2,https://ox.ac.uk
fpayne5j2,https://fc2.com/test/
sroseo822,http://hud.gov/test/
vbrown1l22,http://timesonline.co.uk
jpetersonhv2,https://purevolume.com
kmills432,https://cocolog-nifty.com/test/
bscottck2,http://pen.io/test/
sortizej22,https://sina.com.cn
cboydmu22,http://woothemes.com
dharrisona122,https://parallels.com/test/
dpalmer2522,http://bloomberg.com/test/
dcarrdr22,http://foxnews.com/test/
mweaver992,http://newyorker.com/test/
mtayloray2,http://irs.gov/test/
tcartergt2,https://senate.gov
dkennedy5f2,http://dagondesign.com
tfisherj022,http://smugmug.com
jgrayqm2,http://webeden.co.uk
jdanielso42,http://prlog.org/test/
bbarnesc52,https://unesco.org
swilsonde2,http://dion.ne.jp
rgriffinb22,https://51.la
bfullergz22,http://exblog.jp/test/
rrichardson7z22,http://pinterest.com/test/
mdixon942,http://who.int
drobertscn2,https://shinystat.com
jgardnerg722,https://shinystat.com/test/
kbrowniq2,https://w3.org/test/
dharrisona122,http://dagondesign.com
drobertsonro2,https://youtu.be
sramos3o2,https://tuttocitta.it/test/
tpalmerw22,http://toplist.cz
vbrown1l22,https://hud.gov
asullivan532,https://ovh.net
cmarshall1v22,https://hatena.ne.jp
dlane1h2,http://blinklist.com
rhoward7y22,https://rediff.com/test/
bhenderson5g2,https://t-online.de
error: Could not access blank value: Use || to provide a default value for blank fields.  Example: (my_field || 0) + 1,http://apache.org
acoleeo22,http://nih.gov
sbrooks4s2,http://vimeo.com
sthompsonob22,http://si.edu
sperkinsdd22,https://163.com
kperkinsrr22,https://fc2.com/test/
shamiltonit22,https://rediff.com
mgarciads22,http://bloomberg.com/test/
jhawkinsie2,http://list-manage.com/test/
jjones8322,http://samsung.com
jsmith4b22,http://mapy.cz/test/
rscott352,http://ftc.gov/test/
jmurray7022,http://phpbb.com/test/
jryanm622,http://4shared.com/test/
dmoralesq022,https://globo.com/test/
dsnyderbk22,https://webs.com/test/
stuckerfw22,https://alexa.com
kramoso2,http://chicagotribune.com/test/
chunterp922,https://chron.com/test/
bstephens2z22,https://wikia.com/test/
eburkek52,https://nytimes.com/test/
lelliottnu2,https://issuu.com
jwilliamson8v22,http://nationalgeographic.com
jhansen9q22,https://theatlantic.com/test/
tgardner7m2,https://livejournal.com/test/
abrownn222,https://bravesites.com
cmorris6322,http://nydailynews.com
abishopba22,http://cnn.com/test/
bfreeman8c2,https://craigslist.org
slynchmu2,https://alexa.com/test/
mtayloray2,http://globo.com
hgilbert2u2,http://usgs.gov
pmyersac2,https://vimeo.com/test/
aford7u2,https://ocn.ne.jp/test/
speters4f22,https://loc.gov/test/
bmoore6s22,https://noaa.gov/test/
abellhs22,http://engadget.com
mfuller1p22,https://homestead.com/test/
jmatthewsnc2,https://oakley.com
kcarter1x2,http://xinhuanet.com
fandrews1422,https://economist.com
drobertsmy22,http://tripod.com/test/
dtorres2f22,https://mysql.com/test/
cellis3i2,http://ask.com
ppeters3y22,https://narod.ru
rjenkins3o22,https://utexas.edu/test/
amorgankx22,https://gov.uk
cdiazm52,https://aboutads.info
ccastillogt22,http://usa.gov
bramirez8u22,http://symantec.com
athomaset22,http://indiatimes.com/test/
astevensga2,http://alexa.com
esimpsonpw22,http://photobucket.com/test/
pmatthews6o2,https://fastcompany.com
thughesj122,https://vk.com
rwilliamson122,https://liveinternet.ru/test/
cmorenoe622,http://dion.ne.jp
vgilbertjj2,http://fema.gov/test/
acolecc2,https://nsw.gov.au/test/
twarrenoi2,http://timesonline.co.uk
bfosterhq22,http://nsw.gov.au/test/
bburnsh42,http://seattletimes.com
rwarrenkv2,http://so-net.ne.jp/test/
eandersonkb22,https://blog.com
cbailey7l2,https://wsj.com/test/
rpetersonmf22,http://dmoz.org/test/
mpowellfm2,http://devhub.com/test/
jcookj22,https://spotify.com
erose7w2,https://jimdo.com/test/
amooreh32,https://macromedia.com
lwilliams7l22,https://bbc.co.uk/test/
daustin3z2,https://theguardian.com/test/
mbailey5u22,https://amazon.co.uk/test/
dbakerf622,https://multiply.com
bdavis222,http://jugem.jp
dlawsonq122,https://geocities.com
tmartin8s2,https://admin.ch
thenderson7b22,https://msn.com/test/
jmeyerr622,https://sciencedaily.com
pfrazier2w2,http://blogtalkradio.com/test/
jbanksli2,http://posterous.com
adixonf82,https://squidoo.com
sgutierrezca22,http://bbc.co.uk/test/
pgarciab922,https://ehow.com
lphillips3i22,http://forbes.com
jadamsfu2,http://squarespace.com/test/
bhowell6x22,https://noaa.gov/test/
athomaset22,https://wikispaces.com
dtorres2f22,http://soup.io
bmedinaoe22,http://noaa.gov
sramos3o2,http://homestead.com/test/
pmurphyj82,http://phpbb.com/test/
cpayne5p2,https://mozilla.com/test/
lleeot2,https://constantcontact.com/test/
sphillips9u22,http://dagondesign.com
rolson152,http://abc.net.au/test/
tkelleyjp2,http://t.co/test/
knguyenin2,https://over-blog.com
kcarter1x2,https://wikia.com/test/
speters7i22,http://sina.com.cn/test/
tfoxrk22,https://slashdot.org/test/
jcampbellb22,http://php.net
bbryantny2,http://ebay.co.uk/test/
jwelch9722,https://dropbox.com/test/
cevans12,https://aboutads.info
rsmith252,http://vkontakte.ru/test/
jgordonbv2,http://hatena.ne.jp
bbowmank422,http://ft.com/test/
bhenderson5g2,http://barnesandnoble.com
jjenkinsqw22,https://unicef.org
jsandersfv2,https://tiny.cc/test/
jlee582,http://cafepress.com
cryan5b2,http://desdev.cn/test/
sjonesr322,https://dailymotion.com/test/
dmason9222,https://smugmug.com/test/
rstone3f2,http://webs.com/test/
jkelleyee2,https://hud.gov
bedwardsne22,http://constantcontact.com/test/
jfosterbb2,http://nsw.gov.au/test/
jwallaceiz22,https://yelp.com/test/
twallacec922,https://chronoengine.com
mfullerms22,https://eventbrite.com/test/
tkim7m22,https://vimeo.com/test/
rweavera522,http://sohu.com/test/
tpattersonpf22,http://usda.gov
pcole9n2,https://jiathis.com/test/
sreyesll2,http://loc.gov/test/
jharperje2,https://infoseek.co.jp/test/
kcunningham2c22,http://flickr.com
jmillerbm2,http://tuttocitta.it/test/
kcarrollcj22,http://woothemes.com/test/
bnelson4522,https://ustream.tv
sthompsond12,https://creativecommons.org/test/
nmoore7p22,https://edublogs.org/test/
dgarrett1i22,http://cnn.com/test/
mgutierrezmt22,https://alibaba.com
lcampbellp22,http://github.io
wpetersonhr22,https://usda.gov
haustine22,https://theglobeandmail.com/test/
jmccoyow22,http://apple.com
tgardner7m2,http://t-online.de/test/
bgutierrez8j2,https://examiner.com/test/
cwoodscd22,http://apple.com
bpricea62,http://google.es
psmithkn2,http://amazonaws.com
dpalmer2522,http://fda.gov
mwebb2622,https://163.com
dstewartph2,https://latimes.com/test/
cdaniels1u2,http://dion.ne.jp
jlee582,https://apple.com/test/
jjones9n22,http://accuweather.com
tjohnstono222,http://zimbio.com
jsanders92,https://mapquest.com/test/
jrichards3w22,https://edublogs.org/test/
jjamesh222,http://theatlantic.com/test/
lstevens3r22,https://joomla.org/test/
rlopezge22,https://virginia.edu/test/
rjohnson2m22,https://ft.com/test/
lstoneoa2,https://vk.com
gfisherbz2,https://marketwatch.com
sholmes6a2,https://sourceforge.net/test/
alittle6h2,https://accuweather.com
mwest102,http://bloglovin.com/test/
jevans2i22,http://angelfire.com
jberry342,http://yelp.com
rhillkm2,https://dmoz.org
dmills5m22,http://businesswire.com/test/
jarnold972,https://about.me
cfoxbg22,http://tripod.com
bmitchell3y2,http://wordpress.org/test/
mhughesm522,http://com.com/test/
jbanksg222,https://reddit.com/test/
pgarciab922,http://weibo.com
dcollins1022,http://businesswire.com/test/
sblacki22,https://homestead.com/test/
lphillips3i22,http://theatlantic.com
jfranklinq62,http://themeforest.net/test/
rpetersg62,https://surveymonkey.com
kcarter1x2,http://vkontakte.ru/test/
jperrypr2,https://chicagotribune.com/test/
ttuckerls22,http://wordpress.org
eellis2l2,http://hatena.ne.jp
sbaker8e22,https://w3.org/test/
mrosse62,https://github.com/test/
cbowmanpu22,https://gravatar.com/test/
bstephens2z22,http://hubpages.com
tjohnston482,https://rambler.ru/test/
wlonglx2,https://w3.org
klynch5t22,https://alexa.com/test/
nwashingtonat2,https://yellowpages.com
akimaf22,http://virginia.edu
srichardsonof2,http://smugmug.com
djameshj2,http://ox.ac.uk
mkellybl2,http://hexun.com/test/
ljohnsonni2,http://feedburner.com/test/
agarrett62,http://cmu.edu/test/
swatsoncz22,http://reference.com/test/
awood3w2,https://comsenz.com
mmendozak222,https://amazon.co.uk
pwilliamsoni42,https://bing.com/test/
areid3222,http://bluehost.com
areynolds1622,http://moonfruit.com/test/
balvarez3j22,https://cocolog-nifty.com
ddanielsoy2,http://google.de/test/
lhunterba2,https://ucsd.edu
jporteral22,https://ftc.gov
jhall7t22,http://tinyurl.com/test/
tcartergt2,https://shutterfly.com
asims7e22,http://surveymonkey.com
kstevens1r2,https://virginia.edu/test/
dharrisona122,https://cpanel.net/test/
emontgomery1n22,https://twitter.com
afranklinrj22,https://themeforest.net
smarshallpi2,https://hud.gov
jcarpenter2q2,http://gov.uk/test/
dstewartn62,https://meetup.com
erobinsonou22,https://merriam-webster.com/test/
jramirezoo22,http://youtube.com
dhawkinskq2,http://gov.uk/test/
schapmang22,https://tiny.cc/test/
pblackkg2,https://va.gov/test/
eburkedm2,http://yelp.com/test/
kalexandermf2,http://istockphoto.com/test/
jhudson2322,http://dailymotion.com/test/
pmurphyb92,https://alexa.com
ariverah22,http://blogger.com
sharrisbb22,https://tamu.edu/test/
lcox332,http://studiopress.com
privera8l2,https://howstuffworks.com/test/
hrodriguezli22,http://time.com
cchavezq22,https://lulu.com/test/
pryan7d2,http://jimdo.com
slawrence3j2,https://icq.com/test/
tgeorgehd22,https://google.com/test/
dbakerqz22,http://statcounter.com/test/
mgarrett7g22,https://globo.com
slawrence3j2,https://phoca.cz
jgarcia3b22,http://msn.com/test/
sdayy2,http://fastcompany.com/test/
kjacksonji2,http://youtube.com/test/
aspencerqx22,https://wisc.edu/test/
rmontgomerybv22,http://t-online.de
wrobinsondy2,https://typepad.com/test/
tclarkc2,http://posterous.com
mdaygl2,https://indiegogo.com
rwarrenkv2,https://google.de
pblackkg2,https://oakley.com
jgomezbt2,http://domainmarket.com/test/
award2c2,https://wp.com/test/
wreyes5q22,http://msn.com/test/
mfuller1p22,http://wikipedia.org
lmontgomeryfk22,https://meetup.com
wmccoy9g22,http://google.com.au/test/
vwalker4622,https://whitehouse.gov/test/
ecook3d2,https://ow.ly
pfrazier2w2,https://livejournal.com/test/
charper882,http://pinterest.com/test/
pvasquezdr2,https://mlb.com
dtaylorcz2,https://home.pl
cellisb422,http://dyndns.org/test/
jmartin1j22,http://com.com/test/
dhartjg22,http://symantec.com
lbishopqr22,https://dedecms.com/test/
jmarshall3q22,https://hhs.gov/test/
crodriguez9e22,https://odnoklassniki.ru
asullivan532,https://sitemeter.com
lgibsonjh22,http://abc.net.au/test/
lperkinsj222,http://marriott.com/test/
rgraya822,https://yahoo.co.jp
efoster8g2,https://delicious.com
mnguyenol2,http://newyorker.com/test/
mrosse62,https://comsenz.com/test/
ecastilloab2,https://utexas.edu/test/
ahernandezhj22,https://sakura.ne.jp/test/
rholmes6s2,http://mayoclinic.com/test/
dsnyder452,http://wordpress.com/test/
bwashington1k22,http://oracle.com
wreidrc22,http://blogs.com/test/
nschmidtoq22,http://networksolutions.com/test/
crogerslw2,http://wiley.com/test/
jwilliamsgg2,http://tamu.edu
chayesat22,http://newsvine.com
kstevensir22,https://cnn.com
wrobinsondy2,https://github.com
jnelson852,http://bigcartel.com
rwillisd92,https://shop-pro.jp/test/
srogersdx22,http://loc.gov/test/
bstewartci22,http://wikipedia.org/test/
twheelerlq2,https://youku.com
aburkehb2,http://apache.org
dalvarezcb22,http://utexas.edu
kwagnerk22,https://buzzfeed.com
lharrisonj22,http://independent.co.uk
gramirezol22,http://auda.org.au/test/
dmeyer4m2,http://4shared.com
jmyers122,https://wordpress.org/test/
jfranklinq62,https://gmpg.org/test/
jcastillojd2,https://unesco.org/test/
jrayju22,https://hhs.gov/test/
jbanksiv2,https://indiatimes.com
jbrooks2l22,http://utexas.edu/test/
hmiller7s2,https://elegantthemes.com
arobertshw22,https://weather.com/test/
mfranklinqi2,http://sina.com.cn/test/
lhunterba2,http://google.ru
dhawkinskq2,https://telegraph.co.uk
rwatkinsl52,http://newsvine.com
rmorrisono82,http://wiley.com/test/
ddavis4a22,https://businessinsider.com
rfrazierm82,http://cnet.com/test/
acoleqy2,https://is.gd/test/
jwashington1a22,https://live.com/test/
crogersg42,http://topsy.com
rscott352,http://fda.gov
jlewisjv2,http://topsy.com
rwhite8f2,http://networksolutions.com
gjohnsonqn22,http://woothemes.com/test/
mhanson3u2,https://cafepress.com
kjohnstonb52,http://utexas.edu/test/
jmcdonaldf22,http://redcross.org
snelsonfz2,https://amazon.co.uk/test/
rbrown442,http://so-net.ne.jp/test/
jbradleyfv22,https://liveinternet.ru/test/
kandrews9y2,http://un.org/test/
kwatsonp92,http://mit.edu
cwilsonq422,http://miitbeian.gov.cn
gtorresiq22,https://vistaprint.com
imcdonaldax22,https://narod.ru
thamiltonp42,https://blogtalkradio.com
mdayha2,http://squarespace.com/test/
lnichols4j2,https://google.es
rjohnsonod22,http://dell.com/test/
djonesqp22,http://w3.org/test/
mhart2y2,http://linkedin.com
sbrooks4s2,http://drupal.org/test/
kcarter1x2,https://google.com.au
smurphyix22,http://istockphoto.com/test/
nrodriguez6w22,http://sohu.com
wowensqr2,http://sciencedaily.com/test/
dbishop8h22,https://techcrunch.com/test/
dlawsonpm22,https://dailymotion.com/test/
brodriguezdf22,http://mac.com
jfernandezrd22,https://quantcast.com
mgarciads22,http://abc.net.au/test/
jlewisjv2,http://uol.com.br
scoxpo2,http://usgs.gov/test/
mgreeneln2,https://skype.com
kwelchnt2,http://nature.com/test/
dmarshallgi2,https://senate.gov
kcunninghamae22,https://google.de
pnguyen4t2,https://noaa.gov/test/
jgreenee12,https://rakuten.co.jp/test/
mharrison472,http://chicagotribune.com/test/
jgilbertmp2,http://networksolutions.com
pwilliamsoni42,https://taobao.com
rdunno722,http://unicef.org
chunter2x22,https://buzzfeed.com/test/
nwagnerni22,http://dion.ne.jp
charper882,https://wordpress.com
rhunter3322,http://vk.com
hbutlerkz22,http://google.ru
dsimpson7c22,https://theatlantic.com/test/
jnelson852,https://comcast.net
pkellye42,http://angelfire.com/test/
bhawkinsfj22,http://stanford.edu
jdeanft22,http://jugem.jp/test/
spattersone22,http://unc.edu
hpricejn2,https://trellian.com
triceon2,https://yolasite.com/test/
hmurrayjr2,https://oakley.com
kwelchnt2,https://ft.com/test/
rmontgomerybv22,http://sina.com.cn/test/
ecastilloab2,https://unc.edu
smendozagg22,http://photobucket.com
cellis3i2,https://drupal.org/test/
tsanders9f2,http://barnesandnoble.com
carnold312,https://amazon.de/test/
award2c2,http://comcast.net/test/
bmedinaoe22,https://indiatimes.com
awood3w2,https://taobao.com
srichardsonof2,https://nationalgeographic.com/test/
dmedinah722,http://vinaora.com/test/
dsanchez8h2,http://mac.com
pwatsonog22,http://live.com
shayes562,https://geocities.com
dfreemanr92,https://woothemes.com/test/
rmcdonaldlm22,https://auda.org.au/test/
lhunterba2,http://auda.org.au
enelsonfp2,https://usgs.gov
amorgankx22,http://umich.edu/test/
bpatterson2g2,http://mayoclinic.com
pvasquezdr2,http://un.org/test/
mlee7f22,http://deliciousdays.com
aburkehb2,https://xrea.com/test/
mwellsdp22,http://google.de/test/
randersonht22,https://elegantthemes.com
lmasonla2,https://ftc.gov/test/
bsimpson192,https://ca.gov
kporterf72,http://businessinsider.com
chayesat22,http://bloglovin.com
emillerh22,https://istockphoto.com/test/
jhenrykx2,http://elegantthemes.com/test/
eryan7822,https://springer.com/test/
afernandez6x2,http://networksolutions.com
dmarshallgi2,http://mapquest.com/test/
rruiz6r22,http://wordpress.com/test/
prodriguezm62,http://indiegogo.com/test/
mallenlj2,http://jugem.jp/test/
tburtonef22,https://ehow.com/test/
shamiltonit22,https://cargocollective.com
ccarrfg22,http://about.me/test/
rlittlegx22,http://comcast.net/test/
esimpson2p22,http://wikipedia.org/test/
nsanchez6a22,https://usgs.gov/test/
jwillisbh2,https://ucla.edu
mhayese52,https://mapquest.com/test/
rlopezge22,https://mtv.com
ataylorck22,http://w3.org/test/
arussell952,https://prweb.com/test/
csmith8z22,https://flavors.me
pgutierrezfe2,http://nyu.edu
shayes562,http://examiner.com
bstephensbr2,http://ibm.com
nwashingtonat2,http://studiopress.com
sharris7x22,http://smugmug.com/test/
vkelly4z22,http://youtube.com
dgrayb62,https://chronoengine.com/test/
cfieldsqq2,https://tinyurl.com
dmillsed22,http://shop-pro.jp
jbanksrh2,http://uiuc.edu
vmyerskh22,https://tuttocitta.it/test/
bbarnesc52,http://networksolutions.com
lshaw8d2,https://barnesandnoble.com
brogersnn2,https://51.la
rlopezge22,http://washington.edu/test/
bandersond922,https://archive.org
rwilson9t2,https://newyorker.com
awatson2s22,http://tumblr.com/test/
kramoso2,https://cpanel.net/test/
pmatthews1y2,https://spiegel.de
lrichardsoncn22,http://yelp.com/test/
mrayfp22,http://fotki.com/test/
dwagner5x22,https://merriam-webster.com/test/
rmorrisono82,https://nhs.uk/test/
hfisherhg22,https://1und1.de/test/
mpowelllo22,https://ovh.net
aroberts3e22,http://deliciousdays.com/test/
preedn02,http://t-online.de
rhenry4g2,https://typepad.com/test/
rcarpenterja2,https://mayoclinic.com/test/
rfostero62,https://hubpages.com
sharperna22,https://theatlantic.com/test/
maustin6522,https://youtube.com
fmartinezg422,https://surveymonkey.com
cfox4k22,http://odnoklassniki.ru/test/
afishert22,https://si.edu
bwashington4z2,http://indiegogo.com/test/
scolemanco2,https://statcounter.com/test/
csmith8z22,http://utexas.edu/test/
jblacknz22,https://ustream.tv
sberryfa22,http://sphinn.com/test/
stuckerfw22,https://ed.gov
pdixonnx22,http://free.fr/test/
clawsonje22,https://google.it/test/
twallacec922,http://noaa.gov
jbanksg222,https://addthis.com/test/
dmeyer4m2,http://java.com
mharrison472,http://diigo.com
bnelson4522,http://phpbb.com
dgeorgeoj2,http://naver.com/test/
cphillipskr2,http://wix.com/test/
lgutierrezmw2,http://whitehouse.gov/test/
fandrews1422,https://cargocollective.com
dcollins1022,http://gov.uk/test/
cwillisnu22,http://ask.com
cbowmanpu22,https://answers.com/test/
tcrawford722,https://mtv.com
ereedcf2,http://vk.com/test/
hwright8i2,https://yelp.com/test/
bgrantk522,https://bizjournals.com/test/
trogersjw2,https://trellian.com
ccastillogt22,https://topsy.com/test/
cmasonnb2,https://xrea.com/test/
eaustincg2,https://geocities.jp/test/
sgutierrezca22,https://ucoz.com
mweaver992,http://printfriendly.com/test/
troberts3q2,http://instagram.com/test/
astevensga2,https://redcross.org/test/
jbishopnk22,http://ycombinator.com/test/
hgilbert2u2,https://hp.com
pcarr4m22,https://chron.com/test/
jdiaz9a2,http://t-online.de
pmorrisp32,http://photobucket.com
jkimal2,http://webs.com
rgriffinb22,http://mtv.com
lgreeneq2,https://umn.edu
spayne6u22,http://theglobeandmail.com/test/
jaustin3022,https://amazon.co.jp
pphillips8k22,http://army.mil/test/
ckelleybi22,https://ucsd.edu
lcampbellp22,https://accuweather.com/test/
jgonzalezas22,http://virginia.edu
jhudson2322,http://vistaprint.com
hcole392,https://yelp.com/test/
tmartin8s2,http://yale.edu
jrileyt2,http://ezinearticles.com/test/
bharpergr2,https://studiopress.com
tmartin8s2,http://facebook.com/test/
dmurphyct2,https://sbwire.com/test/
dhansenqg2,http://ucsd.edu
cwhite362,http://imageshack.us/test/
tcrawford722,https://spotify.com/test/
barnold5j22,https://hao123.com/test/
lstevens3r22,http://imageshack.us/test/
efrazier3b2,http://dmoz.org/test/
drobertsonro2,http://state.tx.us
rbishopnf2,http://symantec.com/test/
jduncan5w22,https://nature.com
afranklinek2,http://washington.edu/test/
aharrison5y22,http://spotify.com/test/
ehansenet2,http://npr.org/test/
cgonzalezon22,https://weather.com
jwhiteq922,https://about.com
tmorrisonc422,http://github.io/test/
jmiller3g22,http://nps.gov
lburton5622,https://alexa.com
ccarr4w22,http://storify.com
knelson5e2,http://patch.com
portiz8k2,http://yolasite.com
brodriguezdf22,https://time.com
swardce22,http://mtv.com/test/
enelsonfp2,https://lycos.com
jhansenky22,http://phpbb.com/test/
ngrayah22,https://umn.edu/test/
krobinson4p22,http://gravatar.com/test/
rcarpenterja2,http://who.int/test/
ldanielsil22,https://livejournal.com/test/
spayne6u22,http://rambler.ru
lmyers792,http://storify.com/test/
ghicksqd2,https://craigslist.org/test/
jadamsfu2,https://mapquest.com/test/
hjordan5922,https://surveymonkey.com
sbelldb2,https://google.es
lrosegm2,https://nba.com/test/
tmartin8s2,https://admin.ch
lgutierrezmw2,http://xinhuanet.com
llewis3822,https://live.com/test/
jmillsjm2,http://google.es
trogersjw2,http://webs.com/test/
jrice9q2,http://phpbb.com/test/
wfreemana32,https://bizjournals.com
wmorganjd22,https://twitter.com/test/
lmitchellq72,https://dion.ne.jp
sgreene5x2,https://chronoengine.com/test/
bwelchgb22,http://gov.uk/test/
hrose5r22,http://geocities.jp/test/
dsimpson7c22,https://marketwatch.com
dpalmermh2,https://shareasale.com
aparkerek22,http://house.gov/test/
mcrawford3t2,http://globo.com/test/
wrichardsondk2,https://berkeley.edu/test/
abryant2s2,https://blogs.com/test/
djonesqp22,http://plala.or.jp/test/
rdaycr2,https://over-blog.com
tfoxrk22,https://chron.com/test/
ttuckerls22,https://jimdo.com/test/
kramoso2,http://timesonline.co.uk
bknight772,https://diigo.com/test/
vparkerb522,https://squarespace.com
mwellsdp22,https://wisc.edu
erossko22,http://cpanel.net/test/
lphillipsjt2,http://nyu.edu/test/
dgomez4c2,https://yelp.com
cgarzaos22,https://bigcartel.com
hnicholsg322,https://alexa.com
tbanksji22,http://uiuc.edu
shilll222,https://springer.com/test/
mharrisonno2,http://shop-pro.jp/test/
dfernandez8o22,https://vkontakte.ru/test/
tkim7322,https://devhub.com
jbell4c22,http://java.com
egarzais22,http://whitehouse.gov
prodriguezjj22,https://shutterfly.com
eellis2l2,http://unc.edu/test/
rdiaz302,https://cbc.ca
wmccoy9g22,https://rediff.com
eturnero22,https://indiegogo.com
afieldsdj2,http://phpbb.com/test/
cevans12,http://bloglovin.com/test/
alynchj322,http://omniture.com/test/
jmcdonaldf22,https://reuters.com/test/
mhart2y2,http://networksolutions.com
pcarr4m22,https://webnode.com
btaylori022,http://webs.com/test/
kpalmerb2,https://joomla.org/test/
jwheelerl722,http://hhs.gov
jwoodlb22,https://un.org/test/
dedwardscg22,https://fda.gov
lburnsnb22,https://earthlink.net/test/
hgilbert2u2,https://ifeng.com
chansenmg22,https://narod.ru
tcruznx2,http://google.co.jp/test/
gromerocy22,http://over-blog.com
randrews7r22,http://wordpress.org
cmorenoe622,https://mediafire.com
rfergusonrp2,http://woothemes.com/test/
rwallaced822,http://webeden.co.uk
bhamiltonbq22,https://hugedomains.com
shawkins7p2,http://census.gov/test/
cbarnes2r22,http://free.fr
kallenlx22,https://techcrunch.com/test/
jwelch5z22,https://blogger.com/test/
cwoodnm22,https://amazon.co.uk
jwelch5z22,https://liveinternet.ru
sbradleyaz22,http://patch.com
spowelleg22,https://rediff.com/test/
krobinsonew22,http://salon.com
sreyesjh2,https://dot.gov/test/
eaustincg2,http://amazon.co.uk
amartinqb2,https://unesco.org
rwhite8f2,https://ihg.com
jperkinsap2,http://ucoz.com
jgarrettd02,https://surveymonkey.com
jreynoldsi922,https://dmoz.org
jshawhp2,https://opera.com
rmorenogb2,http://1und1.de
