re_c_clovename1,re_c_clovename2
Oodoo,Flashset2
Brainlounge,Mynte2
Dabfeed2,Skibox2
Meeveo,Buzzdog
Mudo,Linklinks
Youspan2,Skalith
Browsetype2,Demizz
Jamia2,Kwimbee
Twimm,Wikibox
Shufflebeat,Gabcube2
Tagtune,Cogidoo
Edgepulse,Edgeblab2
Riffpedia,Plambee2
Livetube2,Kwimbee
Ntag,Innotype
Kwimbee,Gigaclub
Cogidoo,Skynoodle2
Browsebug2,Riffpath
Fiveclub2,Thoughtbridge2
Realpoint,Kwimbee2
Zoomdog2,Yambee
Thoughtstorm2,Devshare
Latz,Tagfeed
Cogibox2,Fadeo2
Zoovu2,Camimbo2
Eimbee2,Kazio
Rooxo2,Meeveo2
Voolia2,Eamia2
Yacero,Vimbo
Skinder2,Meedoo
Roomm,Roodel2
Blogspan2,Realbuzz
Photobug,Voonte2
Yotz,Twimm2
Cogidoo,Topicstorm2
Latz,Rhyloo
Brightbean2,Voonder2
Voolia2,Eazzy2
Eabox,Skiptube
Jaxbean2,Skiptube2
Browsedrive2,Yambee
Kazu2,Kimia
Brainsphere2,Buzzbean2
Yambee,Trilith2
Janyx2,JumpXS
Eazzy2,Photospace2
Abatz2,Youfeed
Yambee,Yakidoo2
Ntag,Jazzy
Podcat,Flipopia
Topicblab2,Demivee2
Wordtune2,Snaptags
Gabvine2,Wordify2
Wordware2,Brainsphere2
Feedbug,Topiczoom2
Buzzster2,Yabox2
Dablist,Skilith
Wikivu2,Meembee2
Tagchat2,Trudeo
Tagfeed2,Cogidoo2
Linkbridge2,Abatz
Jetwire,Ainyx2
Trupe2,Meetz
Devbug2,Voomm
Flipbug,Mymm
Yodoo2,Vidoo
Jetwire2,Abata2
Voonte2,Brainsphere
Oyoloo,Eire
Vipe,Flashspan2
Rhyloo2,Shufflebeat2
Thoughtstorm2,Layo2
Topdrive2,Gabtype
Nlounge,Yacero2
Skajo2,Edgetag2
Wordpedia,Photobug2
Kare,Tazz
Jaxbean2,Topiclounge2
Wordify2,Devcast
Dynazzy2,Wikizz
Thoughtbridge,Wordify2
Bubblemix2,Kazio2
Yakijo,Youspan
Livetube,Aibox
Quaxo2,Flipbug
Buzzster2,Oyoba
Rhybox2,Skyvu2
Abata2,Skipstorm
Ntag2,Cogilith
Livetube,Twimm2
Browsecat,Jabbersphere2
Eayo,Realcube2
Voonyx,Skalith2
Eamia,Meevee
Brainlounge,Chatterpoint2
Jamia2,Yoveo
Eire2,Divape2
Ozu,Plajo2
Blogtag2,Thoughtstorm
Browseblab2,Mynte
Eadel2,Quinu
Dynabox,Fatz
Voolia2,Jaxspan
Podcat,Pixoboo2
Eire,Quinu2
Teklist,Jabbersphere
Gigabox,Trudoo
Bubbletube,Yodoo
Yodo,Realbuzz
Innojam,Yakijo2
Kaymbo2,Zoonoodle
Feednation2,Fatz
Podcat2,Reallinks
Fivespan,Jaxworks2
Rhybox2,Brainbox2
Oyonder2,Browsezoom
Oyondu,Demivee2
Skyble,Feednation2
Jayo2,Kazu2
Bubblebox2,Yodoo2
Oyoba2,Demimbu2
Yabox2,Riffpedia2
Feedbug2,Brightdog
Voonte2,Skipfire
Oyoba,Oyonder
Twinte,Gigazoom
Tagfeed2,Browsebug2
Linklinks2,Bluezoom
Fivespan2,Eadel2
Jetwire,Roombo
Topdrive2,Twinte
Quaxo,Latz
Yotz2,Twitterworks
Yacero,Topdrive2
Photospace2,Dabtype
Centimia2,Skivee2
Meedoo,Babblestorm
Tekfly,Jabbertype
Kanoodle2,Eire2
Yotz,Topiczoom
Mynte,Jetpulse
Thoughtsphere,Ooba2
Mudo,Demizz
,Kwideo2
Fivespan2,Plajo2
Twimbo2,Eazzy2
Demizz2,Chatterbridge2
Thoughtworks,Oodoo2
Zoonder,Cogilith
Buzzdog,Flipopia
Skipfire2,Eazzy2
Plajo,Browsezoom
Dynazzy2,Shufflebeat2
Skinder2,Skiptube2
Buzzdog2,Lajo
Trupe2,Zoovu
Roomm2,Mynte2
Shuffledrive2,Twitterbridge
Agivu,Viva
JumpXS2,Skalith2
Voomm,Jabbersphere2
Yombu2,Dabfeed2
Mynte2,Photobug2
Trudeo2,Skippad
Jetwire,Viva
Oba,Eadel2
Ailane,Nlounge
Demizz2,Wordtune2
Fadeo,Jaxspan
Yakijo,Roombo2
Skyndu2,Twimbo2
Skyba2,Devpulse2
Flipopia,Quaxo2
Kwideo2,Katz
Edgetag2,Meedoo
Dablist,Chatterbridge2
Kazu2,Youspan
Kayveo2,Babblestorm2
Yacero,Yata2
Oyoloo2,Quimba2
Dynava2,Rhybox2
Thoughtmix,Wordify2
Browseblab,Eare2
Devcast,Realfire
Brightbean,Rooxo
Innotype2,Chatterpoint2
Blogpad,Wikizz
Skimia,Tagtune2
Gabtype,Layo2
Quinu2,Kaymbo
Podcat2,Skippad2
Divavu,Vinte2
Vipe2,Fivechat
Skivee2,Devcast
Rooxo,Dabjam
Jetpulse,Eabox
Roomm,Twimm2
Photospace,Skimia
Fliptune2,Thoughtblab2
Wordify,Jayo
Realblab2,Dabvine2
Topiclounge,Brainverse2
Twitterlist2,Leexo2
Thoughtstorm,Trudoo
Zoomzone,Mydeo2
Innotype2,Brainverse2
Innotype2,Edgetag
Voolia2,Yakidoo2
Mynte2,Leenti2
Thoughtblab2,Youspan
Wordify2,Jabberbean
Twitterbeat2,Feedbug
Rhyzio2,Yambee2
Demizz2,Eabox
Twinder,Bluezoom2
Livetube,Avamba2
Rooxo,Edgewire2
Blogpad2,Fiveclub
Shufflester,Jabbercube2
Dabshots,Zooxo
Skajo2,Podcat
Lazzy,Teklist2
Rhyloo,Browsedrive
Devbug2,Fadeo2
Quaxo2,Skajo2
Twitterbridge,Oyoba
Yodo,Skynoodle
Nlounge,Podcat2
Buzzdog,Flashset2
Twitterbeat,Meetz
Kwimbee2,Tagfeed2
Npath,Tazzy2
Kanoodle,Abata
Skajo,Einti2
Digitube2,Shuffledrive2
Topicware2,Topicstorm
Flashspan,Yodel
Bluejam2,Skibox
Mydo,Demimbu2
Mybuzz,Jabbersphere
Gabcube2,Demizz
Voolia2,Eire2
JumpXS2,DabZ2
Thoughtmix,Youfeed
Voonte2,Latz
Innotype,Dabvine
Bubbletube,Yata2
Devify,Jabberbean
Voomm2,Edgewire
Photojam,Realmix
Demimbu2,Wikizz
Latz,Livepath2
Brainsphere2,InnoZ
Blogpad,Edgetag2
Muxo2,JumpXS2
Rhynoodle,Skaboo
Oyonder2,Linkbridge2
Livetube,Quatz2
Jabberstorm2,Npath2
Trilia2,Vinte2
Youtags2,Miboo
Meevee,Ntag
Blogtags,Kayveo2
Midel,Vitz
Pixoboo,LiveZ
Riffpedia,Wordpedia2
Blognation,Yakidoo
Gabvine,Blogpad
Blognation,Gabspot2
Gabvine,Zoozzy2
Oyoyo2,Youtags2
Jabberstorm2,Muxo2
Kwilith2,Tagpad2
Realcube,Reallinks2
Wordware2,Skipstorm2
Aimbo,Oyoyo2
Rhybox2,Mynte2
Brightdog,Demivee
Quatz2,Innojam2
Gabtune,Youtags2
Pixoboo2,Tagcat2
Ailane,Fliptune
Yoveo,Gabvine
Thoughtsphere,Avavee2
Gabvine2,Jabbercube2
Kanoodle,Skinder2
Skimia2,Fadeo2
Pixope,Zooxo
Buzzster,Tazz2
Eare2,Demizz2
Kwimbee2,Meevee2
Photolist2,Blogtag
Roomm,Yombu2
Youopia,Zoomlounge
Youspan2,Kwilith2
Eabox2,Mydo
Eamia2,Voolith
Blogpad,Eazzy2
Yambee,Eabox
Zoonoodle,Dablist
Riffpedia2,Quimm
Skinix2,Skivee
Devpoint2,Kwideo
Skaboo2,Snaptags2
Mycat,Flashset2
Wikido,Thoughtsphere2
Vidoo,Omba
Topiczoom2,Photojam2
Voonte2,Browsetype
Brainsphere2,Twinte
Voolia2,Topicblab2
Brainsphere,Oyoloo
Thoughtstorm2,Vinte2
Avamm2,Quatz2
Yodel,Mita2
Youfeed,Eire2
Aimbo2,Fadeo2
Dabjam,Meevee2
Devcast2,Divape2
Yoveo,Devcast
Yadel,Vinder
Jetpulse,Photospace
Eire2,Yacero2
DabZ2,Oodoo
Feedbug2,Quatz2
Browsedrive,Plajo
Cogidoo2,Devpulse2
Twinte,Ooba2
Tazz,Meembee2
Twinte2,Wordware2
Blognation,Devpulse2
Topiclounge2,Midel2
Vinder2,Youspan2
Topiczoom2,Innojam
Voolith,Rhyloo2
Babbleopia2,Trudoo
Avavee,Edgetag
Devcast,Eadel2
Twimm2,Kamba
Quinu,Quatz
Wordpedia,Mudo
Realmix2,Topicshots2
Riffwire,Jabbertype2
Rhybox2,Demivee2
Yambee,Meejo
Youbridge2,Twitterbeat
Twitterbridge2,Quatz2
Tagtune,Blogtags
Youfeed,Gabvine
Meetz,Twitterbridge2
Meejo,Photobean2
Livetube,Lazzy
Teklist,Layo
Agivu2,Viva2
Eamia2,Kwilith2
Kwimbee,Voolith
Devcast,Oyoba2
Mycat,Devpoint
Abatz2,Quatz2
Teklist2,Viva2
Twinder,Roombo
DabZ2,Katz
Flipopia,Devshare
Mynte2,Innotype
Tagtune,Realblab2
Roombo2,Flipopia
Buzzbean,Roombo2
Topicstorm,Jaxbean2
Twitterbridge2,Mydeo
Voomm2,Youbridge2
Vidoo,Quatz2
Divape2,Skinix2
Jabbertype,Yodoo2
Twitterbridge,Topicblab2
Wordpedia,Plambee
Jabberstorm2,Talane
Quinu,Mydo
Kwilith,Dabtype2
Skajo2,Jabbertype2
Gabtune,Buzzster2
Zoovu2,Janyx2
Eire2,Voonder2
Jetwire2,Chatterpoint
Ntags,Jaloo
Oyoloo,Skajo2
Yacero,Wikido2
Wordtune,Tagcat2
Plajo2,Tazzy
Fadeo2,Oozz
Pixoboo,Avaveo
Topdrive,Thoughtstorm2
Photobug,Talane
Photospace2,Tagtune2
Edgepulse2,Fatz2
Yodo,Ozu2
Youopia,Realblab2
Jetwire,Minyx
Kazu,Kanoodle2
Skinder2,Browsetype
Realcube2,Skimia
Skipfire,Buzzster2
Viva2,Kaymbo
Fadeo2,Fivechat2
Kwilith,Jazzy
Topicstorm2,Dynabox
Skibox2,Izio
Bubblemix2,Chatterpoint2
Gabspot2,Oozz2
Wordify2,Flashset2
Vitz,Browsezoom2
Blogtag,Ntag
Quire,Fanoodle
Tagpad,Fivechat
Wordware2,Jabbersphere2
Thoughtblab2,Vitz
Rhyloo2,Topicblab2
Flashset,Skipfire
Topicblab2,Buzzdog2
Izio2,Tagtune
Yadel,Teklist2
Skyble,Wordware2
Topicstorm,Rhybox
Trupe2,Pixoboo2
Zoomzone2,Eire2
Skyba,Jabberbean
Oyoloo2,Fivebridge
Meetz,Podcat2
Skilith,Zoonoodle
Layo2,Twimbo2
Yodoo2,Twitterlist2
Yadel,Youtags2
Midel2,Yata
Minyx,Voolia
Snaptags2,Meevee2
Yambee,Topdrive
Thoughtworks2,Tagtune
Twitternation,Edgewire2
Dablist2,Oyope2
Realcube,Feedfish
Flipbug2,Jabbertype2
Quatz,Aimbu2
Skipstorm2,Myworks
Zoonoodle,Tagtune
Kwideo2,Babbleopia
Youbridge2,Skynoodle
Bluezoom,Demimbu
Latz,Jayo2
Aimbo2,Gigazoom
Centimia2,Photofeed
Riffpath,Oyoloo2
Thoughtblab2,Buzzshare2
Brainverse2,Edgeclub2
Rhynoodle,Riffpath
Quimm,Kaymbo
Zoovu,Zoozzy2
Dablist2,Oyoba
Yoveo,Voolith
Voolia2,Roodel2
Mydeo2,Cogibox
Linkbuzz2,Fivechat2
Lazzy,Tavu
Yadel,Dynazzy
Tekfly,Avaveo
Feedspan,Dynabox
Zoovu2,Jatri2
Thoughtbridge,Aimbu2
Roombo2,Browsebug2
Feedfish2,Babbleblab
Skaboo2,Quinu2
Voonte2,Twimm2
Brainbox2,Oozz
Youspan,Aibox2
Oyondu,Topicshots
Brainbox,Zoomdog2
Einti2,Jaxbean2
Skippad2,Oyope2
Voonder2,Trudeo2
Oyoba,Brainsphere
Edgeify2,Vinte2
Twinte2,Jabbertype2
Innojam2,Skinder2
Quinu2,Shufflebeat2
Bluezoom2,Realmix2
Voonix2,Jabbercube2
Oyondu,Pixope2
Browsezoom,Zoomdog2
Jabbercube2,Meetz
Dynabox,Ozu2
Kanoodle2,Layo
Talane,Skalith2
Yambee2,Voolia
Oba,Quinu
Zoozzy2,Pixoboo
Twinder,Edgeify2
Meemm,Jaxnation2
Tanoodle,Mybuzz2
Devpoint,Abatz
Snaptags,Linkbuzz2
Dynabox2,Thoughtbeat
Tazz,Zoomlounge
Jaxnation,Divanoodle2
Quinu2,Fivechat
Riffpath2,Eare2
Dabvine,Flashset2
Gabvine,Roombo2
Vimbo2,Skajo
Fanoodle,Aivee
Tagcat2,Realblab
Gigabox,Avaveo
Kwilith2,Jetwire2
Feedmix,Zava
Quatz2,Kimia
Buzzster2,Thoughtstorm2
Vitz2,Photospace2
Meembee2,Gabcube2
Tagtune2,Dabtype2
Oodoo2,Voolia
Bubblemix2,Dabjam
Riffpedia,Voolia2
Brainsphere,Trilia2
Gigashots2,Tazz2
Jaxbean2,Jaxbean2
Flipbug,Ooba2
BlogXS2,Blogpad
Oyoyo2,Topiczoom2
Twitternation,Trudeo
Yakitri,Yakitri
Gabcube,Chatterbridge2
Yodo,Topicblab
Yoveo,Reallinks
Devpulse2,Myworks2
Reallinks,Kwideo2
Skibox2,Shufflester2
Abatz,Innojam
Topicshots,BlogXS
Babbleopia,Innotype
Browsedrive2,Fadeo2
Avaveo,Voolith
Devshare,Buzzdog
Tazz,Quire
Realbridge,Quatz2
Dablist,Youfeed
Vidoo,Abata2
Yadel2,Brightdog
Brainbox2,Tagfeed
Eare2,Plajo
Mydeo,Blogtags
Kwilith,Skalith
Yata2,Rooxo
Tavu2,Babbleblab2
Meetz,Livefish2
Thoughtstorm2,Blogpad2
Jabbertype2,Minyx
Brightbean,Quinu2
Feedfish2,Dablist
Devpoint2,Vimbo2
Skyba2,Twimm
Oyondu,Skajo2
Yambee,Riffpedia
Jaxbean2,Rooxo
Agivu2,Oyonder2
Wikizz2,Quire
Vidoo2,Fivechat2
,Tagpad
Devcast2,Lazz
Kazu2,Tazzy
Kwideo,Viva2
Innojam,Photobug
Realmix2,Podcat2
Buzzdog2,Mybuzz
Voolith,Brainsphere2
Quatz2,Eayo
Mydeo2,Buzzster
Blogtag,Gigazoom2
Photobug,Miboo2
Eamia,Vitz2
Thoughtsphere,Divape
Kazu2,Skyndu2
Photospace2,Thoughtstorm
Dynabox2,Blognation
Thoughtworks2,Meemm2
Jaxspan,Gabvine
Youtags2,Fliptune
Brainsphere2,Yoveo2
Innotype2,Ailane
Vinte2,Pixoboo
Livetube2,Jabbertype2
Oyope2,Babbleblab2
Riffpedia,JumpXS2
Quinu2,Demizz2
Gabspot2,Miboo2
Voonyx,Gabtune2
Thoughtblab2,Quire2
Riffpath,Izio
Yoveo2,Photobug
Brainsphere,Quatz2
Dabshots,Blogtags2
Katz,Twimbo2
Roombo2,Skipstorm
Photobean2,Quimba2
Riffpedia,Wordware
Jabberstorm,Digitube
Rhybox2,Centizu2
Aimbu2,Fivechat2
Thoughtsphere,Feedmix2
Tagopia2,Photobean
Riffpath,Voolia2
Meetz,Oyoba2
Zoomlounge2,Janyx
Rooxo,Dabtype
Brightbean2,Zoomdog2
Dabfeed2,Roombo
Shufflester,Camimbo2
Trudeo2,Photospace2
Zoomzone2,Vitz
Browseblab2,Ailane
Skibox,Zoomlounge
Oyoyo2,Centimia2
Cogidoo2,Plambee
Youfeed2,Kwimbee2
Photolist2,Skajo
Devpoint2,Zoonoodle
Browsebug,Skiba
Mybuzz,Skiptube
Lazz,Brainbox2
Brightbean2,Skalith
Skinder2,Twitterbeat2
Myworks2,Oyonder
Omba2,Livetube
Skinix2,Cogidoo2
Realcube,Feedbug
Skipstorm,Meedoo2
Brainsphere2,Buzzshare
Voolith,Devpoint2
Cogibox,Divape2
Zoonoodle,Muxo2
Jabbersphere,Zazio2
Jetpulse,Tagpad2
Dynabox2,Eire2
Zoomdog2,Layo2
Photobug,Linkbridge
Kare2,Twinder
Podcat,Skimia
Jazzy,Zoomzone2
Flashspan,Skimia
Brightbean2,Geba2
Trilia2,Kayveo2
Chatterbridge2,Zoomzone
Pixope,Wikido
Oyoba,Twitterbeat
Twitterlist2,JumpXS
Quinu2,Fivebridge
Chatterbridge2,Voolia2
Dabshots,Zoovu
Meetz,Ozu2
Dabshots,Riffpedia
Roombo,Thoughtstorm2
LiveZ,Vidoo2
Realpoint2,Photospace2
JumpXS,Miboo2
Devcast,Zoomzone
Photospace2,Cogidoo
Quimm2,Wordify2
Teklist2,Avamba2
Yadel2,Vitz
Yambee,Buzzster2
Mynte2,Tagtune
Teklist2,Kwimbee2
Zoovu,Brainsphere2
Tagtune2,Flashset2
Quimba2,Babbleopia
Zoovu,Skinte2
Eamia2,Kazu2
Zoomdog2,Wikibox
Eazzy2,Jabbercube2
Mudo,Edgeblab
Eare,Topdrive
Ooba2,Twitternation
Twitterlist2,Gigashots
Mynte2,Thoughtsphere
Gevee2,Feedfish2
Oyoloo,Voonyx2
Feednation,Youfeed2
Gigaclub2,Einti2
Meedoo2,Divape2
Brainlounge,Oyope2
Edgeify2,Innojam
Linktype,Ntags2
Edgetag2,Twitterwire
Thoughtbridge,Realblab
Omba,Oyonder2
Youopia,Viva
Eadel2,Realpoint
Youspan,Cogidoo2
BlogXS2,Voolia2
Snaptags,Yacero2
Ntags2,Yodoo
Zazio2,Miboo
Janyx2,Trupe
Jabbercube2,Oyoba
Zoombox,Kwinu
Gabcube2,BlogXS2
Devpoint2,Innojam
Topicblab2,Quamba
Edgeify2,Skyndu2
Riffpath,Bubblebox
Quire,Twimm2
Yata,Blogpad
Lazzy,Youspan
Rhyloo,Trupe2
Snaptags,Gabspot2
Skiba,Yozio
Tagfeed,Photobug
Fadeo,Kwimbee
Oyonder,Yombu2
Rhynoodle2,Twimbo2
Skinder2,Latz
Bluezoom2,Divape2
BlogXS2,Kwideo
Thoughtsphere2,Zazio2
Meemm2,Eare2
Brainverse2,Linktype
Browseblab2,Oodoo2
Kwilith,Mydo
Aimbo2,Fliptune
Jetwire,Gabspot2
Teklist2,Brightbean2
Yakijo,Voonyx2
Ntag2,Kayveo2
Quinu,Trudoo
Flipopia,Dablist2
Buzzshare2,Eazzy2
Centizu,Jabbersphere
Innotype,Trupe2
Dabvine,Oyoyo
Dabtype,Flipopia2
Photobean2,Browsebug2
Skalith,Jabbertype2
Browsetype,Skalith2
Eire2,Quatz2
Trilia,Jamia
Buzzbean2,Centidel2
Kaymbo,Gabcube2
Devcast,Skimia
Chatterbridge2,Tavu
Yadel,Fivespan2
Fliptune2,Snaptags
Twitterbeat2,Twitternation
Twitterlist,Linkbuzz2
Devbug2,Kwilith
Topdrive,Flashset2
Yambee,Rhynyx
Snaptags,Flashpoint
Edgeclub,Photospace2
Mita2,Meemm2
Skinte2,Geba
Tagtune,Vidoo
Gabtype,Twimm
Kaymbo,Skibox2
Buzzbean2,Trudeo2
Fiveclub2,Blogpad
Brainbox2,Devshare
Omba,Yodo
Pixoboo,Yambee
Kwimbee,Dablist
Oba,Tazzy2
Browsedrive2,Topicshots2
Brainverse2,Roomm
JumpXS,Wordify2
Roodel2,Fanoodle2
Oba,Wordware
Kamba2,Gigabox2
Oyoba2,Katz
Fatz,Leexo
Twitternation,Tanoodle2
Brightdog2,Podcat2
Rhybox2,Jabberstorm
Agimba,Oyoba2
Blogtag,Flashspan
Mynte,Dynava
Devcast,Eire
Edgeify2,Browseblab2
Yoveo2,Buzzster2
Tanoodle2,Roomm2
Gabvine,Cogidoo
Divape,Kazio
Skinte2,Skynoodle
Kwimbee2,Riffpedia
Zooxo,Camimbo2
Skinix2,Linktype2
Dynazzy,Tambee2
Reallinks,Realfire
Oodoo,Thoughtblab2
Zoomzone2,Gabcube2
Realbuzz2,Voolia2
Buzzdog2,Tagchat2
Camimbo2,Demizz
Yacero2,Skilith
Midel,Buzzster
Kazu2,Innotype2
Riffwire2,Jabberstorm
Quimba2,Dabjam2
Abatz,Topicshots
Teklist2,Flashspan2
Eare2,Linkbuzz2
Photobug,Eadel2
Babbleblab,Gigashots2
Realcube,Gevee
DabZ2,Buzzdog
Tekfly,Oyoloo2
Kwimbee2,Gigaclub2
Midel2,Yata
Tagcat2,Meetz
Youfeed2,Skimia
Podcat2,Skipfire
Myworks2,Photofeed2
Fatz2,Eadel2
Centizu,Oodoo2
Chatterbridge,Rhynyx
Meevee2,Brightdog
Youfeed,Fadeo2
Yadel,Youtags2
Rhyloo2,Skivee2
Meedoo2,Dablist
Linkbuzz2,Photofeed
Realpoint2,Wikido
Mybuzz,Photojam
Quimba2,Feedbug2
Nlounge,Riffpedia
Jabbertype,Chatterpoint2
Minyx,Kwilith2
Yambee2,Skiba
Skimia,Gabcube
Eare2,Trilith2
Yakidoo2,Realfire
Oyoyo2,Avaveo
Avamm2,Flipbug
Janyx,Gabvine2
Zoonder2,Jayo
JumpXS,Quimba2
Einti2,Skajo2
Oloo,Cogidoo
Kimia,Blogspan2
Fliptune2,Teklist2
Twitterbeat2,Shufflester
Midel,Omba2
Realbuzz,Jaxspan
Blognation2,Thoughtstorm
Yodel,Gabvine
Tagfeed2,Midel2
Chatterpoint2,Skynoodle
Eayo,Tazzy
Twitterlist2,Photojam
Realpoint2,Realfire
Meemm,Realblab2
Roombo2,Tazz2
Topicstorm,Vidoo
Wikivu2,Twitterbridge2
Tagpad,Realpoint
Voonyx2,Kazio2
Flashspan,Blognation
Flashpoint,Vitz
Gabtype,Kamba2
Twitterlist2,Lazzy
Quimm2,Pixoboo2
Meevee2,Realfire
Thoughtblab2,Dynabox
Wikido2,Eabox2
Thoughtbridge,Rhybox2
Mycat,Skiba
Meevee2,Jazzy
Wordware,Photofeed2
Meetz,Skalith
Twitterlist2,Babbleset2
Riffpath2,Geba2
Gabcube2,Realblab
Skilith,Shufflester
Viva2,Youfeed
Youbridge2,Innojam
Skalith,Minyx
Jabberbean,Yakitri
Quamba2,Kamba
Quatz,Youtags2
Photojam2,Oodoo2
Skimia,Wordpedia
Dynazzy,Linklinks
Demizz,Oodoo2
Talane,Yodo
Fivebridge,Photobug2
Devcast,Flashset
Mynte,Quaxo2
Thoughtsphere2,Agivu
Skimia,Kimia2
Meedoo2,Twitterworks2
Fadeo,Dynabox2
Eire2,Gigashots
Snaptags,Nlounge
Divape2,Centidel
Vitz,Jabbercube2
Voonte2,Shufflebeat
Livetube2,Skynoodle
Twinte2,Layo
Devcast2,Voomm
Teklist2,Photolist2
Kwideo,Edgeblab
Meejo,JumpXS2
Flashpoint2,Youtags2
Pixope,Jabbersphere2
Linkbuzz2,Wordify
Meetz,Dynazzy
Lazz,Jazzy
Oyonder2,Tagopia2
Podcat,Meetz
Voonix,Oloo2
Yakitri2,Riffwire2
Twitterbridge2,Browsecat
Rhybox2,Voolith2
Dabfeed2,Yabox2
Yodo2,Vidoo
Linktype2,Rhynyx
Brainbox2,Bluezoom2
Flashpoint,Pixoboo
Oyoloo2,JumpXS
Shufflebeat2,Blogpad2
Wordware,Skilith
Devpoint,Roombo2
Photospace,Buzzshare2
Photobug,Yozio2
Kayveo,Abata
Yodoo2,Nlounge
Meevee2,Dynabox2
Wordware2,Dabvine
Kwideo,Edgeclub2
Chatterpoint2,Teklist2
Thoughtmix,Snaptags
Quamba2,Jabbertype2
Linklinks2,Oyoba2
Youtags,Jazzy
Skinder2,Dabshots
Zoonoodle2,Jaxspan
Thoughtblab2,Quire
Babbleopia,Linktype
Voonder,Flipstorm2
Quatz2,Demivee2
Photospace2,Gigazoom
Skipfire,Cogibox2
Skyndu,Linktype
Mymm,Edgewire2
Teklist2,Twimbo2
Eazzy2,Skivee
Topdrive,Agivu
Quire,Oyondu
Feedbug,BlogXS2
Oyoloo2,Skilith
Thoughtstorm,Demizz
Skiba,Gabcube2
Topicshots2,Twimbo2
Riffpedia,Roombo
Zazio2,Realpoint
Katz,Yotz
Innotype,Voonix
Wikivu2,Kwinu
Feedfish,Kayveo2
Blognation2,Trudoo
Innojam2,Yotz2
Dabvine,Linklinks2
Brainsphere2,Eire2
LiveZ,Jetwire
Browsebug2,Plajo2
Yadel,Flipbug
DabZ2,Jabbercube2
Quatz2,Zoomcast
Kwideo,Rhyloo2
Gabcube2,Zoomzone
Quimba2,Tambee
Ntags2,Trupe
Browsezoom,Mycat
Zooxo2,Riffpedia
Rhybox,Trilia
Cogidoo2,Tazzy2
Buzzdog2,Einti2
Quatz2,Trilia2
Flashspan,Kazio2
Dynabox,Kanoodle
Yodoo,Blogpad2
Tekfly,Oyoloo2
Einti2,Jabberbean
Eabox,Thoughtblab2
Shuffledrive,Oyonder2
Zoovu,Dabjam2
Eire2,Thoughtbeat
Thoughtbeat,Mydo
Linkbuzz2,Youfeed
Gabtune2,Tagpad2
Plambee,Wordpedia
Jabbercube2,Vinte
Leexo2,Flipbug2
JumpXS,Bubbletube2
Devpulse2,Thoughtstorm
Zava2,Zoomdog
