u_username,u_password,u_email
rreyes0,9Fyf8UUT,kbailey0@wufoo.com
cevans1,vMWPbsGG2T,rrobinson1@csmonitor.com
sgarza2,hcP95rlX,lgraham2@google.co.jp
bmorales3,YL20SiJr,mmiller3@usgs.gov
mgray4,y8TcGLPh8tVO,krogers4@wikia.com
jgeorge5,i3wLaAm57,tadams5@dyndns.org
agarrett6,exF1ClbfkbP,dlewis6@admin.ch
fbutler7,bfueOC,cwarren7@narod.ru
wgonzalez8,ZLJaNfQ,sdunn8@hud.gov
jsanders9,UcULslu4,hmurphy9@wsj.com
tpiercea,7dDq6XWKj2f4,klanea@phoca.cz
kpalmerb,W5E2mdrKB,bwellsb@ibm.com
tclarkc,lWvCv2,lelliottc@infoseek.co.jp
amillerd,Ho8KQMNsUS,tchapmand@discovery.com
hweavere,DG57XJF0zjg,jperkinse@bloglines.com
scunninghamf,1VRrSJl,rbrownf@about.com
aparkerg,ONFkwp5AzbC,awellsg@bloglovin.com
jhunth,8MEp3I6,pgarretth@scribd.com
gfisheri,N6UVlengTG,jgordoni@admin.ch
cbrownj,m8HhUPd,mcastilloj@ehow.com
swilliamsk,KuRgqkJcm7,mruizk@opera.com
csimpsonl,APjBIseQ8,lmillsl@slashdot.org
gcunninghamm,vObmbfx,pbrooksm@zimbio.com
scarrolln,0lLMnQ69cBfA,nkennedyn@nsw.gov.au
kramoso,W4FLw4jvP4,dhugheso@redcross.org
awardp,2TYIAJxuMjAl,lwatsonp@alibaba.com
lgreeneq,7DNgkZqJQl,ccunninghamq@msn.com
lgrantr,4Wa3lYG3,tbrooksr@epa.gov
rspencers,7op994ggOiJD,rholmess@desdev.cn
jrileyt,CgmQQr0nJ,lmendozat@alexa.com
rlopezu,hmrFRROlDn,ppowellu@squarespace.com
dpowellv,eZ9JTKipa,sstephensv@barnesandnoble.com
rdayw,LovBeShVgEJ,egarzaw@trellian.com
jmeyerx,ErwWMvPRmNP,acastillox@europa.eu
sdayy,Kom3Vx,jtuckery@uiuc.edu
rkennedyz,F8f9dtP4,eramirezz@qq.com
mwest10,Phav9HMlwX,psimpson10@angelfire.com
lmeyer11,MbF4uv,mruiz11@cbslocal.com
jmyers12,fAS2pdh54E,dromero12@sina.com.cn
cgrant13,aZGkdonaz03,rmoreno13@mail.ru
mmorris14,St07ies,dreed14@wikimedia.org
rolson15,TH2Pdf8YdDUF,sbutler15@hubpages.com
wmedina16,QHQzjb6bqxj,lrobertson16@technorati.com
elong17,eQUKb6rt6vUr,sbowman17@narod.ru
awagner18,XYLzpiA,ssnyder18@trellian.com
bsimpson19,VS0s9zK1cp,hscott19@sphinn.com
ccarpenter1a,h43HWMEXu,sgarcia1a@flickr.com
pcruz1b,99W4UqTm4Ka,jwells1b@webeden.co.uk
jhernandez1c,tFK1AxuASG,alee1c@ucsd.edu
sreynolds1d,Xfp1lvgnL,rlawson1d@ucla.edu
lgomez1e,JIf0wk,btucker1e@ovh.net
rthompson1f,OeBCrEGBZKN5,egibson1f@hubpages.com
acarpenter1g,yAgzUWGKREQA,wallen1g@latimes.com
dlane1h,XbaXemXH1bm,afisher1h@prweb.com
aking1i,lwhlg6mg,mlynch1i@hugedomains.com
pchavez1j,EPr46AHk,jwatkins1j@odnoklassniki.ru
preid1k,X0jhcpya,tfrazier1k@tripadvisor.com
skelley1l,c7PT8UAFtnw,sscott1l@hhs.gov
jgonzalez1m,prLzqLvttMo,ahenry1m@about.com
dtorres1n,RPn7s1BSDA,bford1n@china.com.cn
awillis1o,C7hP7yZ7Kzv,rbailey1o@oakley.com
bdiaz1p,3vVqN5P,btorres1p@seattletimes.com
drice1q,wxBPVHSM,bcunningham1q@dyndns.org
kstevens1r,UnWcZ1,lmurphy1r@feedburner.com
dhoward1s,dGICXZiyqI2R,hmurray1s@wikipedia.org
aking1t,BTqoLk7YU0,dwalker1t@homestead.com
cdaniels1u,FzCiRXZ1,rarnold1u@icq.com
mmorgan1v,WszvMzcui2,jday1v@w3.org
pramirez1w,Mj1gZHZDh,dstanley1w@comcast.net
kcarter1x,9VeW7dQreeM,ghawkins1x@unblog.fr
pmatthews1y,qKiZn03kGk,dcarter1y@jugem.jp
mcollins1z,rJgHO1vXV,swells1z@51.la
showell20,A7Y0Ga1K,lsnyder20@wikipedia.org
kmeyer21,RxCBXnCme43,gfernandez21@ftc.gov
tsimpson22,HJLQ2y,rwillis22@si.edu
djenkins23,JyHrwXqQhM,njacobs23@shareasale.com
krice24,RrFT3SpP,fcarr24@netscape.com
rsmith25,ii8kQs,djohnson25@addtoany.com
ldixon26,KmMYyO9Pm5,mjohnson26@earthlink.net
cpeters27,IEYyRYbA,lburke27@unblog.fr
kadams28,UHDaHT1R8jUs,hstone28@zdnet.com
ekelly29,qSDvJtHl6H,dthomas29@twitter.com
nkelly2a,3cu4DWhdwre7,djohnson2a@friendfeed.com
jcook2b,PD5d1RQDFG,asims2b@utexas.edu
award2c,HSGicYW,rbaker2c@pcworld.com
tedwards2d,iy16NIBO,sgriffin2d@marketwatch.com
cevans2e,lrNLbPHyYcGQ,rbryant2e@techcrunch.com
pthompson2f,TDnHHhsH8Y,ccook2f@loc.gov
bpatterson2g,T2JorUIkUu,jarmstrong2g@symantec.com
rnichols2h,ZJMKOsbksmVj,cturner2h@alexa.com
smeyer2i,LP45dySi5u,relliott2i@booking.com
swatkins2j,OLrxTgUD,rmills2j@prlog.org
ahamilton2k,65GNefmXUQ5w,jmarshall2k@discuz.net
eellis2l,osonF38He3,tedwards2l@bbb.org
jgreene2m,vszHDLr,lmills2m@europa.eu
lpierce2n,IwYV1DNYm,jporter2n@jalbum.net
awebb2o,TqNWQ0qkXgJG,mmorgan2o@rediff.com
whawkins2p,F0vyRWxp,aharrison2p@spiegel.de
jcarpenter2q,xMbCO1l,jday2q@webs.com
wbennett2r,Ukm7kDQL3,kmarshall2r@wikia.com
abryant2s,hvNiChTRzLjq,hgordon2s@wsj.com
molson2t,J04B8lmFGZO,emccoy2t@ezinearticles.com
hgilbert2u,fSY0ul7,jjenkins2u@cdbaby.com
mhill2v,uwIKSfqK6,jfuller2v@ed.gov
pfrazier2w,TEePi2uEI,trogers2w@prlog.org
jmurphy2x,XmRGGmS,prichards2x@sitemeter.com
mhart2y,DXCLk5Qr1,dshaw2y@gov.uk
cmorrison2z,qO0CI8k0hU,jreed2z@lycos.com
rdiaz30,6DIVcU,jwright30@amazon.co.jp
carnold31,wU71o5RKu6uE,barmstrong31@adobe.com
pnichols32,vsZkSN0e,lrose32@bbc.co.uk
lcox33,mhryVmdId4,kjohnston33@slate.com
jberry34,CNTtCfz,sbailey34@goodreads.com
rscott35,hpuV5b,jreid35@noaa.gov
cwhite36,skvyiv0UZ,agreen36@gmpg.org
jmontgomery37,T7mPfv4Jlo,jpierce37@imageshack.us
ballen38,6DsGQe1wbDn,khamilton38@icq.com
hcole39,12nvwMtDAi,rmedina39@ifeng.com
alarson3a,ZX6eI82c,jfields3a@mapy.cz
efrazier3b,oXnuav,lburns3b@vk.com
mfowler3c,woZyCYx6qhI,mhughes3c@com.com
ecook3d,H1L72W,rwest3d@dot.gov
cwatkins3e,isFrSRb,wfuller3e@cnn.com
rstone3f,5nYQS4,smccoy3f@earthlink.net
fhayes3g,TPCxCGZI0,salvarez3g@netlog.com
rcastillo3h,QYEDzKbGm1,crogers3h@ebay.com
cellis3i,NELqzlLze87,smatthews3i@fastcompany.com
slawrence3j,Hc7bpGRN4MR,jharvey3j@rakuten.co.jp
acook3k,ejpL4sb,mwilliamson3k@smugmug.com
sbennett3l,1hvl2F,dreed3l@blogger.com
rcarr3m,GRwqFvG,ahunt3m@narod.ru
dmills3n,8R5HiskiC,bross3n@shareasale.com
sramos3o,lk7lShCx,pfowler3o@theglobeandmail.com
wrichardson3p,6SzeDLO,vfrazier3p@nationalgeographic.com
troberts3q,976M6HwRplKY,acampbell3q@google.es
lrobertson3r,NnP1w3,ibennett3r@altervista.org
jwells3s,KwiTCSm2NcD,plane3s@plala.or.jp
mcrawford3t,ocZ7FuLbW,fspencer3t@marketwatch.com
mhanson3u,XviRiR5lNzs,jpowell3u@scribd.com
tgray3v,GIUDspb9,mmendoza3v@unc.edu
awood3w,FZGxH5Fsapd,djohnston3w@baidu.com
rgarza3x,3FMamZA,wroberts3x@icq.com
bmitchell3y,q8YIN0NNl,wmitchell3y@jigsy.com
daustin3z,48JV1VLxtUas,jfernandez3z@forbes.com
jcollins40,XUFUVG,ablack40@umich.edu
rmorrison41,bCSBTP,jjames41@paypal.com
mpalmer42,dBNuvVM5SG4,jgarrett42@devhub.com
kmills43,Mz2xTuCgclW,paustin43@soundcloud.com
rbrown44,NrAASMrMK03,lchapman44@posterous.com
dsnyder45,RYkGhWcmT,bcastillo45@t-online.de
jsims46,An0IGvL4,tturner46@nature.com
mharrison47,e6olTc6Mnq,spatterson47@craigslist.org
tjohnston48,y9kA9TzomX,mwallace48@reference.com
sreyes49,97uxWctG,lmiller49@posterous.com
egilbert4a,TTvQu0a,hgilbert4a@sohu.com
jspencer4b,enDelsmK,cfernandez4b@drupal.org
dgomez4c,gt0JOKg690,sclark4c@shareasale.com
achavez4d,piCnreIfXbfq,gward4d@yellowbook.com
cscott4e,5SGGsRGLZFdV,rmills4e@aboutads.info
rstevens4f,WCy1eO1a6,djohnston4f@opensource.org
rhenry4g,tAUzx4H70,rmills4g@chicagotribune.com
mhughes4h,a8yDIWWct0E,cryan4h@dot.gov
fcarr4i,ZZzWY9W49,mgeorge4i@1688.com
lnichols4j,9fdlSmfGh,lbennett4j@tumblr.com
griley4k,qxWI3EWH5ic,rallen4k@feedburner.com
hday4l,esbuddreRXgo,esims4l@oaic.gov.au
dmeyer4m,9Wm0jzRlY,jramos4m@livejournal.com
rray4n,0pB1P57,breyes4n@baidu.com
pellis4o,KLiaxG,crussell4o@about.com
emendoza4p,HAs5AJ,jgutierrez4p@infoseek.co.jp
agreene4q,AkLxSj,bduncan4q@rambler.ru
wolson4r,Z8IMs3KWuLk,jmoreno4r@reference.com
sbrooks4s,KeUpzBs5zk,fpierce4s@usda.gov
pnguyen4t,KJKu6M,bdixon4t@nyu.edu
awarren4u,0eY4JrjeBW,awatkins4u@hatena.ne.jp
ayoung4v,TdjCHJ9,lwilliamson4v@ask.com
egriffin4w,hvsJe2QqwpSh,lday4w@biglobe.ne.jp
wcarroll4x,g6N3A7Awq5,bking4x@t.co
wgardner4y,c8pBvV,mmitchell4y@ebay.co.uk
bwashington4z,eBaqCnV,dalexander4z@washington.edu
ctaylor50,bkloQBDuwMmR,kferguson50@google.co.uk
aryan51,tLjvsZR4GZRm,jlawson51@twitpic.com
mphillips52,QJY2gfD7CjiI,sfox52@is.gd
asullivan53,X3kWIFVF,kchapman53@tinypic.com
gstevens54,sVoSqIGm2,rrichardson54@google.co.jp
nmorris55,JQYGFIbUh,efoster55@cmu.edu
shayes56,fuarGs,aolson56@boston.com
cwatkins57,hXONrgM6HIQD,rturner57@free.fr
jlee58,HjQNcs6jGLP5,rcruz58@desdev.cn
jrichards59,ZSMXd6IoExJ,cdavis59@wiley.com
kbennett5a,CmbNya,jmurray5a@sfgate.com
cryan5b,wiMim0QMv5T4,bharper5b@miibeian.gov.cn
barmstrong5c,2aW8Cl6cD,rellis5c@nifty.com
pfisher5d,trWBc6SyOo9Z,swells5d@bloomberg.com
knelson5e,olrwor7y,hharper5e@narod.ru
dkennedy5f,O0ysyUy,mhamilton5f@people.com.cn
bhenderson5g,tb0I9d7B7lu0,tmurray5g@paginegialle.it
fsmith5h,3OC0xNtL,ljacobs5h@weather.com
dbishop5i,397rrU5lKb,jhunter5i@thetimes.co.uk
fpayne5j,zSRlJ3AYzVA1,wcarpenter5j@xinhuanet.com
sford5k,HAG0Lg,jgibson5k@discovery.com
rgrant5l,Q9SIKCxfW,hramirez5l@senate.gov
bfox5m,OfclJQGdZGr,acarr5m@loc.gov
bhenderson5n,fZaIRO,greynolds5n@artisteer.com
cdunn5o,OdCyMS9yJl,dstephens5o@sphinn.com
cpayne5p,x1gtgO3,jolson5p@imgur.com
kolson5q,LZGNr6cGggqh,enichols5q@cnet.com
kreid5r,bXDABOoeU,jgarcia5r@wordpress.org
mfox5s,Qk9a0jSt3,halvarez5s@harvard.edu
afreeman5t,NevfnW,rrussell5t@google.ca
ptucker5u,hEOiOyXV0nHK,smills5u@dell.com
jduncan5v,ytMmdXfNzv,jknight5v@wix.com
rrice5w,Ekh7dagFqJ,fsnyder5w@a8.net
sgreene5x,L1zZgKDI9J7,jmontgomery5x@wordpress.org
pfernandez5y,EBymJTn,jwallace5y@ocn.ne.jp
jadams5z,sadOvbz62Xk,griley5z@ted.com
wray60,o93t35LjKnVH,lriley60@spiegel.de
gtucker61,H6b5bxWGNp,jgordon61@spotify.com
dhudson62,2CMYCt3IDXeR,jjames62@nifty.com
brichards63,JZJ3Xi3L7zIJ,jgutierrez63@theguardian.com
dschmidt64,gql81PA,levans64@sphinn.com
nduncan65,AMASw8tIA0Y,cwilson65@i2i.jp
ncampbell66,nWJuxbiW,jsmith66@admin.ch
rarmstrong67,CZWYPhpcGxxW,jmatthews67@mysql.com
rbutler68,EKXRmhwvq,sgordon68@harvard.edu
rholmes69,c1HTVzqEW2,rreyes69@census.gov
sholmes6a,mV7f7MvD,mgibson6a@zimbio.com
storres6b,ScdXvuJP8iTU,arobertson6b@yellowbook.com
hmatthews6c,ukNB6nBWT,aspencer6c@wikia.com
cmoreno6d,14su3p,jgrant6d@oaic.gov.au
nholmes6e,7bTH17,glittle6e@ovh.net
cbaker6f,Qr2KTdMFvqew,ebailey6f@behance.net
jstone6g,uJDdE2PM,mcarter6g@dagondesign.com
alittle6h,JFwkQfEk,wsanchez6h@odnoklassniki.ru
pgarza6i,6XgjrR,smendoza6i@webnode.com
elawrence6j,PpPs1TJLt4,tpierce6j@bigcartel.com
sriley6k,40wh2Yn,dperez6k@technorati.com
shunt6l,YantT26ipX,awilson6l@google.com.au
nreed6m,Jo9o3VIvgA3,dperry6m@nhs.uk
jwest6n,6fD6F4hj4,cmartin6n@typepad.com
pmatthews6o,L7qtmKq1T,mcastillo6o@miitbeian.gov.cn
jhawkins6p,p8H4cqhr,vfuller6p@ustream.tv
kstephens6q,Rv1RkCy8H3D3,rarmstrong6q@symantec.com
bmeyer6r,8JpbuH75GL,sruiz6r@lycos.com
rholmes6s,95huwL5c,cdavis6s@shutterfly.com
nellis6t,bdurfs63Q,jgrant6t@alibaba.com
astanley6u,2jzEpEzR,jparker6u@altervista.org
wmason6v,dRyvokOF,bmorales6v@drupal.org
karmstrong6w,ivxFZgeFmg48,rsmith6w@archive.org
afernandez6x,lFc5XU,bhenry6x@barnesandnoble.com
kryan6y,eW6hNa2r0rT7,dspencer6y@constantcontact.com
tray6z,Pq5IQbL,jowens6z@multiply.com
erussell70,6kW3jvsSklI,jcruz70@imdb.com
shunter71,VpsUiwl,jhill71@guardian.co.uk
pcunningham72,76sCkxY0,rsanchez72@redcross.org
kferguson73,UdmJS8x,scrawford73@behance.net
crice74,jW8dca,ccooper74@behance.net
elawrence75,YKxG6Ew,jford75@salon.com
tross76,sqfGKnGVQW,mruiz76@trellian.com
bknight77,fmhVzVm,hreid77@weebly.com
tolson78,7Sm45ijnPh,jburton78@census.gov
lmyers79,j15B37fNtE1,apowell79@google.fr
tjames7a,mpDQPcHyBwvp,plewis7a@time.com
lmartin7b,Ou5enZ,mgonzales7b@ocn.ne.jp
eberry7c,RRh2N7H83d,hlawrence7c@bloomberg.com
pryan7d,QiBaeGLeGA57,gcarter7d@canalblog.com
cfuller7e,OqeuMrkR,dhart7e@tuttocitta.it
lpalmer7f,GHzYxohm,jpeterson7f@geocities.jp
cgomez7g,9peocz85,ptorres7g@shinystat.com
efrazier7h,5JvEtGpvl9X,tcarr7h@uiuc.edu
bhayes7i,aMcixUxmD,bschmidt7i@hao123.com
mwright7j,lontehg7Du,tsims7j@yellowbook.com
sfreeman7k,Y8i5I7Mqzz,dgardner7k@shutterfly.com
cbailey7l,W9Xc2Q0HzRlA,dwilliamson7l@cloudflare.com
tgardner7m,zhMFo2yvdj,lcole7m@nih.gov
ahill7n,YbZDK7VLB,tgarza7n@4shared.com
pmorales7o,eHwfPOTeNRQs,ahicks7o@tinyurl.com
shawkins7p,pOre10L2C,csimmons7p@exblog.jp
jhicks7q,JCOtPxR0e,sthomas7q@redcross.org
hlong7r,8M8xfXws7NT4,bhunt7r@printfriendly.com
hmiller7s,b9yxLzDCNrd,kgardner7s@sphinn.com
kwilliams7t,zsJgdR0cm,ncoleman7t@artisteer.com
aford7u,T0IPOu4cNWvZ,tmoore7u@nba.com
lharrison7v,D3FC7WDghdRl,scampbell7v@pcworld.com
erose7w,UGZQhXFgyzk,bcunningham7w@china.com.cn
rgreen7x,rLYH4M5,bhayes7x@arstechnica.com
jrogers7y,vXqGGrH,palexander7y@blogspot.com
kgomez7z,9knfft,lhoward7z@squidoo.com
mkennedy80,hevfha8,swatson80@hibu.com
ireyes81,R6koGXtIKm4,csmith81@vk.com
gkennedy82,rrSqXTuNGH9,lphillips82@japanpost.jp
cflores83,G3Kl4kvu7E,pross83@house.gov
amedina84,2iAk8Ze,sgardner84@amazonaws.com
jnelson85,wHFkoHTaBj,pbailey85@nhs.uk
lstewart86,3DKXpjJ,dharrison86@hibu.com
abaker87,9yNvcTEK,snelson87@comcast.net
charper88,33wF0Aix,rromero88@wikimedia.org
lhenderson89,LH3N6Wyn,hcox89@microsoft.com
jramos8a,xvsOxHt5SRb,rkennedy8a@bing.com
ngarcia8b,TBhkgb,bkelley8b@amazon.co.uk
bfreeman8c,2Xarohp01D,dmorris8c@github.io
lshaw8d,Q08bTBl,aalvarez8d@washingtonpost.com
dlewis8e,KuZwuSHG,aaustin8e@tumblr.com
rwhite8f,Gv0nCUOs,hgarza8f@ft.com
efoster8g,toZN6Sjvo,jrussell8g@cisco.com
dsanchez8h,Ql0z4gWiizs,rjohnston8h@naver.com
hwright8i,7GWsX9rvJQ,jcastillo8i@dropbox.com
bgutierrez8j,PaZkcpSuh,sgarza8j@artisteer.com
portiz8k,Oazfezfg,tbishop8k@home.pl
privera8l,Ix1VfCQ0Iqm,tcooper8l@bigcartel.com
bbishop8m,NjXoGiPgOhY1,mgardner8m@japanpost.jp
lgriffin8n,RzNchXbZ,sgarcia8n@craigslist.org
jfowler8o,ssc1njda4Fhn,lmitchell8o@usda.gov
jlane8p,oyDxak,srussell8p@ameblo.jp
ctucker8q,uBsrF8o4NW,rgreen8q@purevolume.com
dcoleman8r,CM4LWdEIL,aarmstrong8r@foxnews.com
tmartin8s,Ew9nRN0ef,ptorres8s@theguardian.com
msanchez8t,SoK19dlrpf,areed8t@tripadvisor.com
kramirez8u,dkF103PFHz0z,emoore8u@sciencedirect.com
djenkins8v,eavrlI,jtorres8v@cbsnews.com
fandrews8w,3nQiJ8,khernandez8w@eventbrite.com
dross8x,2XHVJNAQ8i,jduncan8x@ehow.com
lromero8y,sZlvdga,aharris8y@netlog.com
mharvey8z,gcxPYd,aduncan8z@csmonitor.com
acruz90,a7rUyZFBf,vgreene90@mozilla.com
lgilbert91,eirK3CqeuCMK,lriley91@woothemes.com
jbradley92,ePnTj0,jbishop92@earthlink.net
amarshall93,EmcSeUrkfq,wjones93@skyrock.com
mdixon94,r0OmitMk2M,ccarr94@unc.edu
arussell95,OITsLrKpyM,sfox95@baidu.com
jreyes96,aGUXi1GdRIa,tperkins96@yahoo.co.jp
jarnold97,pKmxYhCY8j6,rjordan97@altervista.org
astewart98,xWmrQaVxAOsV,spierce98@thetimes.co.uk
mweaver99,YzNhX7eybs,rfranklin99@yellowbook.com
jdiaz9a,p75w8CRD,mfreeman9a@va.gov
wberry9b,RbaF8UViinLk,kmarshall9b@twitter.com
jwelch9c,l4VIRFl9uRew,wmurray9c@about.me
eholmes9d,f1ovRVyq5,bgarrett9d@yandex.ru
jgrant9e,p2dNsttO,jturner9e@163.com
tsanders9f,gHSzUglCEtxH,canderson9f@blogspot.com
spayne9g,BaOWp3y,cgarrett9g@artisteer.com
pcollins9h,pvNjsR58yvGO,hknight9h@i2i.jp
vbaker9i,7kNMdac3VDw,jwheeler9i@ameblo.jp
erobertson9j,xAhd4tJNEn,sromero9j@topsy.com
wward9k,0q1yqwz,ggrant9k@woothemes.com
crussell9l,A6UT9o67,rknight9l@zimbio.com
lwatkins9m,TFhk5s,hwilliams9m@ca.gov
pcole9n,BwQerjYo7xtz,tmurphy9n@nydailynews.com
jyoung9o,ePoiSr6etYO,sbarnes9o@issuu.com
sperkins9p,swKQePK06g,jking9p@dagondesign.com
jrice9q,zXyA4ATowHIe,kwalker9q@e-recht24.de
pphillips9r,UFmxoCwh8CfB,jrichards9r@moonfruit.com
cstephens9s,4zaaRH,mbell9s@house.gov
rwilson9t,b3dXMZh,dcruz9t@huffingtonpost.com
dnichols9u,HzZlNBo,rphillips9u@telegraph.co.uk
psanchez9v,lBQJjg,creyes9v@cbslocal.com
eoliver9w,uWICh8o,sspencer9w@gmpg.org
rduncan9x,HvTJdXpE5,cwashington9x@gravatar.com
kandrews9y,8aMfMnzvsV,ccrawford9y@ox.ac.uk
dburton9z,gSHs94VtjAa,pbennett9z@geocities.com
sricea0,M15sQszxBIf,jcolea0@springer.com
jsancheza1,JAPvDgETHdaT,wmorenoa1@mapy.cz
hchapmana2,dP4Nc5j,dnelsona2@wikia.com
wfreemana3,QMYLApzw,ediaza3@mit.edu
ljacobsa4,9Yem55jxV,avasqueza4@studiopress.com
lbutlera5,L7jnIwWHYINb,rblacka5@cdc.gov
bpricea6,rK3oVbgD,knguyena6@admin.ch
jrussella7,Ox57egZ4i,hvasqueza7@cpanel.net
dwellsa8,Ud9FB0aomv,dmendozaa8@naver.com
fowensa9,mApTf4B,dnelsona9@msu.edu
dschmidtaa,0TbQya,adeanaa@jalbum.net
ecastilloab,0zv2Gg6vC,cbellab@hibu.com
pmyersac,9BBiEZDtD,criveraac@unesco.org
sschmidtad,c4eGNJu6tJM4,mpricead@dailymail.co.uk
mcruzae,LvWLW1,anicholsae@un.org
sallenaf,IGDUdq8L,gwestaf@bravesites.com
cdeanag,3zfhlp,chowellag@bizjournals.com
efosterah,vwMox6DYKf6,akimah@icio.us
dbryantai,UJutiBh,jpowellai@va.gov
dwebbaj,i6fQ7K1,dfergusonaj@netscape.com
ahartak,3D7WzS0T,ecampbellak@utexas.edu
jkimal,wrTpzvxm,mreynoldsal@ehow.com
dsullivanam,193jlUM52l,dlawrenceam@acquirethisname.com
jhamiltonan,8KDJgI2,rschmidtan@about.me
mhawkinsao,F7A0dY8BOSQ,jwagnerao@dailymotion.com
jperkinsap,Sbiij4qBOZLS,jsnyderap@blogs.com
lwagneraq,xkWbsSyP,khuntaq@zdnet.com
mgonzalesar,6bPWK0zNu,dfranklinar@buzzfeed.com
jdunnas,RKMayE,ascottas@bluehost.com
nwashingtonat,UVlbhqHCQSFw,rholmesat@cbsnews.com
wdayau,aPvov22kGW,gpriceau@posterous.com
arobertsav,8KBEQAQ,ajohnsonav@i2i.jp
iwelchaw,LZqK0Smyg,mfulleraw@imdb.com
jwelchax,lOCNWP8Wl,bpriceax@bbc.co.uk
mtayloray,b0Mxf8T,vdeanay@loc.gov
plongaz,hDy5vY,pwilliamsaz@oakley.com
eortizb0,cQf922JkG,pparkerb0@symantec.com
slewisb1,rqZjBqGJ,rnguyenb1@altervista.org
rgriffinb2,51mD2pJzc,jparkerb2@cdbaby.com
sgeorgeb3,XTjAph,rmitchellb3@homestead.com
egordonb4,XlBMzaF5gF,jburnsb4@wired.com
kjohnstonb5,puSG1Pnx,amartinb5@army.mil
dgrayb6,lqax9jCrrSh4,ariceb6@businesswire.com
scarrb7,zEfZk6wr,aburtonb7@list-manage.com
ghowellb8,XWX1XmE,hellisb8@privacy.gov.au
pmurphyb9,Ce9gaFYdfn,cgonzalezb9@oakley.com
lhunterba,HeYzTRQU,mjohnstonba@mayoclinic.com
jfosterbb,dDPQZuL,vwoodsbb@deliciousdays.com
aboydbc,6bDpIgXQLKZ,acookbc@wufoo.com
tclarkbd,UhzAyMSvceuK,lcolebd@nifty.com
sgrahambe,hMfQwJrda5,srileybe@exblog.jp
ereyesbf,YO2spTj,dandrewsbf@aboutads.info
hpiercebg,HYpdMJr7xJ,dramosbg@ihg.com
jwillisbh,KxYH9cr,ssimmonsbh@yandex.ru
bwilsonbi,XtvhkUu,bricebi@si.edu
rreedbj,rseiu6,dmorrisbj@tmall.com
rmccoybk,cddD7QJ1o,dblackbk@list-manage.com
mkellybl,I4fWEG9RbXzf,dallenbl@quantcast.com
jmillerbm,hfdV2PB6ne1i,brogersbm@blogspot.com
cchapmanbn,ovLFHFZzsfv,acrawfordbn@xrea.com
cdixonbo,xxQo83UdcD7l,bramirezbo@yandex.ru
cthomasbp,fNc9Mwucf1mw,bburnsbp@indiatimes.com
kwallacebq,sbpI2vW,cfowlerbq@buzzfeed.com
bstephensbr,R8Jn4hMfO,karmstrongbr@cmu.edu
cperkinsbs,KcEEzEoHoKk,wgomezbs@patch.com
jgomezbt,nEmuu9Kc,arobertsonbt@cnet.com
pmartinbu,sa88LzlNauy,jramirezbu@vkontakte.ru
jgordonbv,PrbTvhOUCMpc,bmarshallbv@ftc.gov
tclarkbw,w9B6TVkDN,kmasonbw@spiegel.de
agonzalezbx,ZxU4HTzjx,fdaybx@edublogs.org
jjacobsby,H9UOSIvut,tmeyerby@nationalgeographic.com
gfisherbz,FW1ic6,skimbz@amazonaws.com
trobinsonc0,hhscx4I,fdeanc0@cdbaby.com
lbrownc1,58ybF6Gt,pperryc1@bbc.co.uk
thamiltonc2,0HOl5Bfdf,jmurrayc2@example.com
ktaylorc3,9X6ONLIAZ,fkimc3@joomla.org
pburkec4,WOAawQ,sperryc4@blogger.com
bbarnesc5,PPRnMuOW1xTq,breedc5@wp.com
pmorrisonc6,9nBUqIXycrJw,mkellyc6@examiner.com
jhuntc7,m7q4l3t7m8,rtaylorc7@example.com
shughesc8,MPpEG3v1,awatkinsc8@friendfeed.com
mbutlerc9,YrgCH7s5o,jbennettc9@rambler.ru
cwalkerca,Z41DR35cirK,noliverca@abc.net.au
rmorgancb,muADs85OB49,smitchellcb@bloglines.com
acolecc,jvAop1eTRm,rgibsoncc@accuweather.com
mreyescd,f0IS2pjfClKa,cwelchcd@digg.com
cmcdonaldce,oI131DSR,tbrooksce@columbia.edu
ereedcf,wW8U5jMM,hkennedycf@seesaa.net
eaustincg,4lr8gnY,whamiltoncg@geocities.jp
rkennedych,D5yWVzND6JFg,amyersch@cdbaby.com
sblackci,EfAwohbJk,tmontgomeryci@cocolog-nifty.com
nreedcj,OsQGf3p9,tmeyercj@engadget.com
bscottck,qEssEp,kyoungck@blogtalkradio.com
jhowardcl,Tw7ZaimEdE,gmurraycl@smh.com.au
jreedcm,AJyRMpN0,jgordoncm@indiegogo.com
drobertscn,QxOQeV8yA,scrawfordcn@sun.com
scolemanco,kjbSsu9xwq7,awalkerco@wikipedia.org
jcarrollcp,wCxCme8Sr8u,mmorrisoncp@mozilla.org
mhuntcq,oNFvdHb0R,bbutlercq@engadget.com
rdaycr,tN84rV3mr,mcarrollcr@cafepress.com
apetersoncs,tWxqeDfvaPKq,lfostercs@omniture.com
dmurphyct,VOn80sFWxTR,ljohnstonct@oracle.com
jmorenocu,wyxqrJNNd3,dreynoldscu@oaic.gov.au
lolsoncv,usKulCaSv,drobertscv@umn.edu
tedwardscw,dUdtEqwzY1e,ejacobscw@qq.com
nlawrencecx,BoYEvW,jbakercx@fema.gov
kmeyercy,JfjbKCjCKSLJ,jhowardcy@godaddy.com
dtaylorcz,B2IF7F,aarnoldcz@over-blog.com
jgarrettd0,zWPUargP,abennettd0@oaic.gov.au
sthompsond1,3XNUJfyp,landersond1@opera.com
bryand2,BhMDFAxbU,dmartind2@nih.gov
cperkinsd3,1FlrLZ6q5,pchavezd3@e-recht24.de
gcollinsd4,cmdaOUX,pwardd4@theglobeandmail.com
cdixond5,WTfRI72Y,dwillisd5@webnode.com
pperezd6,uqOa5BdQ,jgrayd6@bigcartel.com
dmorrisd7,9Eowwqjg,arobertsond7@usa.gov
lharveyd8,ZPfW21ckOKU,rscottd8@scientificamerican.com
rwillisd9,HHSVthgE65j,rcolemand9@yahoo.co.jp
jcarterda,jXzRoMdIqIP,ewagnerda@godaddy.com
sbelldb,dSms18n35,eholmesdb@msu.edu
nlawrencedc,Ua3IYps,kgonzalesdc@opera.com
rbakerdd,FkGTpjBmY,cdavisdd@wsj.com
swilsonde,0Ns3KbIvOT,jwagnerde@sciencedaily.com
frichardsondf,brAo6fvZs,fgonzalezdf@elpais.com
mhamiltondg,5n0NnKH9OM,efranklindg@phoca.cz
bhilldh,ryHtgnir2,clynchdh@kickstarter.com
gfloresdi,t6yqKfkuvW1R,mmccoydi@github.com
afieldsdj,JBsztF,ahughesdj@wsj.com
wrichardsondk,8YP4ghfae,jgeorgedk@lulu.com
kjamesdl,WGs8BfArUPTm,pmontgomerydl@rediff.com
eburkedm,fcA29hj,ssullivandm@reverbnation.com
mperezdn,kl72dLK,sreynoldsdn@symantec.com
pwebbdo,ceOUH6S,parnolddo@newyorker.com
wlawrencedp,tdG9sj,jjacksondp@cbslocal.com
aturnerdq,PVLdXX5,cwoodsdq@squarespace.com
pvasquezdr,g7Zwe3l,crosedr@pinterest.com
ntuckerds,eGgPZGt9Pwg1,fcarrds@naver.com
lgibsondt,tC7fjsnM,skingdt@pbs.org
barmstrongdu,6rhxDuoV3,kbutlerdu@unc.edu
ajacobsdv,WBORRQrHzX,sgarzadv@soundcloud.com
kmillerdw,jxnIZX,jmillerdw@joomla.org
mgarrettdx,44oAKKZj1,awheelerdx@smugmug.com
wrobinsondy,HJWfvnFv,jreeddy@vimeo.com
jhughesdz,ydaNCNd0,mmyersdz@cnbc.com
phendersone0,WBHzYF,dgonzaleze0@jugem.jp
jgreenee1,FloHkmzA,tfishere1@ameblo.jp
spattersone2,amG8jJYvBT,rdixone2@goo.ne.jp
rriverae3,FAn5Ugr,rmurphye3@blogspot.com
pkellye4,mxAkZdb2kGJ,ghamiltone4@xrea.com
mhayese5,6ixhbt1Buxm,nlopeze5@bloglovin.com
mrosse6,EEeR5pkD,epattersone6@sphinn.com
jparkere7,EYEt46xRIA,cjenkinse7@miitbeian.gov.cn
lsancheze8,78TcAa0u,ssanderse8@wordpress.com
kpowelle9,cGszzKk,cwilliamsone9@foxnews.com
jlarsonea,Tw5aZpH2nm5B,gnelsonea@google.de
hreedeb,FIj0cSHD,amasoneb@dedecms.com
mpattersonec,mKCFzQiQqDE,jmedinaec@feedburner.com
tmoralesed,Y2dwOimnFdDm,agranted@g.co
jkelleyee,tHDfyD3DHkj,dwagneree@ovh.net
jwoodef,vhkMdYlyMRn6,agreeneef@sphinn.com
echavezeg,O4jBK7,jmurrayeg@nhs.uk
wgilberteh,ELgCHvX,cwilliseh@t-online.de
dfoxei,Cfmc83kaseuN,awrightei@walmart.com
rstanleyej,dgWzNuRyLj,jcollinsej@zdnet.com
afranklinek,llyr3fZ,fpetersek@kickstarter.com
cvasquezel,0PUqgiJpn,asullivanel@ameblo.jp
rjonesem,w0tCcac3x,lmorrisonem@who.int
athompsonen,00TUhX0,jfreemanen@marriott.com
carnoldeo,tYbpJuZ,lbradleyeo@dedecms.com
egarciaep,HLjbbyXwcP,adiazep@shareasale.com
ehayeseq,JmyysK6,bcarpentereq@cmu.edu
rpeterser,7OLybjWFNVzi,aowenser@hostgator.com
lhansenes,KeF1kc,krichardses@studiopress.com
ehansenet,5HR4HQ4g1r,wrosset@comcast.net
ablackeu,eB5W2P,galleneu@fc2.com
hcollinsev,8uMAuvl69,jpierceev@un.org
amedinaew,BY6o04Bbyng,cchapmanew@goodreads.com
rwellsex,Jn3LuGqW7cG1,jmeyerex@time.com
dpetersoney,qFceHph,djenkinsey@wisc.edu
bbrownez,faPHwTHUS,phallez@is.gd
twarrenf0,8Ra7751w,dramosf0@java.com
tdeanf1,C6nXax,hmorenof1@booking.com
arobertsonf2,jGN4cJ,jmillsf2@miibeian.gov.cn
ccarrollf3,osSt3jGaLO,lwelchf3@people.com.cn
nwoodf4,7dnbQ5CrZ,tchavezf4@ibm.com
cramosf5,PohBN9i7PRn,mberryf5@vk.com
cgilbertf6,A87U6EC1MRJ,rchapmanf6@skype.com
kporterf7,0lXNbiqz9,hharperf7@bing.com
adixonf8,gJRyhi,wgriffinf8@meetup.com
rmyersf9,olyF4oWvfPn,hwoodsf9@umn.edu
jdayfa,2Hk9IEi0G,chicksfa@sun.com
rbarnesfb,vvnJ7S8De,rsandersfb@amazon.com
jfergusonfc,B22O8O,criverafc@blogger.com
jwellsfd,Yxph02u3x,jjordanfd@stumbleupon.com
pgutierrezfe,9vTG3VHtAo,ebryantfe@state.tx.us
lcunninghamff,VmP7JQO,mmatthewsff@fda.gov
jmurphyfg,FciZEgl6dd,lpiercefg@disqus.com
rmurrayfh,v8txLtQNqUar,pmurphyfh@unblog.fr
mrobinsonfi,6hGuRpETg,soliverfi@pbs.org
jmendozafj,Dc0DlxesSU,mnicholsfj@weibo.com
pgonzalesfk,p9ENm8XpyFfD,cmurphyfk@sfgate.com
mjonesfl,2lO15sIN,amoralesfl@cisco.com
mpowellfm,3aPaogv4yEXL,jmartinfm@yellowbook.com
arossfn,G9xr7rkANe,mfloresfn@live.com
dwallacefo,VvpgquV6PlU,cbradleyfo@twitpic.com
enelsonfp,jZet7WylxQ,arobertsfp@boston.com
tweaverfq,t5Ppf3WC,wwrightfq@discovery.com
dhayesfr,bAj0ZdGc,dwashingtonfr@toplist.cz
abakerfs,46Ddv8mzlM,jcookfs@ibm.com
bromeroft,fMQdIeqNrddc,srossft@over-blog.com
jadamsfu,D8s0uw3XD,scookfu@imdb.com
jsandersfv,C6GzLG,ehayesfv@shop-pro.jp
rjonesfw,GfL1Pw,tpiercefw@nba.com
dscottfx,21EIqb5bjH,twilsonfx@washingtonpost.com
jmasonfy,GNlelI6T,jwoodsfy@zimbio.com
snelsonfz,wdK7Z241zYuB,bedwardsfz@1688.com
mhernandezg0,G5tv1Uc8sTh,rgordong0@answers.com
afieldsg1,dEP6EkBlN3,pstevensg1@angelfire.com
spierceg2,qzpNi4,lchapmang2@desdev.cn
pvasquezg3,37Yp0g,vrichardsong3@nps.gov
crogersg4,IanF5sWimQ,kwatsong4@furl.net
drichardsg5,ZovV9g3,bpriceg5@nasa.gov
rpetersg6,p9eBYOdl9U,shenryg6@yellowpages.com
shunterg7,A80PhHEhGWl2,gsandersg7@google.co.uk
gpierceg8,82brbEhuy7,jberryg8@dagondesign.com
gwheelerg9,7vUH6Woo,jsanchezg9@wunderground.com
astevensga,rLg7jag,gdayga@webnode.com
rmorenogb,d39KhG,eelliottgb@huffingtonpost.com
lbowmangc,KAw2UDR,klopezgc@cisco.com
alanegd,vsIcvvsWw,mryangd@tumblr.com
alawrencege,NuqODGqUinnR,wmorrisge@nps.gov
apricegf,LsRuKdwKO0d,wowensgf@hao123.com
jwilliamsgg,ftuiTj8nX,dcruzgg@aol.com
lspencergh,BgQCsiIiQ,mcartergh@cnn.com
dmarshallgi,WPvsP3uegE,aramosgi@php.net
cwelchgj,Q30tJvzDGbhe,dharrisgj@dedecms.com
tbrooksgk,YxwpvuqN,cgreenegk@dot.gov
mdaygl,HG792dCW,jwatsongl@jimdo.com
lrosegm,CWIl6sHSgbae,abennettgm@digg.com
jrobinsongn,MmfuSluiheO,nandersongn@si.edu
rthompsongo,zPVnQG1DHqOq,gjacobsgo@paginegialle.it
mjohnstongp,rPqQr9lkQ1,csanchezgp@alibaba.com
amartingq,WXRIwAKA2csx,hmitchellgq@digg.com
bharpergr,AiTS0QYui,hwagnergr@github.io
landrewsgs,8OTOI1wsBSXG,elanegs@google.ru
tcartergt,qgIU6qxnXQ2K,ptuckergt@ameblo.jp
fbakergu,eydyWeRHeDG,ahughesgu@simplemachines.org
jcartergv,uGHTOU3KDIj,charrisongv@issuu.com
jhudsongw,EUSJQAtuhdYh,tstonegw@shinystat.com
shillgx,S5M9h7zSmtA9,jcoopergx@prlog.org
bwellsgy,hCIlISWUCXUD,hbutlergy@eepurl.com
ppricegz,ea5xZ1x,agarrettgz@linkedin.com
sstewarth0,YxJzgjp,jgreeneh0@elegantthemes.com
ariceh1,1TLVmxLk,aturnerh1@amazonaws.com
ariverah2,oR6iN4Eb1HW,ecarrh2@elegantthemes.com
amooreh3,22DcRUP0,amcdonaldh3@facebook.com
bburnsh4,lpD0bLZWlYb,isnyderh4@intel.com
acruzh5,oxxHXMCbGNl,gmoralesh5@walmart.com
cmccoyh6,2XEOOQ,rhillh6@reuters.com
hwarrenh7,zW0sJ12MDV,ncooperh7@ucoz.com
cgriffinh8,weBJ6C,ehillh8@reference.com
jmorrish9,IqhEHg,afloresh9@goo.gl
mdayha,qxwS7D4VR4i,wcoleha@princeton.edu
aburkehb,HFs13GNowtfd,lramoshb@meetup.com
rmasonhc,nMt6yS,jcolehc@domainmarket.com
selliotthd,IVuA3NWVeJnS,cgarciahd@home.pl
aevanshe,Sve68OZd0V9,dbrownhe@shinystat.com
jrogershf,dnUktk1,jwalkerhf@sciencedirect.com
crobertsonhg,vxcjdqkw,galexanderhg@sphinn.com
dhunterhh,DgFl122et,jbarneshh@sakura.ne.jp
wlynchhi,uUaMOaSUSZ4T,charperhi@baidu.com
djameshj,KPGFyeKl,tfernandezhj@e-recht24.de
jwillishk,QUsX9Z7Tv,lhudsonhk@house.gov
lmorganhl,rtbgH4u,crodriguezhl@youtube.com
jfrazierhm,U2wofHfJBr,cperkinshm@yandex.ru
mwelchhn,semOyzM9PtVo,scolemanhn@unicef.org
dcruzho,1Wd5WbKRx,ngeorgeho@gizmodo.com
jshawhp,pEzd6pE6BIK,lwheelerhp@aol.com
mdanielshq,epg2XaeN,plittlehq@irs.gov
slewishr,NCobtM8cJ,dhunterhr@sohu.com
rsandershs,sw9hz7tA,jwoodhs@google.com.br
gwellsht,tdh6jTPqQ,jryanht@baidu.com
rjacksonhu,6sSOpLp,ngriffinhu@github.io
jpetersonhv,huSQGyGx5N,rdavishv@php.net
lmendozahw,4oEaNjgJKa,lmitchellhw@redcross.org
shernandezhx,71onnV7C0T,mlawrencehx@networkadvertising.org
tcoxhy,ZFE8cFAAX,lwagnerhy@senate.gov
jreyeshz,IksMLMQj0,kreidhz@de.vu
csnyderi0,w9cXJg,nturneri0@vimeo.com
pwardi1,O6iR4H,aalexanderi1@newyorker.com
sblacki2,9ISgr6sBo,tcolemani2@amazon.co.uk
amendozai3,3qEBvo7j,llopezi3@comsenz.com
pwilliamsoni4,2Vv6qqJL,lgonzalesi4@elpais.com
lsimmonsi5,0KOY7LPi,ehernandezi5@etsy.com
bramosi6,AmaHyG0g2olZ,jfieldsi6@nba.com
mfowleri7,LO90Y0fB3,bfrazieri7@unblog.fr
cleei8,jXe8iWqvS,gsimmonsi8@upenn.edu
jmatthewsi9,8z5P7G5XpV,mharrisi9@alexa.com
jbellia,7CNtOGGSAyh,dwalkeria@yale.edu
mberryib,Gkzg1O,ephillipsib@si.edu
amontgomeryic,HZ8rbf4ITp,bmooreic@livejournal.com
parnoldid,Iehyen1Pn3o,lrichardsonid@imdb.com
jhawkinsie,iCazYHA,tdiazie@pcworld.com
jgrahamif,mhEO8FVhp,abanksif@gmpg.org
iwashingtonig,WORdZf,jfreemanig@liveinternet.ru
sdayih,oSs2DUns,pwarrenih@mapy.cz
pkingii,Bj5uRJMV537,scarrii@rambler.ru
mlarsonij,Yp9jAD,jmurphyij@foxnews.com
ggarciaik,iHmfzJbse,cmccoyik@census.gov
mduncanil,2BK4Tj,jfrazieril@senate.gov
bgarciaim,xlFWJezFHc,flawsonim@baidu.com
knguyenin,YCX3dIzH252,jlongin@unc.edu
jfosterio,izjhH6Vsn9i,jbrooksio@ebay.com
pnguyenip,XzYaa85STE,jdiazip@wired.com
kbrowniq,Z4rZunJBq,ewhiteiq@smh.com.au
jblackir,iT3XJhvuJ,cblackir@paypal.com
jedwardsis,uJ2fHVn,srileyis@weather.com
dwhiteit,gkHM2HPTJ05,kperezit@usda.gov
tstephensiu,DoK6F2WBThb6,jwilliamsiu@ca.gov
jbanksiv,uMkPCVPV5wEW,jfoxiv@domainmarket.com
cmendozaiw,df3isqhvH3HO,ldanielsiw@photobucket.com
wkelleyix,hxb0jxchebR,mmcdonaldix@disqus.com
agarciaiy,ZAfHMjW8F,jrodrigueziy@nba.com
rsullivaniz,8tIjaOU6g9j1,kporteriz@hp.com
nstevensj0,lXktMZuSHn,asullivanj0@storify.com
sricej1,ahGPu6GOjX,ccastilloj1@engadget.com
jcookj2,pRPSpw,dfranklinj2@addtoany.com
jscottj3,SEtzoKT,cwalkerj3@nature.com
aalexanderj4,pjoFE2,pmcdonaldj4@ifeng.com
phudsonj5,rZRqgREX,dboydj5@jalbum.net
bhowellj6,UXwNmEun6,jmcdonaldj6@privacy.gov.au
ckellyj7,dHj0wx51Jz6,acampbellj7@creativecommons.org
pmurphyj8,8Plxam,jgomezj8@yahoo.co.jp
fmyersj9,i4xWaa,jjohnsonj9@utexas.edu
rcarpenterja,mLQgh4Mp,powensja@webmd.com
bkellyjb,sY5CQc0,rrogersjb@timesonline.co.uk
phughesjc,NI5ald,sarnoldjc@kickstarter.com
jcastillojd,VkdTWY9Bi,hhamiltonjd@sbwire.com
jharperje,BeI8WnZ0eMz,kduncanje@flavors.me
jfergusonjf,vLY2Y1pL1,sharperjf@tamu.edu
efranklinjg,YMrtlMJt4p,ppattersonjg@home.pl
sreyesjh,oL6cTE,jleejh@ow.ly
kjacksonji,ZSgV9HRP4,lcastilloji@mit.edu
vgilbertjj,ildj0dJ,rwalkerjj@sohu.com
cfieldsjk,phpeR6,loliverjk@house.gov
jhansenjl,vLPq5DG,lwatkinsjl@forbes.com
jmillsjm,K9KnY6g2S69,kgrantjm@twitter.com
hpricejn,OuPhl7u,kbarnesjn@diigo.com
rharperjo,9SvFzv6,rchavezjo@1688.com
tkelleyjp,kVooZKcDo,sortizjp@noaa.gov
jrileyjq,PILRU1hHA,ccarpenterjq@1und1.de
hmurrayjr,dgvIiSBaeE,ghawkinsjr@gmpg.org
dmillerjs,Bb0Go04pe,khansenjs@csmonitor.com
lphillipsjt,yUbKS6y,ereedjt@cnbc.com
emorenoju,pTKTMUZdS9w,powensju@gizmodo.com
jlewisjv,77Ib9sK8GQNU,dwilsonjv@goo.gl
trogersjw,Y2fyTRB6,esandersjw@harvard.edu
ajacobsjx,87HuADnWVGn,skelleyjx@comcast.net
sgeorgejy,Nmza9Bj,mrobertsonjy@npr.org
twellsjz,nqzKPImJ,foliverjz@slashdot.org
cthompsonk0,Qpy80d83i2pj,ccookk0@vistaprint.com
agarzak1,NbRSrTYhC1p8,tphillipsk1@github.com
jpricek2,cByQRGEB,cwarrenk2@prnewswire.com
kharperk3,lBjmEkjrs4m8,ereidk3@google.com.hk
jruizk4,nhwjj8DNy,rfranklink4@drupal.org
eburkek5,VmaxgB,gfergusonk5@nhs.uk
rbaileyk6,X011q6t,jporterk6@senate.gov
jgrayk7,sqt8BwngGsiA,scampbellk7@independent.co.uk
tclarkk8,tTmQinOc,tdixonk8@posterous.com
wstewartk9,BhYIYu0kay,rgarrettk9@cornell.edu
vjenkinska,4R7ZvhpuDi7g,shansonka@booking.com
rstonekb,l0MI8lK,jwallacekb@eepurl.com
kstevenskc,Rxhrh8y,fcrawfordkc@devhub.com
pcarrkd,vO0tglCJ3x,jholmeskd@youtu.be
jdunnke,bmrCbD,jpayneke@fema.gov
llawsonkf,QjRcNqA,pdiazkf@sciencedirect.com
pblackkg,CKvTF4yAGL,mmoorekg@free.fr
jpowellkh,nJrTl7QEB,awrightkh@zimbio.com
jgrayki,e3KjLEEUs1Nm,jjordanki@cyberchimps.com
paustinkj,SxYyTq5xkVkF,rwardkj@dailymotion.com
gmitchellkk,FTsGAq0LaplD,hrosekk@sciencedirect.com
amontgomerykl,znW39g,cmyerskl@un.org
rhillkm,1sxo44xX6uJx,ecarpenterkm@comsenz.com
psmithkn,LGAetfaXOJr,bcookkn@google.com.au
hmurrayko,efjuLqlQQqK,sleeko@cpanel.net
jhickskp,etPz6AYSXkKK,jgibsonkp@google.nl
dhawkinskq,rqijmG,ngibsonkq@angelfire.com
cphillipskr,w2veBOvqq,grosekr@earthlink.net
kstevensks,MNc3FjpTXk,jbrownks@pen.io
cpowellkt,Kh9MjkDq,kdeankt@delicious.com
lmedinaku,VU4YRx,egordonku@hp.com
rwarrenkv,1oc5wV9,ltuckerkv@liveinternet.ru
jhenrykw,0RmamVS,pruizkw@ted.com
jhenrykx,cWKb9Gz,bjohnstonkx@springer.com
lbanksky,CTRltZqW,carnoldky@artisteer.com
gvasquezkz,vEddhled8,rhendersonkz@icio.us
kthompsonl0,S9L06HtoNn7,jcrawfordl0@nyu.edu
dowensl1,KvWGOC9,lmorrisl1@phpbb.com
kgibsonl2,qizJxWIH,ddunnl2@livejournal.com
ahartl3,yE04RGR8ktAy,mhansonl3@exblog.jp
hstewartl4,cY75T1mm,tfullerl4@cisco.com
rwatkinsl5,nqVdasLv,pturnerl5@themeforest.net
srossl6,7NxMvO89Vw,sfreemanl6@discovery.com
ebaileyl7,HfJpfCv,ggordonl7@adobe.com
lwalkerl8,SnjPKPiawZP,jmartinl8@bandcamp.com
sbishopl9,aR3sH0qZM,mjonesl9@tripod.com
lmasonla,UcXOU4HOv2,kandrewsla@ucsd.edu
amatthewslb,QltBrEraoFDp,sramoslb@liveinternet.ru
lhickslc,ZfaCVNv,wcunninghamlc@netvibes.com
asandersld,aAjRRBDr2,gelliottld@shutterfly.com
ewatsonle,fgAM5f,dpattersonle@github.com
tcampbelllf,70mQAqvbNTW,eshawlf@ucoz.ru
astephenslg,0VwnAqp909,nlawrencelg@blogger.com
bcooklh,2zylN5x,awilliamslh@ovh.net
jbanksli,Y6VxtKS,talvarezli@jigsy.com
mallenlj,Q4PUGsAq98,fpattersonlj@ihg.com
jhawkinslk,a1RpbP,hreidlk@plala.or.jp
sreyesll,cpRXhXRDe,jwilliamsll@imageshack.us
pwalkerlm,Paxrm4ZhnGDV,twrightlm@biblegateway.com
mgreeneln,Hh4P1fHqM,srussellln@nbcnews.com
khendersonlo,5k4nLq7xpQ,bpiercelo@ameblo.jp
sfosterlp,95Ns2oXUgNO0,srobertsonlp@census.gov
twheelerlq,TWoUFhQvAkSZ,gharrisonlq@qq.com
aboydlr,vVhITmS1NUq,djameslr@is.gd
prosels,UJUNwa8cl5,jwalkerls@ocn.ne.jp
ktaylorlt,UIkB6e,dcunninghamlt@com.com
dperrylu,oy4ZW6,dstonelu@free.fr
kgeorgelv,jucx3b5esrw,ariveralv@amazon.com
crogerslw,v8wEzw,hwatsonlw@disqus.com
wlonglx,kEDGzCrD,lbennettlx@list-manage.com
randersonly,sCE0fCAM,wrobertsonly@dailymotion.com
lmillerlz,s9v0ZGe8Yz,kfoxlz@state.tx.us
cgibsonm0,Gw1xani,hwilsonm0@dailymotion.com
lsullivanm1,Pul38E6y,eperrym1@i2i.jp
cgarzam2,AYKla3O,arileym2@howstuffworks.com
wmarshallm3,bq8so8DA0s,abowmanm3@drupal.org
jpiercem4,yQUxThzh,ljenkinsm4@uiuc.edu
cdiazm5,9MV1oD0E,mhansenm5@mediafire.com
prodriguezm6,IbS3Qb,rpricem6@xrea.com
dfranklinm7,SzurQBnbEW,hrosem7@senate.gov
rfrazierm8,AuOKx8NOa,srileym8@pagesperso-orange.fr
jricem9,JyiMsH,tmorenom9@istockphoto.com
cwelchma,2kospANRSD,jlongma@topsy.com
mreedmb,dxahlN,hreynoldsmb@naver.com
planemc,DWuRaR,phansenmc@un.org
scoopermd,Mp2RVODrW,cparkermd@list-manage.com
jpetersonme,9dWVMdN,jpetersonme@chronoengine.com
kalexandermf,uDanONmEFMp,bdunnmf@usnews.com
sjonesmg,F0Fgbmp4,cadamsmg@blogtalkradio.com
dpalmermh,8V6chU9Th,jyoungmh@cam.ac.uk
cwarrenmi,EzABllP708,dcruzmi@bloglines.com
pbellmj,6nko6Cc,sfreemanmj@devhub.com
cdavismk,tyygmf1FhA,traymk@shutterfly.com
talvarezml,IwYlcYm7Cv,jreyesml@woothemes.com
dthompsonmm,GOCIjxr4DqTA,dpetersmm@wikipedia.org
pcampbellmn,x7y8xwSf,msmithmn@e-recht24.de
tsmithmo,pVJwEz,jstevensmo@sciencedaily.com
jgilbertmp,PIyPYn,jrichardsonmp@jimdo.com
mrussellmq,hxfWYHdWUVf,lwoodmq@istockphoto.com
ghowardmr,AGLNZqr,aberrymr@friendfeed.com
phawkinsms,zIBkRebpJR,ltaylorms@marriott.com
fevansmt,kq7MODU,nreyesmt@simplemachines.org
slynchmu,F9e1bkl,clawsonmu@ihg.com
jwagnermv,s8dnB9Ci,whowardmv@weibo.com
lgutierrezmw,584b3M,spricemw@bloglovin.com
rmasonmx,oapCnnpJV,cbaileymx@nifty.com
ctorresmy,hzftiFBarGt,lfraziermy@vimeo.com
dharrisonmz,722gtYVW,brileymz@globo.com
preedn0,8LPCKf,ereedn0@ucoz.com
dwatsonn1,Fg73OI4,dreynoldsn1@miibeian.gov.cn
tsanchezn2,LZys7RsYD,sromeron2@hubpages.com
arogersn3,GiAWXcDVqB4h,rdavisn3@paypal.com
kbarnesn4,vivride3,wcoxn4@nyu.edu
jpalmern5,7pVPfXMOMPHP,egriffinn5@google.com.hk
dstewartn6,Vf0WTwpvx0Qo,cboydn6@google.com.au
vowensn7,YmX0WGQXKh,rbakern7@stumbleupon.com
jgordonn8,RiC9J45e1,aspencern8@unc.edu
jmorrisonn9,TPQ1uge,ahansenn9@army.mil
mandrewsna,ZFxv2Uv7Oc,sparkerna@dedecms.com
cmasonnb,kwu5kbR,dcarternb@unicef.org
jmatthewsnc,ZFT2WO,gdanielsnc@time.com
dellisnd,2ZRkXql,tburtonnd@godaddy.com
sbrownne,5TORxXNhb,jgrayne@miitbeian.gov.cn
rbishopnf,O3vP3LOZI,hbanksnf@privacy.gov.au
pfieldsng,B6TUqZu,gleeng@dedecms.com
jbennettnh,kbi2dfYYeH6k,nclarknh@google.com.au
ljohnsonni,snKHgXD0Pc0,shayesni@businesswire.com
jrogersnj,sl6fB0,lbishopnj@blogspot.com
sfieldsnk,XQ1ETgsR,jduncannk@soundcloud.com
whicksnl,ERdormfuwtsc,vvasqueznl@wp.com
hbennettnm,kcjVwO8z,mhenrynm@wunderground.com
brogersnn,YuKBGF7wuP,bfosternn@abc.net.au
mharrisonno,6ppSKVh8X3o,jwarrenno@forbes.com
jwilsonnp,O7p17QlOCe,sbutlernp@bluehost.com
kknightnq,6RByXYAZIw,sleenq@usnews.com
pricenr,KKTp0s,jarmstrongnr@alexa.com
jhunterns,8F1wguCFI2,smyersns@aboutads.info
kwelchnt,HehpmLTyBcFx,abradleynt@pbs.org
lelliottnu,zh31Td9su,wgarzanu@over-blog.com
jdiaznv,K56d56aa,kberrynv@google.com
ccarpenternw,iqipay6XneP,egeorgenw@histats.com
tcruznx,XfauUfHN,mclarknx@marriott.com
bbryantny,IvfBfonT0Z,lharrisonny@people.com.cn
drobertsonnz,G573AsKQ,rgreenenz@arstechnica.com
asimpsono0,utBZUT6m,fshawo0@mashable.com
jbennetto1,jmiOmLmpw,sfoxo1@ning.com
eturnero2,YzFpAbi,jhuntero2@technorati.com
dboydo3,1mC9p9h,ecartero3@zdnet.com
jdanielso4,ZcR5Yw3,jrodriguezo4@cisco.com
gwardo5,9oq2O8flhB,kbowmano5@wunderground.com
rfostero6,yq3D8OE,tharriso6@ameblo.jp
scolemano7,oKbsLJBq3wT,lryano7@over-blog.com
rmorrisono8,XVKHBV6y,aandrewso8@rambler.ru
aschmidto9,ctGDtN,ggarciao9@latimes.com
lstoneoa,PRaRtkgtsCk,apowelloa@mediafire.com
mfowlerob,QFuh9R,srichardsob@jiathis.com
alittleoc,pWCqehQQHaOn,rwagneroc@hatena.ne.jp
cowensod,K4bdiyipFcT,pfloresod@ocn.ne.jp
rhunteroe,Gd1m0jSY,sowensoe@forbes.com
srichardsonof,x1c0MY6wKpv,afordof@youtube.com
ddunnog,1tB4VvzLS,estoneog@narod.ru
bmorrisoh,KUTHfEnodgCC,chowelloh@altervista.org
twarrenoi,DIsEcZeN,vhalloi@examiner.com
dgeorgeoj,gafxmv,hhuntoj@storify.com
radamsok,J9GHc4rxJht,khowellok@bandcamp.com
mnguyenol,LCH5JsrNIUV,cadamsol@mail.ru
llopezom,2RohjT8,rthompsonom@unicef.org
triceon,r9gZO2M5EQBu,kjohnstonon@google.com.hk
gandrewsoo,JPrB0fuWO,ehawkinsoo@com.com
amartinop,ZhUHi0h5R,dadamsop@admin.ch
wperkinsoq,BDLLxsud,jwhiteoq@independent.co.uk
jtuckeror,92P3FMjP98Nk,agarrettor@goo.gl
amorrisonos,wnGfmnFKCc,dmitchellos@timesonline.co.uk
lleeot,p0aHifq7XsmY,powensot@xing.com
ncollinsou,xkP4pfkz,phansonou@prweb.com
jhartov,oVZ5fje,rcolemanov@cocolog-nifty.com
rclarkow,uahV6nqo,jlarsonow@desdev.cn
rfranklinox,u0l9y2sRLdh5,ksimmonsox@wp.com
ddanielsoy,qeLdCDi,tboydoy@vistaprint.com
sharrisonoz,uy2aQnW,balexanderoz@canalblog.com
lruizp0,rFIcSzSXGep,glawsonp0@pinterest.com
jduncanp1,UGi4Dzkx,rburnsp1@reference.com
tfullerp2,7xvdeT5,sgeorgep2@topsy.com
pmorrisp3,HMz6Xd3wOZsG,vgarrettp3@hhs.gov
thamiltonp4,py6LeX,rmarshallp4@businessinsider.com
jowensp5,voYhvKYUzr,rmyersp5@youtube.com
jbrownp6,4ajSeYTcUx,bbarnesp6@engadget.com
wharrisonp7,gqniIa,kbennettp7@sphinn.com
ksimpsonp8,eiApde,glittlep8@redcross.org
kwatsonp9,vBYCz3,hhansonp9@blogs.com
kburnspa,FEvX8h2eAj4p,jgibsonpa@skyrock.com
cbutlerpb,QlHwKg24,hcoxpb@desdev.cn
ekelleypc,MbECGTE0M,alopezpc@simplemachines.org
phenrypd,0syQQcd,jfisherpd@soup.io
scarrollpe,LZ4H3NB8,pbellpe@discuz.net
ipowellpf,ksZV2cuho,lmorrispf@apple.com
jphillipspg,JyrqPn8dpLb,sfosterpg@nyu.edu
dstewartph,gOygFoW,jwatkinsph@deviantart.com
smarshallpi,BCiw6AUZRZ,bburnspi@businesswire.com
khayespj,EndAtD,jstephenspj@vimeo.com
wspencerpk,B9bM6pXTG1,dwilliamsonpk@dmoz.org
rhernandezpl,7Zgg3l,pperezpl@livejournal.com
mcooperpm,E0Djt30,jwatkinspm@vimeo.com
tgibsonpn,lN1WXtkzFn,cleepn@lulu.com
scoxpo,LZ60y88lMsE4,dgeorgepo@hostgator.com
vhallpp,vSzLhNSqiV,bnicholspp@chron.com
akimpq,PUgmVGyJ1Jej,jfisherpq@google.com.br
jperrypr,KkZjitID3J,ehansenpr@histats.com
jparkerps,BrAwYVid4P,jbishopps@java.com
aleept,TXbV2lvPQkkI,jwatsonpt@hp.com
mnicholspu,xchF3fhr,jyoungpu@pcworld.com
wclarkpv,Ybl6ljN,ddeanpv@dot.gov
jwilliamspw,kECCmWmtAPYq,mcarrollpw@booking.com
aricepx,CIoDhFbdZoY,wstevenspx@squidoo.com
rsimpsonpy,PPt1DKwgK8Ww,etaylorpy@ihg.com
tbrownpz,psF3S8USZ9Lf,vgonzalespz@prweb.com
trodriguezq0,xNlPXbJ,swelchq0@devhub.com
mriveraq1,Jux1Efs51o,jgutierrezq1@youtube.com
cchavezq2,62sBx1lY6uA,wallenq2@free.fr
storresq3,ozwkGBhY6lXG,ikelleyq3@elegantthemes.com
framosq4,X9Vklyy,aduncanq4@google.co.jp
sporterq5,vteeNjDwg8DY,jholmesq5@rambler.ru
jfranklinq6,DcHIxdeSK,hperryq6@reverbnation.com
lmitchellq7,R72k9D0d,rfrazierq7@sohu.com
dlopezq8,kNhcYKVUe,amorrisq8@opensource.org
mwatsonq9,t0QBrCK0twB,awellsq9@wikia.com
akingqa,Es6cD6CG,kcoxqa@upenn.edu
amartinqb,CO56CXPUzE0,amillerqb@wunderground.com
klaneqc,BaHZYuydI,jholmesqc@jalbum.net
ghicksqd,QmEUhNuotv,mmillsqd@trellian.com
sjohnsonqe,wXlwQdW6,rclarkqe@free.fr
ccollinsqf,hUGb9J,jpattersonqf@google.pl
dhansenqg,QLNXw16n1lJ,cschmidtqg@google.co.uk
dspencerqh,ByEWVfb,jgordonqh@posterous.com
mfranklinqi,tiGJdBmQD,bgordonqi@mlb.com
kperkinsqj,11AJoPz,chowardqj@forbes.com
kgarzaqk,FPkMks,kellisqk@storify.com
lkingql,KZWJXBwF,mperezql@alexa.com
jgrayqm,H1L9QmY0hL,aburtonqm@wired.com
jhowardqn,KGCLWIFxX30,dandersonqn@over-blog.com
dgrayqo,Ox6EaP,brobertsqo@yandex.ru
sstephensqp,pChOF1Wy5U,emoralesqp@salon.com
cfieldsqq,Sh7iTAvRt,eryanqq@cargocollective.com
wowensqr,7uEJwpXtSAQZ,cgonzalesqr@microsoft.com
cgrahamqs,wh32iMNZ,kgarciaqs@salon.com
ckingqt,4jU3ZCCf,smedinaqt@cloudflare.com
wwashingtonqu,3IGfd5NO,mdeanqu@jalbum.net
rreyesqv,IU4IHmx,tbarnesqv@pbs.org
jshawqw,h8YGZk18Q,ljamesqw@chron.com
dgarciaqx,BtPPR1Hjl,bperkinsqx@squidoo.com
acoleqy,kb8ZeOn,lhunterqy@posterous.com
tmasonqz,1JncZpcS3Gk,rfowlerqz@hp.com
lcarpenterr0,FfuHSUik,srobinsonr0@timesonline.co.uk
rhowellr1,2pIOBI,shartr1@fotki.com
dburker2,2OqMGHc,cwelchr2@xinhuanet.com
kcoler3,HSvEP4zFEZC,iblackr3@woothemes.com
bhuntr4,eM2YVHLA,rmcdonaldr4@jugem.jp
ahowardr5,E5O4ju,wreyesr5@ed.gov
jalexanderr6,CfSkZu,pnguyenr6@free.fr
slarsonr7,V7PLjQzqe,vcarrr7@sun.com
hjacksonr8,yRddgpNzi,bandrewsr8@friendfeed.com
dfreemanr9,QlL9NOKH,tnguyenr9@edublogs.org
cspencerra,VGhv5xAdg,pgordonra@bigcartel.com
wpetersonrb,azzZ0qI1,aphillipsrb@kickstarter.com
jwhiterc,eUQytL1kOl,bcarterrc@de.vu
cwatkinsrd,FbxDgM,dnelsonrd@twitter.com
kdunnre,gza0dJ,bfieldsre@github.com
kfloresrf,I7G6LaY,jfrazierrf@mlb.com
jcolerg,t8F4Dhl,ewashingtonrg@blog.com
jbanksrh,w2tf4SUG,relliottrh@desdev.cn
twardri,Yr6gPP,bedwardsri@flickr.com
wharrisonrj,zzXwijCp6W6,kbrooksrj@soundcloud.com
rcolerk,yBnvgB0gDYS,abowmanrk@ow.ly
hdavisrl,D7skGJj,srayrl@harvard.edu
jmitchellrm,IX17on1Ns,smasonrm@examiner.com
jgeorgern,FDuiLvod6,warmstrongrn@usnews.com
drobertsonro,3s7fwu1,jwallacero@tamu.edu
rfergusonrp,Glie20C5Suz,apaynerp@mtv.com
jwellsrq,VMNcMYkF2w8,bcookrq@symantec.com
mfordrr,HBirM0,jmatthewsrr@cbc.ca
hstephens02,0E5uZ89CqG,hnelson0@digg.com
rwilliamson12,ccr6HHSUU18,gharris1@nymag.com
bdavis22,wozpSL,ppalmer2@amazonaws.com
chicks32,Ygyk4hhFI2,ccruz3@google.cn
kcampbell42,prBsKLWvjn8r,rwebb4@facebook.com
jgonzalez52,KYfizIa,jlopez5@ihg.com
pwilliamson62,7upiQh6kE,kgardner6@netlog.com
tcrawford72,I5HwkL2,aelliott7@ycombinator.com
dflores82,TYy5wfQC4t5H,fhenry8@cyberchimps.com
blarson92,5wxq61aXSweH,fhunter9@microsoft.com
pholmesa2,coXCWe,sgarciaa@comcast.net
jcampbellb2,lmFgzf45Lr,lmccoyb@jimdo.com
vrichardsc2,9RGCkOsGUuw,arodriguezc@uol.com.br
jturnerd2,ulM98cP9,cedwardsd@wisc.edu
haustine2,2tZgLDeq7xSE,jjenkinse@reference.com
jmcdonaldf2,DBZaL7jecw,jricef@123-reg.co.uk
schapmang2,CZH6Oj261,pmurphyg@clickbank.net
emillerh2,Px3GzmiE,bbaileyh@umich.edu
sbakeri2,Ol3ZGC,khilli@independent.co.uk
lharrisonj2,xVebvjcX,hmccoyj@nymag.com
kwagnerk2,pm7WpbsIim,jsanchezk@moonfruit.com
ccunninghaml2,Nj8rAdoP,jowensl@linkedin.com
dthompsonm2,8aSREJOeGHu,cevansm@amazon.co.uk
hreidn2,6cMk438YhD,rmitchelln@comcast.net
pwhiteo2,8axLFDt1AD8a,jkennedyo@epa.gov
lcampbellp2,KoDP88NRopb,fadamsp@exblog.jp
afrazierq2,5m5g8f0cGRA,ahendersonq@fda.gov
twilliamsr2,ebFoR6O,bhuntr@seesaa.net
rramoss2,ZNY9mKUs,awelchs@qq.com
afishert2,uKPCfcUS,mjacobst@surveymonkey.com
jmitchellu2,JlNmqEFlhpKf,aparkeru@blogger.com
kcastillov2,jxCBKCKzHy,ewilsonv@g.co
tpalmerw2,ImMs5n5rCuZ,aedwardsw@si.edu
jbowmanx2,xCtmEui10e2,wgreenex@pbs.org
darmstrongy2,1KAW3lZs,bgreeney@creativecommons.org
bsmithz2,6mqnGnF6,jwallacez@storify.com
dcollins102,u0bImnZJ,jmyers10@meetup.com
lclark112,nyoaKnssg69,kramirez11@dell.com
psnyder122,jUsqCk0VLG,cmatthews12@shareasale.com
jgray132,Q05S9wuk,mgonzalez13@noaa.gov
fandrews142,laxRsRZIavio,jarnold14@i2i.jp
mmorrison152,g2J28Lix12,jhamilton15@huffingtonpost.com
areynolds162,Pu0e1fFC8QK,jhanson16@usgs.gov
aboyd172,aCl23imfC,bstewart17@virginia.edu
cfisher182,6X8ajbU4U2QH,bgeorge18@foxnews.com
acarr192,hZKXiHTZjv,mmorgan19@sfgate.com
jwashington1a2,kbV6qp1dNrJt,kbaker1a@state.tx.us
jpayne1b2,o09zOoks,jcruz1b@ibm.com
pparker1c2,dVID7QMaN,ssnyder1c@globo.com
dburke1d2,EYk7VKf,flane1d@mit.edu
dromero1e2,i8AayryY,jjones1e@statcounter.com
rbishop1f2,3Nov0LdjnbPH,rlittle1f@mediafire.com
dsims1g2,xO3IML,chunter1g@ning.com
acook1h2,mZp65Jpt,lbarnes1h@cisco.com
dgarrett1i2,XliVL1tN7l,nchavez1i@fc2.com
jmartin1j2,H1NKZLhEP9,rhughes1j@twitpic.com
bwashington1k2,7hqjhCky5ac,bcampbell1k@oakley.com
vbrown1l2,bL4ybTN3C,along1l@fastcompany.com
pcook1m2,LmhTlRwwvVuX,jkennedy1m@vimeo.com
emontgomery1n2,S71BqSIjWmm,rgomez1n@ucsd.edu
mfisher1o2,zkSh8ky1i2,ktaylor1o@senate.gov
mfuller1p2,0rnO2bMGXGm,chall1p@yellowbook.com
aburns1q2,OQ1njZ3n20,kphillips1q@chron.com
ewebb1r2,OTVrGel,bspencer1r@un.org
rfox1s2,iDV3OrC,jfrazier1s@yellowbook.com
fturner1t2,UDeX0F2kLNz,jperry1t@mtv.com
rmorris1u2,lGEgGm9D,vcunningham1u@buzzfeed.com
cmarshall1v2,bnU7GZggP,ldixon1v@aboutads.info
abutler1w2,5ivIH9eBu,jstevens1w@time.com
eday1x2,LcODiT7f,cjackson1x@amazon.de
ryoung1y2,X2rvEiwEbh,cfernandez1y@blogs.com
mwoods1z2,qiz80m,kcox1z@technorati.com
jboyd202,EhPL3bYkn,jschmidt20@arstechnica.com
pward212,BRol8hULZi,jblack21@springer.com
rharrison222,RINS6sjnV,scole22@google.co.jp
jhudson232,9SKi7bnBB84,dgilbert23@drupal.org
janderson242,iQcaysgZ,amartin24@opensource.org
dpalmer252,jxFlcKky,jphillips25@imageshack.us
mwebb262,K9VDpX,jpeters26@bing.com
cbell272,mjeKQL,ledwards27@forbes.com
jburns282,ChxpaGxkkI,kmorales28@springer.com
hbishop292,uJRuwPnWGiX,eharvey29@addthis.com
abailey2a2,0rVQ0Ud,sperry2a@whitehouse.gov
rphillips2b2,EasqU4pDx9i,jarnold2b@multiply.com
kcunningham2c2,rLkRaX,jfrazier2c@va.gov
chughes2d2,r74RvpMvEX7N,sgarcia2d@buzzfeed.com
vmorrison2e2,LuzJN3E6B1h,wwood2e@1688.com
dtorres2f2,uoDCFTLL,rscott2f@cbslocal.com
jgutierrez2g2,sbmIshbnM,rmyers2g@npr.org
hwilson2h2,qvcHz7CY8u,sreynolds2h@reddit.com
jevans2i2,85lHtk,rray2i@wunderground.com
kwells2j2,h346OF7JkT,lramos2j@pen.io
gsimpson2k2,s9qP9o,jchapman2k@dot.gov
jbrooks2l2,71gjsq,dcoleman2l@wikimedia.org
rjohnson2m2,5H0C6ZbCfoym,hshaw2m@usnews.com
erobinson2n2,Iredqsjg,cmarshall2n@blog.com
ncruz2o2,6IFEfi4p,jflores2o@craigslist.org
esimpson2p2,avH8BA,ahenderson2p@marketwatch.com
hcampbell2q2,vzTeEvPNk,tburke2q@amazon.de
cbarnes2r2,UB835ivXl,krice2r@webs.com
awatson2s2,sDS91sMgGxf,ahawkins2s@sun.com
hgreen2t2,aSU4yyB39,mhanson2t@auda.org.au
jjackson2u2,RqPVPh,dwalker2u@sciencedaily.com
eking2v2,cBFcald1,cjones2v@google.nl
jburke2w2,YQuVeOG8,kgarrett2w@google.com.au
chunter2x2,3KMc1MtLAkz,bpeterson2x@bloglovin.com
jfernandez2y2,jO9enies,gbailey2y@squarespace.com
bstephens2z2,ketE5rz6l,ngray2z@photobucket.com
jaustin302,61Lw8dh,aschmidt30@t-online.de
mramirez312,3OfTN5r,ctorres31@bandcamp.com
areid322,Z7glN3Ks3c3Q,chamilton32@comcast.net
rhunter332,MYRpCFy,sferguson33@123-reg.co.uk
vdixon342,4tFZHNk2D,calexander34@sina.com.cn
gwagner352,VOImn63,cfowler35@printfriendly.com
sgardner362,K4jNy7VrUJe,lbarnes36@ftc.gov
mfowler372,jHsaRcrP,plarson37@ocn.ne.jp
llewis382,5kxiem7cm,jalexander38@guardian.co.uk
jsullivan392,kJ4nUK,kfoster39@china.com.cn
hfoster3a2,q2PIWKV,drichardson3a@prnewswire.com
jgarcia3b2,pBYROUkMiv,lwatkins3b@stumbleupon.com
jdixon3c2,zwQIocT,aortiz3c@bloglovin.com
dwheeler3d2,vKyZNIEOnn,rferguson3d@cargocollective.com
aroberts3e2,6OxEMOFs3D,mgomez3e@upenn.edu
galexander3f2,A8cL4VBHis3f,epalmer3f@qq.com
jmiller3g2,zCOEWT8w2Je,cford3g@soup.io
bsimpson3h2,khRP8DpM0nex,sfuller3h@pinterest.com
lphillips3i2,i7ZQezX,estewart3i@mail.ru
balvarez3j2,0yeR7yi1P,lbryant3j@europa.eu
bhughes3k2,bUYxF8w0DY,taustin3k@netvibes.com
rchavez3l2,TKWsD1QZiVJz,eperry3l@gov.uk
ksullivan3m2,rPUTrwz,dknight3m@lycos.com
agilbert3n2,E21YUE2f4g8,hlopez3n@reverbnation.com
rjenkins3o2,V20dvCs0sztF,lcollins3o@tmall.com
gfernandez3p2,hwNpKxBZu,tpierce3p@ucoz.com
jmarshall3q2,lEsInS1mYUr,jjackson3q@reuters.com
lstevens3r2,rgvZhY3XK7AP,ffrazier3r@seesaa.net
sharper3s2,L2Bvymh,dweaver3s@acquirethisname.com
asanders3t2,1Qb3NBLzC,ppowell3t@infoseek.co.jp
lwatson3u2,7VX4VsNaQlk,athomas3u@skype.com
rcox3v2,7UealWfQ4K,jstephens3v@webnode.com
jrichards3w2,pBqUqHoly,agarcia3w@digg.com
rwalker3x2,rVjvxu2rsa,ppeterson3x@elpais.com
ppeters3y2,W7zMgK3RGpW,khayes3y@csmonitor.com
agilbert3z2,g1vW7cOUmTqT,rrichards3z@digg.com
danderson402,w2dEXVnCUiyH,jhughes40@mtv.com
jellis412,tkB8C5MzH,dsimpson41@pbs.org
cmurray422,pgjz1c,mwashington42@mashable.com
jhudson432,LBjtepX2m,mpowell43@deviantart.com
wperez442,FL1EUmNn6BF,srose44@samsung.com
bnelson452,Es39kJ,swatkins45@ebay.com
vwalker462,gJo5ENd,rgarza46@java.com
bprice472,k6BBKCi,srodriguez47@opensource.org
sgeorge482,GD9ZltZs,wpierce48@bravesites.com
astewart492,rp7o2u3lbFx,pbrown49@reuters.com
ddavis4a2,DqxFUuoGLUH,krodriguez4a@livejournal.com
jsmith4b2,QYQ9aN,tmeyer4b@twitter.com
jbell4c2,gz6vSCa,ksanders4c@nsw.gov.au
hjenkins4d2,qDBJS88dYMGu,anichols4d@marketwatch.com
lferguson4e2,GxHkxc,rharrison4e@1688.com
speters4f2,hrb4eBBa,jwagner4f@techcrunch.com
snelson4g2,Wc0DAIhW,wgray4g@tiny.cc
dhoward4h2,ZjpKw8QMdxH,jowens4h@google.it
pcooper4i2,iVLT9rlS,rdiaz4i@tuttocitta.it
jgilbert4j2,FYLCCduO,dgardner4j@soundcloud.com
cfox4k2,vM6tLD3ch,jcarpenter4k@irs.gov
kdunn4l2,6g3U6bPEIp9T,arogers4l@sogou.com
pcarr4m2,4Ezrf2,pcarroll4m@ow.ly
sstone4n2,aR3qlN1sHn,tarnold4n@washingtonpost.com
jwelch4o2,w0ekh3JL,tharrison4o@rambler.ru
krobinson4p2,Rd5xLKm1eiin,jcooper4p@yandex.ru
jturner4q2,etN2xANeDq,llane4q@psu.edu
vking4r2,O6VMOCViaGPN,dwood4r@sogou.com
gwoods4s2,rEEQ1aPdBsE,kfowler4s@pcworld.com
shunt4t2,6A73GSJ,rharrison4t@ezinearticles.com
kadams4u2,9fWJmj,mallen4u@tinypic.com
spayne4v2,D82gZ4As,fnguyen4v@hubpages.com
ccarr4w2,Ru0efnjKT,jbaker4w@bizjournals.com
jwashington4x2,4qYhQaHZQ,nyoung4x@dailymail.co.uk
lgray4y2,Jph8gQ,kgomez4y@upenn.edu
vkelly4z2,Qvh4Ll4fi4,dcarter4z@washington.edu
pmeyer502,v1nnxSVza6U,pmorris50@acquirethisname.com
scunningham512,XSwU2mIbVlC9,cbutler51@qq.com
ahenderson522,b4NG1QO,jrice52@flickr.com
dwright532,65sJ94s,jbowman53@google.cn
brice542,N6CwIS,tpeterson54@people.com.cn
jgeorge552,Jpu3mCI,ccarr55@addtoany.com
lburton562,JgjJyn,jkennedy56@kickstarter.com
ahill572,nc9juruXSdC,eruiz57@dion.ne.jp
tcunningham582,RNvanpHFt,ahunt58@addtoany.com
hjordan592,5ugtazUk,ewheeler59@diigo.com
rfox5a2,cs8KVM,twagner5a@youtu.be
hmorgan5b2,kUXnMEr,akelley5b@blogger.com
kgrant5c2,5XgKzVq,crivera5c@noaa.gov
drobinson5d2,NRSXvYaL5,sadams5d@narod.ru
cbaker5e2,TYJjGDbSvmuu,bfoster5e@behance.net
aadams5f2,7rTaklXvDvQ,rwelch5f@wufoo.com
jreyes5g2,J7HY3xO,jsimpson5g@live.com
rtorres5h2,H6cqEy,dcox5h@yandex.ru
vmcdonald5i2,1sI1YB,kfisher5i@feedburner.com
barnold5j2,ThbSNlSD8,dryan5j@opera.com
thansen5k2,qU3VHDe,jlarson5k@jalbum.net
dprice5l2,OZl9G6,wwilson5l@ucoz.ru
dmills5m2,rcoNAO,acollins5m@redcross.org
randrews5n2,9oQkSxTftQXg,ctucker5n@salon.com
tjacobs5o2,t5Wbt5aIJ72b,ecox5o@mac.com
jramirez5p2,SNgaTrFs6IPx,solson5p@artisteer.com
wreyes5q2,GBgLlRvqG,kturner5q@jiathis.com
hrose5r2,ooAP09c,kstone5r@simplemachines.org
jmccoy5s2,SFPEW99ZV,rsanders5s@hc360.com
klynch5t2,exRr8Sfoi2,pkennedy5t@google.co.uk
mbailey5u2,L82CDjvYq,cmurphy5u@paginegialle.it
jwebb5v2,DaCLI58,tray5v@unblog.fr
jduncan5w2,NIndoXSEfgL,chughes5w@photobucket.com
dwagner5x2,chpFKmze,mrice5x@ehow.com
aharrison5y2,CPfBJ2,jhansen5y@patch.com
jwelch5z2,x2i428GUs49a,cfowler5z@marketwatch.com
cdunn602,pBgdZEvD,ddavis60@gizmodo.com
jclark612,vsKP7L,tarmstrong61@skype.com
fsimmons622,NryC9sRf6a,lpierce62@gnu.org
cmorris632,gZVZEKtoq,gcoleman63@dagondesign.com
ppierce642,HCXcHwOH6YEh,bromero64@digg.com
maustin652,HzfTXNl,dwilson65@uol.com.br
bmorgan662,tYa5MbuMibJY,rsullivan66@cbsnews.com
ggibson672,aHWQsKuH,egreene67@va.gov
jowens682,6sGRY0Z64nnS,pruiz68@163.com
dbaker692,BSSrAG,award69@marketwatch.com
nsanchez6a2,F0xTBP,cjackson6a@google.fr
rgardner6b2,hPPSqFxeoWD,gburns6b@walmart.com
wspencer6c2,aNucl6lrj83,dhunt6c@geocities.com
jwilson6d2,j97knVU8mc,fcrawford6d@biglobe.ne.jp
pfernandez6e2,QM26FSmL4XJN,nstephens6e@liveinternet.ru
eberry6f2,WRCcGX,rporter6f@chronoengine.com
kwatson6g2,0kBoOO7nC,dbowman6g@wikia.com
fryan6h2,Hfp0RbuUs,abennett6h@facebook.com
bgeorge6i2,psIbfQZMF,dbennett6i@prweb.com
dfisher6j2,y63eG8mQ,agarcia6j@mtv.com
madams6k2,1vMzeTgdE,emedina6k@google.es
mpeters6l2,fb638Hjf,mperez6l@typepad.com
bmason6m2,1RdB24,bfranklin6m@skype.com
rrobinson6n2,H4VWna,jwright6n@themeforest.net
rcunningham6o2,8jpyJUq,vharrison6o@paypal.com
afernandez6p2,eXSjzW3BD,jrobinson6p@macromedia.com
jstewart6q2,x1YymsJh,cknight6q@phpbb.com
rruiz6r2,Vq7PGTPUah,showard6r@delicious.com
bmoore6s2,4N6o0qjFU8OF,nward6s@walmart.com
dgomez6t2,WmdX6yK3J,jruiz6t@vkontakte.ru
spayne6u2,43u17m9ctx,ahansen6u@sina.com.cn
plewis6v2,Pg8D1tdb,broberts6v@salon.com
nrodriguez6w2,mdWckUyR,schapman6w@networkadvertising.org
bhowell6x2,eE3BfGhi0PnM,gnichols6x@mlb.com
jharvey6y2,JFPllB,awarren6y@webeden.co.uk
ematthews6z2,lnCHnIPMj,mharrison6z@devhub.com
jmurray702,R0Zl4S6,carnold70@fotki.com
scampbell712,uqXfqYHWDA0,sshaw71@wix.com
jnichols722,7X1nPfmv70,jholmes72@comsenz.com
tkim732,TilJTSsJXEJA,tryan73@sourceforge.net
athompson742,5oDne39uyu3,amcdonald74@trellian.com
dflores752,6tgYnAc,mtucker75@admin.ch
acunningham762,9vdWq5Ap,jrivera76@nytimes.com
rthomas772,6tLjTCW,amorris77@reverbnation.com
eryan782,o1CLWraU,jwheeler78@chronoengine.com
bmiller792,Cs8NNbxX9,ssanchez79@g.co
jfowler7a2,Qj6Fj2DgB,akennedy7a@cpanel.net
thenderson7b2,X6ECwM,hdiaz7b@hexun.com
dsimpson7c2,SzMyjoE,jstone7c@princeton.edu
rross7d2,NFYjWfxE,kfreeman7d@rakuten.co.jp
asims7e2,0l94qFrmUW8I,rcox7e@google.es
mlee7f2,j5CSzrZtOI4,egreene7f@ucoz.ru
mgarrett7g2,015leUg99s9Q,clawson7g@wp.com
idean7h2,c5zgeatdr6,rhunt7h@jugem.jp
speters7i2,dRMU63YH1,bboyd7i@answers.com
nryan7j2,Vu1l8w9p,rburns7j@oakley.com
jfowler7k2,84mTx1dzw5k,blane7k@example.com
lwilliams7l2,Wso8vkKnO1,csimmons7l@mysql.com
tkim7m2,TCIor1g4cXXs,vharris7m@cam.ac.uk
alopez7n2,7ghArhmY94,efowler7n@goodreads.com
bhunt7o2,z99AHB0YMyM,bhowell7o@foxnews.com
nmoore7p2,xRilaKYOqe,hpowell7p@nature.com
ngutierrez7q2,mUbuhcq4er,sstone7q@va.gov
randrews7r2,cz0693e,fmendoza7r@miitbeian.gov.cn
iwright7s2,ybP4ovTmOJd,sreyes7s@marriott.com
jhall7t2,PI0qGJu4bkGA,jwhite7t@e-recht24.de
clopez7u2,GyRgTaSi,mparker7u@slashdot.org
jevans7v2,PXfFiT,swagner7v@unesco.org
frobertson7w2,0LxVwraHd,rthomas7w@pbs.org
sharris7x2,wLYanLAI0V,mevans7x@cisco.com
rhoward7y2,kn91J8,rferguson7y@hugedomains.com
rrichardson7z2,Y4iAIfDz,ehunter7z@wisc.edu
cadams802,2ksWCp,jrobertson80@xinhuanet.com
bwatkins812,DqE8MqI96Ns,ewilliamson81@un.org
dcampbell822,eJylbLS5fT9n,sfisher82@weibo.com
jjones832,88idtdb,rburke83@pcworld.com
bortiz842,Dc1IXoCpJ,aperry84@shareasale.com
jjackson852,X64rnjBF,phughes85@tinypic.com
ehall862,1lbI2n7OJ,rlittle86@google.nl
aholmes872,cGJe9sxayTjv,sbishop87@senate.gov
jhanson882,FDkur5Gn,sthomas88@desdev.cn
bbailey892,dvx58k,jstevens89@mlb.com
rbryant8a2,B7RZdtabota,dsanchez8a@webeden.co.uk
acox8b2,AZBT4a5hcH6J,abell8b@cnbc.com
rowens8c2,Z665qe,rwheeler8c@ebay.co.uk
arobertson8d2,JRs9wOT,caustin8d@noaa.gov
sbaker8e2,r6Jt1hQZk,alawson8e@last.fm
mharrison8f2,zLopuP,llane8f@studiopress.com
hwright8g2,mKBayvQG,dcunningham8g@vk.com
dbishop8h2,tFauhZM2,hwilliamson8h@gnu.org
lyoung8i2,INqocU0dj,pmatthews8i@amazon.de
mgonzales8j2,MU56ExkiAL,dharris8j@geocities.com
pphillips8k2,i4rc1DYwNz,pboyd8k@com.com
pharris8l2,KmTtvO,abailey8l@seattletimes.com
mruiz8m2,RQ2flq6v,adaniels8m@tiny.cc
swood8n2,g8c7eJ2z,dfuller8n@si.edu
dfernandez8o2,n2BixviX6Dr,jparker8o@goo.ne.jp
anelson8p2,Lemy4Qa,sknight8p@tamu.edu
bblack8q2,Yj1PJ0YNI6o,agrant8q@storify.com
mpalmer8r2,ckkGXty589Q0,jdaniels8r@goodreads.com
jlewis8s2,FId0P4wz,amyers8s@cnn.com
cburton8t2,iWd4oLc,egeorge8t@cbc.ca
bramirez8u2,z05ePUM6,kstephens8u@samsung.com
jwilliamson8v2,7ffYnlact,ahart8v@odnoklassniki.ru
aowens8w2,YN6hbg1IVTH,jgreen8w@ovh.net
sfields8x2,LZcmqB671HKt,agilbert8x@state.gov
awagner8y2,jBlzyh,lhunt8y@desdev.cn
csmith8z2,GoBYaZ,nrussell8z@ow.ly
pwest902,jBDomsMG,earmstrong90@aol.com
twebb912,53Fx5lFpncg,rwheeler91@cargocollective.com
dmason922,0vvpNwRdjFZ,ahicks92@behance.net
chall932,n8H003ga,agordon93@people.com.cn
jbailey942,oYnK8Z50,cdixon94@pagesperso-orange.fr
jyoung952,hTKaitg,jross95@apache.org
wellis962,Zj9fcLYNY,jwells96@exblog.jp
jwelch972,ni3rQUg4O,jford97@rakuten.co.jp
jporter982,XniPgZkaq,eray98@ed.gov
apowell992,K4CzgcN3KY,spowell99@joomla.org
jpowell9a2,7MwXSR0nmCxB,twhite9a@squarespace.com
cbutler9b2,gxAbPupO,chunt9b@eventbrite.com
skim9c2,B87Du2gVL7,mgraham9c@illinois.edu
fhoward9d2,fsQBPflRzqUg,jjohnson9d@cnet.com
crodriguez9e2,CB1NPN,rfisher9e@slate.com
mpayne9f2,Ahd0XpD9T,rturner9f@forbes.com
wmccoy9g2,TnJSAaZ,rriley9g@icq.com
pburns9h2,NuFNpL,vmorrison9h@cnbc.com
pdavis9i2,Bnm6gDc,eferguson9i@live.com
epierce9j2,6IlsN4J6,mpowell9j@wikimedia.org
vchapman9k2,Jqb4Ddydsu,ngriffin9k@twitter.com
lwilliams9l2,8Yy9MgpOr,jperry9l@twitter.com
jowens9m2,tj4jP9ws,kmorales9m@xing.com
jjones9n2,OfOvq0jNQ1cu,kgraham9n@opera.com
dmoreno9o2,WevbJLg,ksnyder9o@posterous.com
rriley9p2,lgVVw4N,parnold9p@wix.com
jhansen9q2,htowri9jJh0v,anelson9q@fotki.com
vyoung9r2,qQSKLrZ2cF,bgomez9r@amazon.co.jp
tallen9s2,C62Vrgt3TMt,rfowler9s@opera.com
cwagner9t2,vXO6p5,bhill9t@icq.com
sphillips9u2,WTl6imsFzX0t,mgibson9u@scientificamerican.com
jmorris9v2,5farBAHmtJz,sporter9v@blog.com
gwright9w2,0xlhorvoGg,wduncan9w@bloglines.com
llopez9x2,TTrnWxE4LsY,handrews9x@alexa.com
jgutierrez9y2,ySd39NnM,pgarcia9y@wsj.com
relliott9z2,eQLNA5nbVJ3G,tperkins9z@sbwire.com
jwarrena02,T7RnXaSebVEl,jpalmera0@shinystat.com
dharrisona12,Mfuqj24NYk,tyounga1@nba.com
mlanea22,iLqAPpcn2J0,hjordana2@phpbb.com
cwashingtona32,8zOwd7XcI,jjohnsona3@scribd.com
amillera42,rkn6GV8np,fnelsona4@example.com
rweavera52,zM3vqO2WNxC,sfreemana5@patch.com
rwheelera62,yK3XB9zWxvJV,bmontgomerya6@aol.com
bbradleya72,hRncRdwLN,plonga7@epa.gov
rgraya82,AHszlcVkwJjb,probertsona8@elegantthemes.com
gwilliamsa92,gWbUnpuNg,bcartera9@columbia.edu
nnelsonaa2,CrnquF,tpierceaa@yahoo.co.jp
bweaverab2,543KS2BS,bmeyerab@paypal.com
shayesac2,7AQvDPFDSaEN,tfosterac@1und1.de
solsonad2,FXvJlueizw,cwashingtonad@chronoengine.com
kcunninghamae2,wPNuWiKdxw,rgeorgeae@shop-pro.jp
akimaf2,asbgOiVFM,lhernandezaf@dot.gov
jrayag2,iYCpKYxTGfdM,jcastilloag@hao123.com
ngrayah2,1jobfLI,aellisah@pinterest.com
bcarrollai2,nzAwUo2354,cjamesai@ustream.tv
cboydaj2,SVvUvfZ5yUd,phowellaj@ocn.ne.jp
erodriguezak2,MWM8RkdHQGxr,rmurphyak@state.gov
jporteral2,EYoEmPM,tlaneal@google.co.jp
jwalkeram2,Wuh93qVi,rmendozaam@noaa.gov
rgeorgean2,jUPL3KzS,jrussellan@artisteer.com
jhenryao2,jUhG2ig76,ggarciaao@theatlantic.com
rscottap2,7iHLsYfiSv,aboydap@merriam-webster.com
gchavezaq2,5BtzFtOHGAz,charrisaq@whitehouse.gov
rperkinsar2,9UYqHY,akimar@newsvine.com
jgonzalezas2,KXIQbu,jtuckeras@oakley.com
chayesat2,LQ4ljec5z9,aowensat@phoca.cz
rtuckerau2,bNkDJfh,jsullivanau@delicious.com
bgreeneav2,Lp7GcxrANPfT,blongav@blog.com
slawrenceaw2,1TaWXE,pbryantaw@pinterest.com
imcdonaldax2,wJ3QESYgu69,aphillipsax@google.de
jmccoyay2,TWW3HSCC,shansenay@histats.com
sbradleyaz2,Ohzuo6YsW2Di,kpetersaz@vinaora.com
hburnsb02,QJMefvzeE,rgreenb0@uiuc.edu
bsimmonsb12,WGBrtewRtY,gfranklinb1@wix.com
twoodsb22,CQycojngBlM,ccollinsb2@linkedin.com
lmyersb32,ZgZOwsgmtqu5,afisherb3@cmu.edu
cellisb42,KCdOJdV,sblackb4@sogou.com
vparkerb52,IT9hzcNPdT,scarterb5@yelp.com
jortizb62,3JZIA2,bowensb6@facebook.com
vandrewsb72,4ia74IUcMN,lmurrayb7@whitehouse.gov
jrobertsonb82,lYzbdMT,kturnerb8@nsw.gov.au
pgarciab92,AqXsNlT,wmedinab9@amazon.de
abishopba2,gxRAJc,cporterba@nifty.com
sharrisbb2,2JqKueP7,kjacksonbb@google.co.uk
agrahambc2,vm5YxeYHD,glittlebc@reuters.com
mharveybd2,hleyNxC5S,cadamsbd@parallels.com
nperezbe2,6Uzmce1A,rrogersbe@seattletimes.com
jfullerbf2,qOoJ9HEyP8z,smartinezbf@themeforest.net
cfoxbg2,XhpZUQsH9Ym,bsimsbg@nba.com
cgrantbh2,FEsf3YZLaof,draybh@bluehost.com
ckelleybi2,ihKnCjWU,jcastillobi@github.com
rfloresbj2,2ITYtM1BBk,dmyersbj@nps.gov
dsnyderbk2,96tOGgGfjcNB,arileybk@topsy.com
jjohnsonbl2,wjFWgBOze,hhughesbl@boston.com
jgraybm2,rdf7x2,cmedinabm@cafepress.com
mhudsonbn2,lPSSv1vVR,afieldsbn@wp.com
jhillbo2,9z0HNWhqU,pwashingtonbo@nydailynews.com
mhillbp2,SX0Qn2idD,wharrisbp@livejournal.com
bhamiltonbq2,kw8dCFtp,aperezbq@google.es
mrogersbr2,owvSMB9H,mmedinabr@mail.ru
cgriffinbs2,MOAnP21h9H,jpiercebs@cnn.com
ldeanbt2,NSlEYiLA7M8u,mperrybt@toplist.cz
shicksbu2,xUymxf8VGMOO,jhuntbu@hp.com
rmontgomerybv2,qloQF9Fi3LEK,jbishopbv@wufoo.com
chuntbw2,0ZQof6pe,rrileybw@sfgate.com
vbryantbx2,7PcfebuELg,lwoodsbx@behance.net
kchavezby2,bXjoSVK5y,fnelsonby@addtoany.com
jpattersonbz2,wsx2J1F,bsimsbz@creativecommons.org
jrossc02,uVZhSbAbESm,pharperc0@wordpress.org
lharveyc12,heQzGg0g2jm,aperryc1@walmart.com
pcarpenterc22,VTRB9W72Mr,hlarsonc2@skyrock.com
icastilloc32,NFaPSlm,bdiazc3@qq.com
tmorrisonc42,iqPqbJ,akingc4@foxnews.com
mjacobsc52,FwNRYJHt18,amillsc5@bloglovin.com
hmorganc62,RjPsSVSa86Lp,jnguyenc6@uol.com.br
triverac72,ZuMSrfKrdN,aallenc7@rakuten.co.jp
hsimmonsc82,D6qXMWJx,jlongc8@imdb.com
twallacec92,dFX0zZ6xM,flewisc9@columbia.edu
sgutierrezca2,NhX7I2,kwestca@salon.com
dalvarezcb2,ngOJ3HF,mhartcb@uiuc.edu
ahughescc2,ypQd4SA5uX,nhudsoncc@auda.org.au
cwoodscd2,U5cczO6Y0rU,lgarciacd@berkeley.edu
swardce2,K26FMiM,gchavezce@yahoo.com
mhallcf2,4x8O1lYid,jarmstrongcf@deviantart.com
dedwardscg2,L8v1g9FBD,hcampbellcg@1688.com
rbishopch2,66Ys7h9wBH,rmorrisonch@cyberchimps.com
bstewartci2,nSgQIB,carmstrongci@usa.gov
kcarrollcj2,XlzH9x3fRz,dsanderscj@360.cn
ataylorck2,PHH9QID3C,rwashingtonck@moonfruit.com
ahawkinscl2,1ghCIT,rstanleycl@springer.com
dmartinezcm2,jlKFnof7Hh,rlynchcm@hostgator.com
lrichardsoncn2,RhtHCZq4h2c,rcarrcn@fda.gov
nwalkerco2,MmKD2Tz3f4,ssullivanco@delicious.com
estonecp2,5JmFpxtVJH,ebradleycp@smugmug.com
jhamiltoncq2,38qznPL,jarmstrongcq@indiegogo.com
lmontgomerycr2,J2sPVB1sU,emorriscr@w3.org
kbankscs2,ul4VEpgQiKi,ecarpentercs@nifty.com
mwestct2,QtTAbS8xRkZl,phawkinsct@bravesites.com
jmitchellcu2,yGRrvNf,jhudsoncu@whitehouse.gov
kmurphycv2,5FoVYtJSzr,arobertsoncv@adobe.com
bscottcw2,gs4FGNSEq,kfernandezcw@goodreads.com
palvarezcx2,5ZVpw5bg,jhansencx@mapquest.com
gromerocy2,uQLjlNKu,grileycy@smugmug.com
swatsoncz2,GUJEqba,dhowardcz@meetup.com
jhudsond02,4lVsFZpH9,jandrewsd0@ihg.com
jknightd12,XAnBdT83,lrayd1@aboutads.info
eruizd22,JW2PBgn1MN,rharrisd2@indiatimes.com
hhenryd32,eb6ZMgW,jmillsd3@hubpages.com
wmcdonaldd42,H4KKNsg0UB,balvarezd4@webmd.com
mperezd52,ePP7kjQTZM,jcarrd5@webmd.com
swagnerd62,gEOIrV8i,mstanleyd6@digg.com
ffranklind72,AnzevNQoGhdl,wfullerd7@oracle.com
rwallaced82,IH6sGELKSlI8,jbutlerd8@google.com
bandersond92,Gio7rXPB75n1,kcrawfordd9@tinyurl.com
srileyda2,cYmgExV29,mallenda@berkeley.edu
jcarpenterdb2,2hD8zVqldo,mevansdb@freewebs.com
bhudsondc2,g4SHKQvTvaq,sstevensdc@example.com
sperkinsdd2,uQ9diz3GX2,drichardsondd@mozilla.com
lsanchezde2,npoGmT,trogersde@privacy.gov.au
brodriguezdf2,UqcvbwZbCY,sthomasdf@fda.gov
mbutlerdg2,r68qoRYxsV2y,bgriffindg@e-recht24.de
jlawsondh2,oil41MA,dfergusondh@deliciousdays.com
cleedi2,AEBCdYV2CiH2,pdanielsdi@about.me
elongdj2,RRhIIBJ71YDY,hthompsondj@tiny.cc
rwalkerdk2,IITjat1nGIi,gstevensdk@example.com
sgonzalesdl2,xMk4oyG,nrogersdl@wix.com
creyesdm2,ULU3nVyINgFY,ejenkinsdm@telegraph.co.uk
wreeddn2,89W9VxRTFb,jfranklindn@wufoo.com
wgilbertdo2,BwO0XPuJ,khuntdo@independent.co.uk
mwellsdp2,ijbkzfoq,spaynedp@businessinsider.com
lbrooksdq2,LAevfur,thenrydq@domainmarket.com
dcarrdr2,IY60CeLzBdvw,wweaverdr@joomla.org
mgarciads2,vhgmjBlk3b,ldiazds@nyu.edu
twoodsdt2,l6XAutC5xtGH,blarsondt@hc360.com
jwebbdu2,zs1VHJCl5cZr,padamsdu@rediff.com
tmedinadv2,zCdCXuoZD,dmyersdv@youtu.be
ahilldw2,wLBFQIl,mwilliamsdw@sakura.ne.jp
srogersdx2,gUjIe35H,bcarpenterdx@nba.com
gkellydy2,RoZxgQx,cscottdy@noaa.gov
cmarshalldz2,5JSpDfAmU,twilliamsdz@skyrock.com
bhickse02,KChCBCVsYAhv,rbradleye0@google.it
mbarnese12,Vn8nV6Aai97,mfernandeze1@seesaa.net
vthompsone22,4rFQZmz,marmstronge2@webmd.com
pellise32,2yli4PMz7,dalvareze3@homestead.com
golivere42,n444r2oKJKcb,bmontgomerye4@surveymonkey.com
rburkee52,FqOFO9,rhowelle5@simplemachines.org
cmorenoe62,1xgAUv1xF0,kjacksone6@sourceforge.net
gadamse72,lVmZRfX,lmcdonalde7@ed.gov
tknighte82,2BQhGQVkaMn,emeyere8@baidu.com
rryane92,k9ksRLQXd8D7,sjohnstone9@vinaora.com
kcrawfordea2,TxJH1YPo4TR,rburkeea@imgur.com
jjacksoneb2,pSg3uPU5CjT,ckimeb@who.int
mlynchec2,8GEkNLKwW,sboydec@archive.org
dmillsed2,iAQPgeTwIv,shudsoned@army.mil
gcunninghamee2,3Iwnwq,pvasquezee@hugedomains.com
tburtonef2,2hWl1QpIR,dfieldsef@icio.us
spowelleg2,DKebYD,cdaviseg@wikispaces.com
jhudsoneh2,X66mM5,kmillseh@utexas.edu
parmstrongei2,t30bbqFAW,sbishopei@fastcompany.com
sortizej2,rQLTrU,dmarshallej@europa.eu
aparkerek2,XSz24NNT,lwalkerek@forbes.com
lpierceel2,c73Skldz4a,gharrisel@webnode.com
lboydem2,2isHeWeh,sbrooksem@macromedia.com
rjenkinsen2,cgRySp0yAZQ,fsanchezen@pbs.org
acoleeo2,j403Sy2Ltp,jberryeo@slideshare.net
pgeorgeep2,9gYmAlCwT4v,rjenkinsep@timesonline.co.uk
bcrawfordeq2,vGoUq4t0W,dedwardseq@com.com
rlyncher2,9JqPG9J9,smeyerer@google.de
rcooperes2,wxu7OvXO,tpricees@webeden.co.uk
athomaset2,MfyPzIssW,lbennettet@addthis.com
dhugheseu2,3kGwOrCjh,bwardeu@parallels.com
kboydev2,MY5kiXq1m7v,awashingtonev@dedecms.com
krobinsonew2,KgjhFdC,lvasquezew@shareasale.com
dlaneex2,3HxE0kZG,ddanielsex@youtu.be
rcarrey2,accAMupfBIyA,ahuntey@berkeley.edu
erobertsez2,7upONYoM,mgreeneez@unc.edu
holiverf02,UgadIPYyqlz,haustinf0@ibm.com
rgriffinf12,uRUy8dIjC,hrileyf1@webnode.com
bmartinezf22,bW496l2d,rwelchf2@zdnet.com
dnelsonf32,4p2N6Nkwu,mmorrisonf3@dyndns.org
levansf42,KqqtQ3,jcarpenterf4@smh.com.au
charrisonf52,O9IjM2,bmarshallf5@cbslocal.com
dbakerf62,qV1xrx0cYM,rdixonf6@vk.com
bkellyf72,06LfkEKtT690,ptaylorf7@goo.gl
dsimpsonf82,bjl4fkk4DlkJ,tturnerf8@wikipedia.org
ssimmonsf92,0A8N0TV,efreemanf9@abc.net.au
sberryfa2,5rd7uRlvSx6,nburtonfa@pinterest.com
bcarrfb2,agD3Vtq,rmurrayfb@goo.gl
dspencerfc2,1KAMQ1VyY,shamiltonfc@themeforest.net
eromerofd2,meJeEoWOL,mbennettfd@google.co.uk
brodriguezfe2,cL03BGrHwr,jdanielsfe@google.co.uk
rjamesff2,UnLwtFm,lmillerff@whitehouse.gov
ccarrfg2,kH4tthIDsx,lhansonfg@disqus.com
pmeyerfh2,LxdZHYF2P,jwagnerfh@slideshare.net
mperryfi2,vKX2Gx3bz,jcolemanfi@apple.com
bhawkinsfj2,ff36MEiDHtc,ajohnsonfj@comsenz.com
lmontgomeryfk2,FfW1YDN,ppowellfk@about.com
achapmanfl2,PJnuv255HN,aoliverfl@imgur.com
nedwardsfm2,OdUZyYF,pgonzalezfm@booking.com
mboydfn2,Ya4M1tG05,rwheelerfn@amazon.co.uk
nandrewsfo2,j6zdFqPs,dchapmanfo@slashdot.org
mrayfp2,ht8alhBSc,jriverafp@drupal.org
rstephensfq2,VvzAM3LcQyv,whudsonfq@ucla.edu
tbrooksfr2,ScOGZno,fwhitefr@home.pl
jvasquezfs2,BPn5Bz6,phenryfs@time.com
jdeanft2,A6K1TLoWpoUJ,lrichardsonft@last.fm
jortizfu2,NhkZGGd,csnyderfu@wix.com
jbradleyfv2,MMxCxQi,ecarrollfv@earthlink.net
stuckerfw2,fLF3lOROuLN,jricefw@vistaprint.com
smoralesfx2,3AArhqxw,rcolemanfx@intel.com
thenryfy2,TLaoRYBru,cgreenefy@amazonaws.com
jandersonfz2,rif7wbm9wQN,rhowardfz@smh.com.au
vkennedyg02,pWqwOIxrXRqh,wwhiteg0@wsj.com
skelleyg12,t0eV7JG9lmwN,broseg1@163.com
jbanksg22,yka5ewiD96P,lrobertsong2@cnet.com
hnicholsg32,g8CXxOKKr8,ldavisg3@mlb.com
fmartinezg42,7SZGlOL5mDB,jcarrollg4@free.fr
bkennedyg52,bsy8dbe6f,breynoldsg5@nhs.uk
wjonesg62,PXJgArfmFd,skellyg6@yelp.com
jgardnerg72,e3gacP,lbrooksg7@ucla.edu
mcunninghamg82,0RMjRKVNjM,bwellsg8@chicagotribune.com
egreeneg92,czpXzWno,ecollinsg9@hhs.gov
nandrewsga2,6dSAXdJPmyN3,kgardnerga@disqus.com
bwelchgb2,UkciXaJx3B,bmartingb@psu.edu
ewoodsgc2,WCkasLsOLjyY,nfergusongc@posterous.com
rstewartgd2,obdMB4,rgibsongd@hatena.ne.jp
rlopezge2,vzmsZCm9w,cpowellge@redcross.org
slittlegf2,S1MutAzElad,cshawgf@ovh.net
smendozagg2,6ufxl65,jfostergg@typepad.com
cjacksongh2,ADcISw1WK82,cmurraygh@phpbb.com
gmccoygi2,WCo5nd,jgeorgegi@cam.ac.uk
lmartinezgj2,LZ1MbjeOdXz,jchavezgj@liveinternet.ru
jreidgk2,2VrzTzD,amurraygk@angelfire.com
jshawgl2,NS6BMnOvurSq,wfernandezgl@1und1.de
cwatkinsgm2,CiZ8FN,dgraygm@ustream.tv
earnoldgn2,Et4iWzvO,vwelchgn@dion.ne.jp
dreidgo2,VxvOojQ,mbaileygo@t-online.de
tblackgp2,WPqOULkg,lallengp@house.gov
wlawrencegq2,ItKFOMppbip,apricegq@walmart.com
vknightgr2,7zFno3Pqyd4A,jfergusongr@phpbb.com
emasongs2,BF0RAre,jramirezgs@tuttocitta.it
ccastillogt2,vBqBdYpeZ,lwarrengt@fda.gov
rhuntergu2,fgS3T5X8j,ccolemangu@bloglovin.com
mperezgv2,jpuKMM63j,agriffingv@umich.edu
wcarpentergw2,XLSSWKPlq8B,jcastillogw@bbb.org
rlittlegx2,N5rp5CIpOPKp,aclarkgx@blogspot.com
jlonggy2,F0slBVfpTMSO,rnguyengy@list-manage.com
bfullergz2,BdsGqabuNsPF,randersongz@friendfeed.com
gfisherh02,qabt9f8kCyx,thunth0@wp.com
ewilliamsh12,3IDalYCemvc,lpierceh1@gnu.org
jjamesh22,yVLHZSFT,skellyh2@google.de
ehayesh32,Jagja2kv,hmyersh3@tripod.com
smillerh42,WISfK9qr,ecoleh4@hud.gov
pgreeneh52,h8vAoiuEjw8E,vadamsh5@github.io
jlarsonh62,wSnkQZ,lhicksh6@dropbox.com
dmedinah72,7hBGifu3,kfordh7@netlog.com
cwillish82,sDwZMlz5RFR,jjenkinsh8@ow.ly
dbradleyh92,kNkhkK4YrHz,smyersh9@wiley.com
rharveyha2,OV25D6cnhU,dmendozaha@qq.com
rramoshb2,oMmyLTI,cpetershb@slate.com
bbaileyhc2,XsQaoGGcDxB,jhowellhc@flickr.com
tgeorgehd2,vU9cgWf,dwrighthd@joomla.org
jparkerhe2,wxtGk2Pb,dhudsonhe@weather.com
lryanhf2,qRi2SbRSW,clewishf@wunderground.com
hfisherhg2,hfEYl2,ccunninghamhg@google.it
rcruzhh2,Xi6vt7e8Kq,rriverahh@loc.gov
dhowellhi2,2ZCi6Hn8t,jfernandezhi@archive.org
ahernandezhj2,S5TYyfz8D,trosshj@skype.com
awallacehk2,zpQomajU,ajenkinshk@cbslocal.com
lgarciahl2,y98tXBFns,rgutierrezhl@bloglines.com
mfullerhm2,9UiVXguSzT,sfordhm@chicagotribune.com
jcastillohn2,jGYJHBs,imurrayhn@simplemachines.org
gbennettho2,XrtOUH4,pthompsonho@wiley.com
lricehp2,2sjLjW,cricehp@usatoday.com
bfosterhq2,nUN4NuYVB,jrosshq@delicious.com
wpetersonhr2,xt1uMUhzcm74,hwatkinshr@usnews.com
abellhs2,oiEsAJ0j2S,smeyerhs@samsung.com
randersonht2,sOAO4N8moW,afernandezht@alexa.com
jmoorehu2,xNsXltwRrr8K,cwalkerhu@blogspot.com
rturnerhv2,mRkeumluVj,nclarkhv@newsvine.com
arobertshw2,a9P4gwU,rcarrollhw@free.fr
sfrazierhx2,hZW0iXIQmV0h,slewishx@mozilla.org
elonghy2,d3Uvw6T,wevanshy@pcworld.com
dstewarthz2,48PxwDu7YqwM,awashingtonhz@adobe.com
btaylori02,3DBtD3ubE0rv,jruizi0@paypal.com
smeyeri12,E33wRdSR74jv,jfernandezi1@gravatar.com
cgarzai22,attfcY,tfordi2@paginegialle.it
jryani32,QfPA3tB,lfloresi3@auda.org.au
wjenkinsi42,oIYGvLk1Q,cbrooksi4@ft.com
swallacei52,KLrNIhFW,lcunninghami5@livejournal.com
lfernandezi62,g97YFqTEL,kbrooksi6@upenn.edu
grayi72,AS97Jc96iI,glittlei7@google.ca
handersoni82,syRBEfU,jnicholsi8@vimeo.com
jreynoldsi92,MnaRiTr,crobertsi9@ca.gov
echapmania2,jTde8bJKceMm,psullivania@usa.gov
sweaverib2,38gbcDJthPCi,mlongib@comsenz.com
mfergusonic2,RPUe06GLn,jwestic@delicious.com
jstanleyid2,1ZoZdEsxZXK,jrobertsid@is.gd
trobinsonie2,yEIdJG,rwatkinsie@google.de
mramosif2,RmgeHNPuv45T,rthomasif@google.com
ajacobsig2,MZPyJlBMQMtF,mfrazierig@xing.com
bperezih2,SD4b9fo,nwatsonih@usa.gov
lpalmerii2,rNlBMAEb6fyU,afosterii@huffingtonpost.com
lcrawfordij2,s9S9qjV,jharveyij@yolasite.com
bwoodsik2,PgpEVt,agutierrezik@sitemeter.com
ldanielsil2,J2i68Q9a,egarzail@last.fm
brodriguezim2,TKYdfDTv1pHQ,njordanim@wunderground.com
pfowlerin2,VKmJqL9LqR,mwheelerin@ebay.com
shawkinsio2,fkXwa4ANwl,swatkinsio@craigslist.org
bhowardip2,0shY9g9R,lrobinsonip@quantcast.com
gtorresiq2,L2QU2Vei9qYv,cdavisiq@friendfeed.com
kstevensir2,FNwVBZ3Ubhq,jrichardsonir@ebay.co.uk
egarzais2,dWsb55aD,mmorenois@loc.gov
shamiltonit2,wr7WKRn6gOQ,msmithit@multiply.com
pnelsoniu2,HF4vPl,jlynchiu@hubpages.com
wweaveriv2,U6c1ZyBfSeUi,rhunteriv@marriott.com
asmithiw2,bdZBhUZsW8B,pwelchiw@fc2.com
smurphyix2,FRbS9Ah6,hbrooksix@lycos.com
jthompsoniy2,fKK4EsmBH,efulleriy@netvibes.com
jwallaceiz2,YNgfpct,akingiz@unblog.fr
tfisherj02,ED8kl48TR,jfieldsj0@meetup.com
thughesj12,lYtPg0,jarnoldj1@weibo.com
lperkinsj22,yZ4c7TF,clynchj2@marriott.com
alynchj32,qDr43VLWK,jandrewsj3@wiley.com
jsimmonsj42,OHf33PhTVwkr,afowlerj4@bbc.co.uk
clittlej52,sKTYv2je18vz,hmorrisj5@mac.com
bcampbellj62,V3Qs6KrT,fpalmerj6@cyberchimps.com
sdeanj72,HzHoBc,tkingj7@google.com.au
drosej82,Zdtpi0RxYZ,rrosej8@opera.com
ccoxj92,wKV4Mminx05m,tmeyerj9@etsy.com
ahallja2,DyaZgp,jowensja@cbsnews.com
smillsjb2,q1ynSvX,drosejb@dedecms.com
dphillipsjc2,bwZIYY1P9g,cchavezjc@tumblr.com
wmorganjd2,HWW4cGPk,tpattersonjd@mediafire.com
clawsonje2,E3nwRJfQjT5t,nlittleje@vinaora.com
swelchjf2,l1Wk9DdBtMO1,rmitchelljf@netlog.com
dhartjg2,E4qIQeEAW,mrichardsonjg@yelp.com
lgibsonjh2,QfXAqBJ0d,wcarterjh@gnu.org
tbanksji2,rjR4A9EwL,mlawsonji@sciencedirect.com
prodriguezjj2,SeoOOkGJr3,pschmidtjj@vk.com
crobertsonjk2,rVeXb5lDmb,mgrantjk@scribd.com
jfowlerjl2,10sTUgN281n,rarnoldjl@google.it
jbennettjm2,wJDJ28ppoRu,rhayesjm@google.es
tsandersjn2,PFDY9sXI9,afrazierjn@jalbum.net
cbrownjo2,ZdoizUwn,aallenjo@ask.com
kgreenjp2,wHWmZRn7A,bcarrolljp@friendfeed.com
kwillisjq2,w4MRfSo,ctorresjq@independent.co.uk
rellisjr2,RABopN,efoxjr@imdb.com
smorrisjs2,A3OFNzUbT,rpiercejs@sakura.ne.jp
bgrantjt2,Dcz4RDA8jJ,greedjt@constantcontact.com
jrayju2,qpSYmlgP,sburkeju@usa.gov
cmcdonaldjv2,sbcpepg65t,fwillisjv@cornell.edu
jmorrisjw2,wiDE9tBD,rhernandezjw@artisteer.com
lsandersjx2,4y9up6mrpR,rgarrettjx@miitbeian.gov.cn
agrantjy2,nQ3CoIQ,jwhitejy@bloglines.com
jweaverjz2,7EJbKYCW,dstevensjz@oaic.gov.au
sowensk02,ftuoZh,btaylork0@edublogs.org
jlopezk12,1CzDKtYQToKS,rrobertsk1@dailymail.co.uk
mmendozak22,0gUvsDARHi3A,gburkek2@scribd.com
jmorrisonk32,IdfTVUMRh8ue,mrosek3@hatena.ne.jp
bbowmank42,zhDUfxvT7n3k,jhartk4@pcworld.com
bgrantk52,m3CTUV,breynoldsk5@tripadvisor.com
svasquezk62,0Pdilt,rstevensk6@google.com.hk
pperkinsk72,JmrW5NHG,jmurphyk7@army.mil
kclarkk82,wikfBO70p3Qn,msmithk8@over-blog.com
ecookk92,KVvr6kudRQ,jperryk9@samsung.com
wjameska2,voPTkM2,jhugheska@deviantart.com
eandersonkb2,TKqKOLg,jcoxkb@macromedia.com
tsimmonskc2,GjIDdUoT,jmorriskc@angelfire.com
rriverakd2,nUwHNW1,afranklinkd@who.int
wadamske2,SLYbckKptc0B,hlawrenceke@mit.edu
jwallacekf2,kNTBeFAVE,mmeyerkf@nih.gov
priverakg2,wPlgLPIiGxC4,bgarrettkg@scientificamerican.com
vmyerskh2,3TiuHCmIYhfe,lkelleykh@wikia.com
kvasquezki2,5ArXH04bv,jhillki@mit.edu
dgrantkj2,E5NH0g,gholmeskj@yellowbook.com
ajoneskk2,Xxe0NW,lgrahamkk@pbs.org
hstanleykl2,kiCPVfC0,rcollinskl@pbs.org
akelleykm2,eyQJlPG5l,tmeyerkm@ft.com
kbakerkn2,fSZYTtHv,esanderskn@infoseek.co.jp
erossko2,iY2NturJ,cspencerko@biblegateway.com
dramoskp2,1JXSZ2,bkimkp@sciencedirect.com
scolekq2,d9VqAv,ssimmonskq@utexas.edu
jlarsonkr2,avGLiy3QoAMV,cgreenekr@myspace.com
erussellks2,cFhGjsn6,jharveyks@phpbb.com
khugheskt2,vwpF1l1jDX,estewartkt@chicagotribune.com
lcarpenterku2,luS4ANwA,afreemanku@ehow.com
jreidkv2,RuA3uK5r28,rdanielskv@so-net.ne.jp
bthompsonkw2,annWr2wtAaYu,cwilliamskw@delicious.com
amorgankx2,j4nArb,mdunnkx@oaic.gov.au
jhansenky2,3J0vgfvn67j,ddavisky@hibu.com
hbutlerkz2,ruT1Dk3,hmorriskz@va.gov
wbryantl02,CnfdYQ4zx,kmeyerl0@illinois.edu
lmcdonaldl12,YYgmlDDaXB,cdanielsl1@reuters.com
shilll22,iTyqwn,rsmithl2@alexa.com
shilll32,cwj2pw4U,mhawkinsl3@hp.com
lhilll42,q0J5yC,awatkinsl4@cargocollective.com
dwatkinsl52,AhU6lbitf,jmcdonaldl5@macromedia.com
akelleyl62,w4ZT80YO,awrightl6@multiply.com
jwheelerl72,2Cr2BkfNbS4,sruizl7@sogou.com
bpattersonl82,FA2MpP,jperezl8@vkontakte.ru
kmillsl92,PhBuIzSEX24,pmitchelll9@mlb.com
hmoorela2,h4XFUlm,epowellla@sbwire.com
jwoodlb2,W4YXzHJcB,pturnerlb@hubpages.com
awarrenlc2,jcnFHgv7N1DH,bwhitelc@histats.com
gbarnesld2,4tCZQSr,dlopezld@squidoo.com
cpetersle2,JH8bGDn,chayesle@ovh.net
bjohnsonlf2,6siCAoGm,kcrawfordlf@gov.uk
astewartlg2,x8u0yZ2mKIyX,bruizlg@feedburner.com
jjordanlh2,MeRlOaruC,pbrownlh@globo.com
hrodriguezli2,qBHLG5rPH3,bwoodli@meetup.com
bhugheslj2,fmMCuF,jjameslj@google.com.br
ralvarezlk2,qt6kPTP4Xy9B,gmendozalk@shareasale.com
dwillisll2,AVDA0z,twashingtonll@cbc.ca
rmcdonaldlm2,AyqP65,pwoodslm@unblog.fr
tcarrollln2,ciOtnJvDkE,ajohnstonln@businesswire.com
mpowelllo2,hv519tLs,wgutierrezlo@gravatar.com
gparkerlp2,rRkZS85qfY,mrobertsonlp@census.gov
cboydlq2,amJhQZ3,jchapmanlq@github.com
ghendersonlr2,wzIpp5fQgz26,amoraleslr@elpais.com
ttuckerls2,Gb7NXhktG,ctaylorls@timesonline.co.uk
rbarneslt2,HpZ9oGC,bharrislt@ameblo.jp
djohnstonlu2,s9X2gUMBn,hsanderslu@ovh.net
bandrewslv2,9ECYRVbZ5w1,bscottlv@odnoklassniki.ru
dshawlw2,nXtJKg,jbishoplw@drupal.org
kallenlx2,Pe5uR2woVtl2,galvarezlx@symantec.com
marmstrongly2,dHsPPveCz,jharrisonly@wikimedia.org
srichardsonlz2,HqQ1sYPSa,jjameslz@lulu.com
hmartinm02,gLvywYb,rgarzam0@dedecms.com
aharveym12,POvD5VxqpD,dmorenom1@about.com
clewism22,ucL5xv5,rtorresm2@bigcartel.com
alopezm32,bGcM050,inguyenm3@miibeian.gov.cn
sfrazierm42,joEvy2y,jweaverm4@paypal.com
mhughesm52,nMYI3V,sreedm5@cornell.edu
jryanm62,zdLnUx4I,lweaverm6@blogspot.com
cstonem72,5Ld5dxJff,kjohnsonm7@springer.com
rhuntm82,qe9poO007C,sjohnstonm8@yellowpages.com
egardnerm92,ZbYAvGwF78,ksullivanm9@parallels.com
syoungma2,qRNe4nOqZs,eharveyma@ucoz.com
bdanielsmb2,xD7lo1ziYMu,awardmb@skyrock.com
dsnydermc2,YaQ5cbaLkotV,lgordonmc@github.io
kcampbellmd2,lVdKARv,mtorresmd@bing.com
alongme2,vAdRt4Y,fduncanme@disqus.com
rpetersonmf2,mEeKd1a,lthomasmf@dot.gov
chansenmg2,sercNkqbDpBZ,bfowlermg@naver.com
gshawmh2,NQC4z5YhtsV,kwebbmh@addtoany.com
jfergusonmi2,mSMAWZG,lmorganmi@plala.or.jp
jsmithmj2,pKP4Ngnv,srosemj@tripadvisor.com
kdaymk2,NdkDufBto,kdanielsmk@princeton.edu
esimpsonml2,SjP5kGa,cgarciaml@vimeo.com
bgrahammm2,S2puYo,freedmm@vk.com
tmendozamn2,fZXwHKoqKu,rkennedymn@aboutads.info
dbellmo2,SqTtdE,ccoopermo@soundcloud.com
polivermp2,rkYMww7xjtln,ascottmp@yolasite.com
lrosemq2,aAetU3uQR,tstewartmq@friendfeed.com
palexandermr2,ckrnW0KXzj,rmontgomerymr@hugedomains.com
mfullerms2,4xBvJi,mreynoldsms@hostgator.com
mgutierrezmt2,XSgZMiBsL5,ktorresmt@jigsy.com
cboydmu2,lEdH5s,jcampbellmu@eepurl.com
vsimsmv2,Y3ulqcUjT,jmorrisonmv@tiny.cc
llopezmw2,4nHorXmHhKbG,jharveymw@quantcast.com
jthomasmx2,ExCClBP8dA,kcastillomx@rakuten.co.jp
drobertsmy2,YeDO7BPxUtA,dricemy@discovery.com
sbellmz2,YsQw3W1zNbq,bnelsonmz@storify.com
awoodn02,WdSvan,ajonesn0@nationalgeographic.com
swilsonn12,EsKUfidiif,lfishern1@prweb.com
abrownn22,JxPZnmDyeLz5,dreyesn2@people.com.cn
dkimn32,sDc0hWNj1qmq,calvarezn3@blogspot.com
srogersn42,Vzy4vNTer,clawrencen4@bravesites.com
hknightn52,nH0b1iZIjT5,mcarrn5@hibu.com
bnicholsn62,8vTxSkuqKk,whalln6@taobao.com
krobinsonn72,ZIS44b2T,tknightn7@epa.gov
dfishern82,mIczkR,tgardnern8@utexas.edu
rnicholsn92,dEsHvsod,clongn9@google.com.br
sharperna2,w3sOafyg,cwatkinsna@devhub.com
lburnsnb2,0bb2vr,nsimsnb@cafepress.com
etorresnc2,edqdX6X,trossnc@imageshack.us
slongnd2,ziLQ9fyc,sbrownnd@list-manage.com
bedwardsne2,H1TkwXEDMtT,sgarciane@bbb.org
mjacobsnf2,mRkvDgqpy,csnydernf@arstechnica.com
esnyderng2,KpP3ddm,nwilliamsonng@nymag.com
jrichardsnh2,ueAohxxG6V,jrobinsonnh@yellowbook.com
nwagnerni2,QjPDYsE,mhughesni@amazonaws.com
twoodnj2,igV8uh,wgomeznj@php.net
jbishopnk2,fJ6t3pt,dreyesnk@digg.com
rlittlenl2,bRFV457N3Qn6,eturnernl@alibaba.com
cwoodnm2,GSwJT78,hraynm@businessinsider.com
abaileynn2,Y9pdRDTk,lcampbellnn@hatena.ne.jp
fgonzalesno2,caDmtfvlOrGv,gpetersno@networkadvertising.org
bcolemannp2,irbAgft7vq,fscottnp@livejournal.com
wfranklinnq2,dQY4ocm,bgrahamnq@netlog.com
jhuntnr2,0qRmmiyit,sthomasnr@furl.net
mmoralesns2,7F2STlcgU,jmoorens@livejournal.com
tortiznt2,kOYeru33S5zK,kburnsnt@hhs.gov
cwillisnu2,hLvDnlTiU1,lrodrigueznu@eepurl.com
acarrollnv2,WpTuoyHAeHl,jjacobsnv@stumbleupon.com
bmyersnw2,0ikjhUiY7t,espencernw@marketwatch.com
pdixonnx2,jI4OdOtYFum,rspencernx@amazon.co.jp
bbanksny2,bcCo1bx5NMq,holsonny@hexun.com
jblacknz2,62ktpNa0Z,jpetersnz@livejournal.com
triceo02,ywvrKe,tandersono0@opensource.org
aroseo12,HW73Cz2k,ebrookso1@dailymotion.com
tjohnstono22,KUigG12,pmurphyo2@redcross.org
wbutlero32,xNIUAp8ikv,evasquezo3@fastcompany.com
lboydo42,suRru73vnt,dnelsono4@apache.org
bmyerso52,uP6s3bCFOZ7,jstewarto5@wunderground.com
bbryanto62,6cAqHwX,acooko6@privacy.gov.au
rdunno72,zisjaQ,jbello7@prnewswire.com
sroseo82,5qB8ocICCOw,dburnso8@360.cn
jsullivano92,l4Xhkq6xPF,nrichardso9@dailymotion.com
kcolemanoa2,dtmBR55,sadamsoa@google.es
sthompsonob2,ruvzAwBIB,njacobsob@hubpages.com
rduncanoc2,okdxqDHz8M1s,criveraoc@canalblog.com
rjohnsonod2,4StLmr,mknightod@nymag.com
bmedinaoe2,3dsiBd,agonzalezoe@elegantthemes.com
dyoungof2,B4Abqi1czT,jkimof@linkedin.com
pwatsonog2,9vA1JTC8mK,bdiazog@hhs.gov
awillisoh2,n4R5Mp9J5IU6,abaileyoh@friendfeed.com
dhernandezoi2,Z1PsaTMnO,jrossoi@qq.com
jhawkinsoj2,dRMXAy,mbarnesoj@bbc.co.uk
psimsok2,4sUZ0v3,ahowardok@about.me
gramirezol2,wcD4btCDc,bfloresol@istockphoto.com
drichardsonom2,3U2duS,emyersom@auda.org.au
cgonzalezon2,FWxIfd9ERhuU,ebarneson@google.pl
jramirezoo2,gGKbVx6,jreedoo@netvibes.com
krogersop2,c6CjNMachKl,jbutlerop@cbsnews.com
nschmidtoq2,5gaokr,erodriguezoq@ed.gov
wowensor2,ycPG45vtlR,hnelsonor@kickstarter.com
cgarzaos2,3AZVI6TNa,ggarzaos@fotki.com
vcoleot2,WrFWGJyZiwL,pwebbot@tinypic.com
erobinsonou2,QiOpnDZnLM4u,kcampbellou@cmu.edu
awardov2,WcJ0bDwcZ88,mburnsov@cyberchimps.com
jmccoyow2,fSEOKueHOqz,bgarrettow@earthlink.net
tdiazox2,BZ5frP6g,ltuckerox@wunderground.com
ajacobsoy2,GdejRE0o,nmilleroy@google.pl
twelchoz2,5Eq2XVk1O50A,cfernandezoz@ifeng.com
ereynoldsp02,1zIjqbQkQk6,djonesp0@mapy.cz
bbarnesp12,UOXbZVnKwOz,tmartinp1@virginia.edu
sdavisp22,xze0t6JQQ,jmorganp2@usnews.com
ehowellp32,UY9HgoqA,sfernandezp3@harvard.edu
kcunninghamp42,vfTuiVy,probertsp4@bandcamp.com
eleep52,AlzXn1,bcollinsp5@google.pl
kcollinsp62,aWUAwqi5,gcastillop6@mapquest.com
rberryp72,7ZE8HT,ekingp7@dedecms.com
awatsonp82,n6nfCCneWNf,mbaileyp8@moonfruit.com
chunterp92,hjhGi51HMnr,dmorenop9@gmpg.org
lfullerpa2,EM6GQwrw,jstewartpa@hao123.com
jgreenpb2,zfhUQfeDySn,jnguyenpb@shop-pro.jp
rriverapc2,MUfkNm3lvDE4,rmitchellpc@huffingtonpost.com
dbellpd2,sTcxBtOger9,sfullerpd@businessweek.com
dreidpe2,lSKgmRX4zCY0,pfranklinpe@youtu.be
tpattersonpf2,WiX651NxnsJU,klewispf@dailymotion.com
sfowlerpg2,FaEoFxvxdBN,cgreenepg@rakuten.co.jp
psanchezph2,wHSwwp2EeYa,taustinph@multiply.com
vbennettpi2,LpO8Qn3KDZ,trosspi@geocities.com
pwatsonpj2,L3juOvWsqNmJ,kturnerpj@desdev.cn
ebellpk2,TgkAZ0Mx,gmoorepk@forbes.com
kblackpl2,TIK66RBOOZ,msmithpl@epa.gov
dlawsonpm2,kjcylriXd,nmoorepm@nih.gov
gbishoppn2,ENsdCd9L,adixonpn@de.vu
kharrisonpo2,vT1okMgJgi3T,ecooperpo@icq.com
kporterpp2,wZUxY5LFk,sgardnerpp@sohu.com
estevenspq2,Put71I,rthomaspq@moonfruit.com
agraypr2,bMmrt4MLYeg,nbowmanpr@google.es
jharveyps2,NsOPdtJJZiJ,eellisps@wunderground.com
lpetersonpt2,WDRNMjMZvLtt,jdunnpt@wix.com
cbowmanpu2,WeN5EhW9H3,smorganpu@engadget.com
rryanpv2,eEULZITqxa8p,eramospv@ycombinator.com
esimpsonpw2,MjDiAFJK1r,wharrispw@last.fm
vdixonpx2,YCFtZ7Nj,braypx@dot.gov
scarrollpy2,7C25Aq17i,phartpy@sciencedaily.com
hwillispz2,rvMm766fW,jkennedypz@mit.edu
dmoralesq02,0BdlOK,rmartinezq0@facebook.com
dlawsonq12,76u6KZRNmirn,rgibsonq1@list-manage.com
mscottq22,ESrlEgbOvup,wmatthewsq2@hao123.com
ewarrenq32,dhWIhMFvvP,ggeorgeq3@instagram.com
cwilsonq42,WN3fwsjKO,jramirezq4@privacy.gov.au
carnoldq52,CBzZIkndquYi,coliverq5@mit.edu
jperezq62,VqbyTQMsdW,dstevensq6@pinterest.com
lrodriguezq72,gfW2weVoV8J,lcampbellq7@alibaba.com
vwarrenq82,7CnA0l,dfernandezq8@spotify.com
jwhiteq92,wHDrXmcKOga,drayq9@issuu.com
trobertsqa2,4nW3ssV7V1Lj,wjacobsqa@yahoo.com
pscottqb2,oaVHrGdsN,dwrightqb@aol.com
mhendersonqc2,pNeiYXCwA,kriveraqc@hibu.com
cwilsonqd2,Roub9Yw0D,nhamiltonqd@github.com
mfreemanqe2,d9xeyVT2,cburkeqe@ucoz.ru
rstevensqf2,v9Vgfw,tspencerqf@oracle.com
lgeorgeqg2,MefNQpbBb6,jcookqg@shop-pro.jp
dadamsqh2,87P6skyGAB8,bdavisqh@so-net.ne.jp
lmoralesqi2,KWhB5tF,sjordanqi@nih.gov
hshawqj2,aDZv8f4,cgonzalezqj@1und1.de
scolemanqk2,U9KihzMG,phendersonqk@cdbaby.com
bpalmerql2,LWDbo9zB,rparkerql@topsy.com
awalkerqm2,YzR7X00E,amorenoqm@nasa.gov
gjohnsonqn2,cP6eht3qknc,mdanielsqn@seattletimes.com
slynchqo2,5T9aPmU7zCO,nwashingtonqo@blinklist.com
djonesqp2,nSaumw,phenryqp@smugmug.com
phartqq2,RHTa9ILdiwk,tarnoldqq@eventbrite.com
lbishopqr2,h2RhyNV,rreynoldsqr@mysql.com
athompsonqs2,WgfZIJKT2C,rleeqs@goodreads.com
kstoneqt2,ao0WZEkEuvZ,joliverqt@goodreads.com
abellqu2,nHmgulUd,rharperqu@blogs.com
kmitchellqv2,K52MJj9,jjamesqv@ed.gov
jjenkinsqw2,3F1azskI,mrileyqw@bluehost.com
aspencerqx2,tu8DBCeTXgOB,amillerqx@google.it
howensqy2,77GeF8krMX,nbarnesqy@hao123.com
dbakerqz2,LGiW4tdWAF,ffieldsqz@hubpages.com
hmarshallr02,BxSqL7knvzaU,sbakerr0@vimeo.com
kmurphyr12,EQlnRWW1W,jbryantr1@jigsy.com
jsimsr22,eGm3PaNZKE3l,jarnoldr2@redcross.org
sjonesr32,1VPQREkI8Vp,pallenr3@domainmarket.com
ksandersr42,2iuKYY,hjacksonr4@va.gov
jkelleyr52,Et7HHtYoW,bgordonr5@livejournal.com
jmeyerr62,jLIOmy,sknightr6@google.com.hk
ccarrr72,dY1tMPhEwsO,rvasquezr7@google.com
alawrencer82,Z4YESojxcYLe,nhicksr8@istockphoto.com
spricer92,ACE6nCoInwm,lcooperr9@oracle.com
lkelleyra2,jGRWOzG2,lsimsra@soundcloud.com
cgrayrb2,kv2GXe,rricerb@yale.edu
wreidrc2,KNbzNudOtb4,ptorresrc@moonfruit.com
jfernandezrd2,WtDkxmgNx,jwoodsrd@tumblr.com
athompsonre2,QS0muww4MAZ,mmitchellre@smh.com.au
rarnoldrf2,GMtCJvJrqgW,rhillrf@behance.net
hgriffinrg2,GouG0j,gbakerrg@geocities.jp
rfordrh2,iLbRgIw5J,msnyderrh@gravatar.com
mpowellri2,XvJHokugEsx,amedinari@123-reg.co.uk
afranklinrj2,jotNPCeA,dharperrj@free.fr
tfoxrk2,1bMB3owOur,slanerk@t.co
cpetersonrl2,ODgmxTa4,rpattersonrl@wunderground.com
arossrm2,2A2E3crKPdCZ,bhendersonrm@timesonline.co.uk
mwashingtonrn2,UPxEPE,wholmesrn@ameblo.jp
ldayro2,jXIkOb8,dryanro@ow.ly
rkelleyrp2,EKBwyA,astevensrp@1688.com
cbakerrq2,tEVA5z,rallenrq@cam.ac.uk
kperkinsrr2,P8LvuMvaQIuA,sgilbertrr@bigcartel.com
