ad_u_username,ad_c_clovename
kstevens1r,Riffwire
lcrawfordij2,Zoomdog
rcastillo3h,Blogtag2
tedwardscw,Oba
jhenrykw,Photobug2
fturner1t2,Zoomcast2
dmarshallgi,Avamm2
pgarza6i,Topdrive2
cphillipskr,Gabtune2
ajacobsdv,Bluezoom2
kallenlx2,Eamia
lmyersb32,Yodo
jreyes96,Realbridge
lharveyd8,Voolia
jhansen9q2,Rhynyx
rhillkm,Jayo
iwashingtonig,Youbridge
rmorenogb,Podcat
awagner18,Yotz
pryan7d,Zoomdog
jhowardqn,Oba
jthomasmx2,Plambee2
carnoldq52,Mynte
gfisherbz,Aibox2
srichardsonlz2,Fivebridge
sgarza2,Browsecat2
cwhite36,Brainsphere2
eberry6f2,Ntag
mjohnstongp,Linktype2
lcampbellp2,Brainbox
agrahambc2,Avaveo
ekelleypc,Tazzy2
gtorresiq2,Yambee
grayi72,Teklist2
dhawkinskq,Cogidoo
bmedinaoe2,Feednation2
acunningham762,Skiptube2
lburton562,Realmix2
pwatsonog2,Blognation
djohnstonlu2,Brainlounge2
kclarkk82,Demimbu
rbishopnf,Realcube2
jjordanlh2,Meembee2
lcrawfordij2,Twitterbeat
amendozai3,Meetz2
mlanea22,Blogspan2
dmoralesq02,Jetwire2
jbellia,Centizu2
tmendozamn2,Cogibox2
pnichols32,Zazio2
pvasquezdr,Youfeed
jjacobsby,Babbleopia
nholmes6e,Yodoo
vmorrison2e2,Vipe2
hcole39,Midel
mhawkinsao,Edgeify2
afreeman5t,Tambee2
mkellybl,Rhybox2
ahernandezhj2,Demivee
jwalkeram2,Tagchat2
cbutlerpb,Jabbercube2
frichardsondf,Dabshots
sstone4n2,Buzzshare
wowensqr,Oodoo
mwest10,Nlounge
dschmidtaa,Buzzshare2
dgomez4c,Twitterlist2
jwilliamspw,Edgewire
jrossc02,Thoughtstorm2
rgriffinf12,Minyx
jpetersonhv,Browseblab2
fhoward9d2,Mydo
crogerslw,Oba2
mpalmer8r2,Skajo
wbutlero32,Zoonoodle
mpeters6l2,Izio2
bwoodsik2,Buzzdog
pramirez1w,Trudoo
rsimpsonpy,Rhynoodle
pvasquezdr,Gabvine2
aspencerqx2,DabZ2
mharrison47,Topicstorm
cbutler9b2,Reallinks2
mmorgan1v,Browsecat2
cpetersle2,Teklist
eromerofd2,Kazu2
tblackgp2,Nlounge2
bcolemannp2,Linkbuzz2
sweaverib2,Linklinks2
bmoore6s2,Photospace
sriley6k,Chatterbridge2
iwright7s2,Topiczoom2
gramirezol2,Omba
pryan7d,Kazio
gfloresdi,Avaveo
rharrison222,Voonte2
cperkinsbs,Fadeo2
phartqq2,Thoughtsphere
jdeanft2,Browseblab2
mruiz8m2,Podcat
rholmes6s,Teklist2
aboyd172,Digitube2
jbrownp6,Devpoint
ssimmonsf92,Gigaclub2
rmccoybk,Eadel
sdavisp22,Quire2
abellqu2,Skiba
gkellydy2,Teklist2
radamsok,Quatz2
bcampbellj62,Mymm
jhansen9q2,Quatz
ghendersonlr2,Roombo2
swelchjf2,Topicblab2
jlane8p,Buzzdog
sperkins9p,Divanoodle2
dmoralesq02,Flashset2
fsimmons622,Buzzshare2
wcarroll4x,Fivebridge
apricegf,Eimbee2
rcastillo3h,Rhycero
rlyncher2,Abata
danderson402,Cogibox
bblack8q2,Yata
pvasquezdr,Twimm2
dshawlw2,Skiba
kandrews9y,Fivechat2
nellis6t,Meejo
rhunteroe,Jabbertype2
ariceh1,Zooxo2
jsullivano92,Divape
jpowellkh,Zoozzy
bgreeneav2,Brightdog2
cboydaj2,Teklist2
jsandersfv,Riffpath2
tross76,Eare2
ahenderson522,Zoomdog2
jwillisbh,Jaxspan
wlawrencedp,Browsedrive2
rhoward7y2,Mycat
cowensod,Kaymbo
jrichards59,Thoughtblab2
awarren4u,Brightbean2
idean7h2,Miboo
rhillkm,Pixope
pcarrkd,Zoomcast
epierce9j2,Skinix2
dmoralesq02,Divape2
wjameska2,LiveZ
wcarpentergw2,Dynabox
mruiz8m2,Fanoodle
jpalmern5,Oyondu
elawrence6j,Meedoo2
cbailey7l,LiveZ
kmillerdw,Gevee2
jharperje,Skipfire2
srichardsonof,Devpoint
mreedmb,Viva
amartinqb,Skipfire
kmillsl92,Voonyx2
rthompsongo,Rhyloo
jsmith4b2,Voonix
lleeot,Yakidoo2
dbryantai,Buzzdog
gramirezol2,Twitterbridge2
jcarpenter2q,Topicblab2
tsmithmo,Jaxnation2
dsullivanam,Thoughtmix
pscottqb2,Kazio2
bfreeman8c,Browsezoom2
dlane1h,Feedbug2
rhunter332,Realcube2
astewartlg2,Abata2
ehall862,Realfire
scarrolln,Yakitri2
jwarrena02,Brainlounge2
sweaverib2,Skinder2
btaylori02,Twitternation
dhansenqg,Tagcat2
jdanielso4,Twinte2
jwilsonnp,Gabvine2
jboyd202,Livefish2
cdixonbo,Edgeify2
kporterf7,Skibox2
rray4n,Wordpedia2
pfrazier2w,Jaxspan
hpricejn,Dabjam2
ipowellpf,Browsezoom
jramos8a,Centizu2
dstewartn6,Fiveclub
aburkehb,Fivespan2
emorenoju,Linklinks2
rjacksonhu,Livetube2
pcooper4i2,Linkbridge
jgonzalezas2,Chatterpoint2
rgarza3x,Realblab
vkennedyg02,Blogtag
rjonesfw,Thoughtworks
llewis382,Demizz
jwoodef,Skippad
jwallaceiz2,Cogidoo2
athompson742,Skynoodle
jmeyerr62,Twitterlist2
gfisheri,Kanoodle2
mmorgan1v,Quimm
dstewartph,Zoovu
slewisb1,Chatterbridge2
kgomez7z,Tagpad2
aparkerg,Viva2
jwells3s,Mydo
astewartlg2,Wordware2
jfergusonjf,Jabbersphere2
pwatsonpj2,Skinder2
ctaylor50,Browsebug
shilll32,Skalith
balvarez3j2,Dynabox
cdunn602,Jabbersphere
lricehp2,Rooxo2
sfieldsnk,Topicshots
pcole9n,Jayo2
csmith8z2,Brainverse2
amedina84,Plambee
dhunterhh,Roombo2
cbarnes2r2,Rhycero
mweaver99,Jaloo
jreyes5g2,Zoombox2
nperezbe2,Fivespan2
mmorrison152,Fivechat
cmasonnb,Jabbercube2
rclarkow,Agimba
jcarpenterdb2,Trilith2
dmeyer4m,Topicblab2
dlane1h,Twimm2
pfernandez5y,Aivee
esnyderng2,Photobean
achapmanfl2,Jamia2
srichardsonlz2,Oyoba
gwardo5,Tagtune2
cmasonnb,Jaxworks2
slongnd2,Twimm2
jharperje,Izio
mgonzalesar,Youfeed
dsnyderbk2,Mybuzz
rpetersonmf2,DabZ2
iwelchaw,Miboo2
spayne4v2,Podcat2
swardce2,Jabberstorm
abaker87,Bubbletube
lhenderson89,Tavu
hbutlerkz2,Riffwire2
sharper3s2,Livefish2
asandersld,Midel2
kstevens1r,Yabox2
aharrison5y2,Meeveo2
bramosi6,Fivechat2
ahill572,Geba2
mmorris14,Brainsphere2
dhowellhi2,Wikizz2
kdunnre,Skyvu2
pchavez1j,Abatz
rsullivaniz,Plajo2
srileyda2,Kwideo
lgarciahl2,Rhynoodle2
rberryp72,Voonyx2
jgomezbt,Kwimbee
erose7w,Yodel
aroseo12,Jabbertype2
rhuntergu2,Demivee
swilsonde,Meeveo
cwatkinsgm2,Wordpedia
jhuntnr2,Mybuzz
jhansenjl,Mycat
imcdonaldax2,Quire2
hsimmonsc82,Devpulse2
tmorrisonc42,Quire
mwest10,Wikibox
llewis382,Eazzy2
mwelchhn,Eabox2
mcollins1z,Realcube2
jhowardcl,Yakitri
jpayne1b2,Quamba2
jwilliamson8v2,Browsedrive2
bfullergz2,Realcube2
kmurphyr12,Blogpad2
mdanielshq,Yakitri
planemc,Flipopia
rlittlegx2,Vimbo2
ccarpenter1a,Janyx2
scolemanqk2,Eayo
shayes56,Demizz
tray6z,Trupe2
mfox5s,Oodoo2
wbutlero32,Aibox2
abaileynn2,Eamia2
mgreeneln,Browsebug
bramosi6,Skipfire
framosq4,Skimia
mrogersbr2,Browseblab2
ecookk92,Youspan
lyoung8i2,Photojam
wharrisonp7,Tagtune2
kryan6y,Fivespan2
gcunninghamee2,Mudo
dlewis8e,Realbuzz
jmillerbm,Wikido2
cfox4k2,Twinder
kstevensir2,Yoveo2
mhawkinsao,Innotype2
lfernandezi62,Centimia2
ldayro2,Browsebug
framosq4,Yakitri2
aford7u,Skajo2
ahartl3,Skimia2
pblackkg,Feedfish
spayne9g,Jamia
kwatsonp9,Oozz2
jthompsoniy2,Skyble
tjacobs5o2,Meemm
kgibsonl2,Photobean2
jgonzalez1m,Vinder
bpatterson2g,Photofeed2
jcampbellb2,Feedbug2
dfoxei,Yacero
scampbell712,Mynte2
jrichards59,Thoughtbeat
dwebbaj,Kwilith2
bpricea6,Zoomdog2
jwilliamspw,Dabvine
awalkerqm2,Quatz
shughesc8,Blogtags2
mboydfn2,Skiptube2
spattersone2,Browsebug2
kknightnq,Flashspan
phenrypd,Quire
lburnsnb2,Brightbean2
rbryant8a2,Oyoyo2
rfranklinox,Gigashots2
pparker1c2,Gabvine
gfisherbz,Flashset2
wjameska2,Trilith2
vcoleot2,Zoomlounge
ablackeu,Thoughtstorm2
astewart492,Jaxbean2
dlane1h,Gabtype2
ckellyj7,Flashspan
hwright8i,Brightbean
tbrooksgk,Oyoloo2
rnicholsn92,Browsebug2
pperezd6,Midel
mpalmer8r2,Gigazoom2
ehayesh32,Twitternation
pcollins9h,Podcat2
tsmithmo,Jaxspan2
lharveyd8,Trilith2
lsimmonsi5,Rooxo
hweavere,Blogtags2
jmeyerr62,Dabjam2
jnelson85,Meevee
astephenslg,Digitube2
cgrantbh2,Voonyx2
jcampbellb2,Thoughtblab2
frichardsondf,Blogtag
charrisonf52,Ntag2
jjordanlh2,Vitz
mscottq22,Snaptags
tkim732,Browseblab
tclarkk8,Skinder2
cmurray422,Linkbuzz2
kblackpl2,Thoughtblab2
lcunninghamff,Skipfire
jpalmern5,Yata
cbailey7l,Jaxnation2
jgordonbv,Oyoba2
jburns282,Twitterbeat
anelson8p2,Jabbersphere
drobertsmy2,Dabfeed
vwarrenq82,Rooxo
rmccoybk,Oyoba2
hmartinm02,Eayo2
rthompsongo,Yadel
rthomas772,Gabspot2
dfranklinm7,Tagpad
kpalmerb,Skinder2
eandersonkb2,Latz2
jhillbo2,Cogilith
rweavera52,Vinder
pkingii,Reallinks
gbennettho2,Podcat2
bknight77,Camimbo2
ahartak,Mynte
jstewart6q2,Eire2
mwright7j,Wikido
cowensod,Twitterbridge2
lrosemq2,Devpoint
cburton8t2,Topicshots
wwashingtonqu,Geba2
pkellye4,Plajo
wdayau,Twitterlist2
jwelch9c,Photospace
cmorris632,Oyondu
lstewart86,Topicblab2
kdaymk2,Kaymbo2
kjohnstonb5,Fatz
jhowardcl,Babbleblab
rwarrenkv,Wikivu2
frobertson7w2,Photospace
kwillisjq2,Skipfire
carnoldeo,DabZ2
vchapman9k2,Dablist
jlarsonea,Tagtune
sgreene5x,Skalith
drobertsmy2,Twimbo
mlynchec2,Jaxspan
rfergusonrp,Jabbertype
aharrison5y2,Midel2
agilbert3n2,Buzzster2
bmedinaoe2,Skilith
dlawsonpm2,Topicstorm
awarrenlc2,Minyx
acarpenter1g,Yotz
mlynchec2,Chatterbridge2
jlopezk12,Jazzy
jsandersfv,Quinu2
jboyd202,Tanoodle
sreyesjh,Skalith
bhowell6x2,Eare
jwoodef,Quamba2
gtucker61,Jabbertype2
bdiaz1p,Shufflebeat2
chayesat2,Digitube
jhudsoneh2,Yotz2
eruizd22,Skajo2
parnoldid,Voomm
lgray4y2,Jabberbean2
triceon,Teklist2
mfowler3c,Lazz2
rnicholsn92,Twimbo
talvarezml,Jabbercube2
rhoward7y2,Cogidoo
rgraya82,Divanoodle2
iwashingtonig,Riffpedia
arossfn,Blogspan2
mfowlerob,Eayo
ireyes81,Demivee2
pellis4o,Yodoo
mhudsonbn2,Zoozzy2
dmason922,Mynte2
kwagnerk2,Fadeo2
pgonzalesfk,Vidoo
ldayro2,Browsedrive2
kdunnre,Skyble
mbailey5u2,Einti2
swallacei52,Viva2
rgeorgean2,Eamia2
bsimmonsb12,Voonte2
emendoza4p,Jazzy
pmeyer502,Browseblab2
ccunninghaml2,Yakijo
thamiltonc2,Innotype2
arussell95,Ainyx2
jreynoldsi92,Youfeed
rnichols2h,Eare
aburns1q2,Innojam2
lbowmangc,Bubbletube
jrichards3w2,Yodo
rramoshb2,Innojam
kjacksonji,Latz2
cgarzaos2,Tagopia
astewart98,Tagpad
kstephens6q,Ntag2
skelley1l,Buzzdog
dwright532,Fliptune
wgonzalez8,Mycat
kchavezby2,Jazzy
rwhite8f,Twinder
arobertsav,Fivebridge2
pcarr4m2,Brainbox2
kharrisonpo2,Brainsphere
phughesjc,Thoughtstorm2
mbutlerc9,Feedmix2
lnichols4j,Dabfeed2
jsullivan392,Oyondu
plongaz,Eire2
esimpsonpw2,Dynabox2
drobertsonnz,Voolith
cgonzalezon2,Kimia2
pbellmj,Skimia2
rsmith25,Rooxo2
ppeters3y2,Jabbertype2
dnelsonf32,Quire
jbennettnh,Cogidoo2
janderson242,Skalith
jgeorgern,Photobean2
swilsonn12,Wikizz
mhernandezg0,Lazz2
kperkinsqj,Skiptube2
hgreen2t2,Bubbletube2
mperezd52,Tagpad2
cryan5b,Twitterbeat
gfernandez3p2,Meevee
dwellsa8,Aimbu2
jshawhp,Bubblemix2
rbutler68,Dabshots
pnelsoniu2,Wordtune
cboydmu2,Eabox
twoodsdt2,Riffwire2
sortizej2,Voonder2
rjenkinsen2,Youfeed
ekelleypc,Fiveclub
mwoods1z2,Meemm2
alittle6h,Lazz
cmarshall1v2,Skyble
tsanchezn2,Realbuzz
ehayesh32,Babbleopia
jgordonbv,Eare2
jfrazierhm,Kwilith
gfernandez3p2,Tazz
lricehp2,Linklinks2
wweaveriv2,Skinix2
ipowellpf,LiveZ
nkelly2a,Twinte2
dsanchez8h,Cogibox
klaneqc,Photospace
hgreen2t2,Ooba2
wcarroll4x,Twimbo
dburke1d2,Flashspan
eholmes9d,Innojam
eleep52,Ntag
akimaf2,Youfeed
rhunteroe,Thoughtblab2
awalkerqm2,Kimia2
mcrawford3t,Photolist2
wstewartk9,Skilith
swardce2,Centizu2
swelchjf2,Twimbo2
khugheskt2,Kwilith2
kdunn4l2,Quire2
lgibsonjh2,Skalith
nlawrencedc,Kaymbo
lwilliams9l2,Centizu
mhudsonbn2,Eire2
hwilson2h2,Voolia2
pchavez1j,Quimba2
jbanksli,Zoovu2
lkingql,Gabspot2
lwilliams7l2,Skiptube2
abutler1w2,Flipopia
kstoneqt2,Kamba
cbaker6f,Cogilith
ereyesbf,Fadeo
dbradleyh92,Devcast
mruiz8m2,Blogspan2
tsandersjn2,Topdrive2
rgraya82,Yotz2
jweaverjz2,Rhyloo
jbell4c2,Yodo
jwebb5v2,Twinte
mgarrettdx,Realcube
rweavera52,Thoughtbridge
dphillipsjc2,Cogidoo2
rhunteroe,Bluezoom
llopezmw2,Edgepulse
dhowellhi2,Jetwire2
lpierce2n,Lazz
rhillkm,Gabspot2
bryand2,Nlounge
sbrooks4s,Pixoboo
ewilliamsh12,Quatz2
tpiercea,Eadel2
ewatsonle,Skaboo2
abryant2s,Skyndu2
jreyes5g2,Browsetype
rjonesem,Livepath
lrosegm,Demizz
hcole39,Voolia2
bdiaz1p,Innotype2
mfordrr,Bluejam
slawrenceaw2,Youtags
rfrazierm8,Flipopia
sjonesr32,Trilia2
jfergusonfc,Kaymbo2
preedn0,Divape2
jhowardqn,Blognation
asandersld,Thoughtsphere
tjames7a,Bubblebox2
pfieldsng,Dynava
trobertsqa2,Ntags
aalexanderj4,Minyx
pblackkg,Wikibox
haustine2,Twitterlist
wellis962,Nlounge2
eandersonkb2,Divape
lboydem2,Trupe2
abellhs2,Linkbuzz2
tstephensiu,Brightdog
abryant2s,Yodel
jevans7v2,Zoomdog2
dsullivanam,Skippad2
pcruz1b,Tagchat2
athompsonre2,Wikizz2
lsanchezde2,Rhybox
dhoward1s,Cogidoo
jcookj2,Yata
wgonzalez8,Jaxnation2
mpattersonec,Feedbug
rburkee52,Dabvine
sriley6k,Pixonyx
khendersonlo,Youopia
jhawkinsie,Skivee
ipowellpf,Kare
lleeot,Geba2
hdavisrl,Blognation
jrogersnj,Voonix
ghowardmr,Fatz
jlonggy2,Skyvu2
dadamsqh2,Twimbo
jgomezbt,Riffpedia
rbrown44,Einti2
wreeddn2,Jabbercube2
hcole39,Browsecat
thenryfy2,Pixonyx2
nlawrencecx,Oba2
mharvey8z,Podcat2
jwilson6d2,Dablist
acook1h2,Edgeify2
wgonzalez8,Jaxspan2
jwelchax,Gabvine2
jknightd12,Kwimbee2
jberry34,Realbridge2
tmedinadv2,Teklist
krobinson4p2,Midel
dhernandezoi2,Jazzy
jduncan5v,Feednation2
dfreemanr9,Voomm
swatkins2j,Jaxworks2
rbishopnf,Eire2
jhowardqn,Skippad2
bstephens2z2,Fivespan2
cwilsonqd2,Skilith
krice24,Kimia
bfullergz2,Devcast2
hwillispz2,DabZ2
jduncanp1,Kamba
jhenryao2,Yotz
wmason6v,Photojam2
wgilberteh,Realcube2
tkim7m2,Vidoo2
drobertsmy2,Thoughtbeat
thenryfy2,Fiveclub
randersonht2,Wikizz2
pnguyenip,Thoughtblab2
jgonzalezas2,Demimbu2
afrazierq2,Skyba
twoodnj2,Flashpoint
jdunnas,Twitterworks
lmartinezgj2,Jetwire
tkim732,Topicblab2
bhugheslj2,Teklist2
darmstrongy2,Tagcat2
lpierceel2,Midel
rcarpenterja,Skivee2
kstevens1r,Browsebug2
rhunter332,Eadel
tallen9s2,Meetz
cthomasbp,Einti2
bknight77,Abatz2
hweavere,Dynazzy2
jporter982,Fiveclub
vking4r2,Youspan
cevans1,Oodoo2
rbutler68,Vimbo2
mallenlj,Dabjam2
pblackkg,Dabtype
tbrooksfr2,Oyoyo
sschmidtad,Eabox2
dsimpson7c2,Eire2
lhunterba,Linkbridge
jreyeshz,Abatz2
cfuller7e,Gabvine2
tjames7a,Zoonder2
sricej1,JumpXS
tkelleyjp,Tagpad
jjackson2u2,Kazu2
rhuntm82,Fatz2
kdaymk2,Youspan
barnold5j2,Abata
mpowelllo2,Fiveclub
bpricea6,Fatz
amarshall93,Mynte2
sbelldb,Linkbuzz2
jmeyerr62,Twitternation
twebb912,Demimbu2
jrobinsongn,Fivespan
mperezdn,Lazz2
jpowell9a2,Trudoo
rross7d2,Meetz2
dcampbell822,Skalith2
dgeorgeoj,Quaxo2
rjonesfw,Mycat
sricea0,InnoZ2
pparker1c2,Topiclounge2
rjamesff2,Agivu
apowell992,Skilith
kdaymk2,Voolia2
bortiz842,Kaymbo
bstephens2z2,Jaxworks2
wfreemana3,Skilith
gvasquezkz,Jabbercube2
hknightn52,Abata
dwebbaj,Kimia2
twilliamsr2,Wordtune
jhansen9q2,Flashpoint2
bsmithz2,Yoveo2
estonecp2,Gigabox2
dlawsonpm2,Mynte
tray6z,Zoomlounge
jgonzalezas2,Trudeo2
rriley9p2,Jabbertype2
balvarez3j2,Avamba2
lmartinezgj2,Quaxo2
mpeters6l2,Jabbersphere
mbailey5u2,Feedbug2
dlaneex2,Edgeblab2
wreyes5q2,Oyoba
mmorris14,Cogibox
thenderson7b2,Pixonyx2
dwheeler3d2,Fliptune
nlawrencecx,Katz
nmorris55,Flipbug
sortizej2,Skyndu2
nlawrencedc,Zoozzy2
mwellsdp2,Pixonyx
dhugheseu2,Twitterwire
lelliottnu,Wikibox
holiverf02,Buzzdog
dhawkinskq,Meetz
jclark612,Skajo2
rlopezge2,Blogpad
elongdj2,Blognation
rbutler68,Oodoo2
acarpenter1g,Realfire
tsimpson22,Yacero
hgreen2t2,Zoomzone2
bbryanto62,Browsecat
jdeanft2,Browseblab2
rjonesfw,Yotz
bsimpson19,Skyndu2
rturnerhv2,Pixoboo
rrichardson7z2,Lazzy
ktaylorc3,Fivechat
vowensn7,Jatri2
ksullivan3m2,Skyndu2
pmorales7o,Fatz
storresq3,Meejo
swatkins2j,Rhynoodle
gfloresdi,Zoomdog2
jpattersonbz2,Wikibox
rlyncher2,Blognation
mrayfp2,Dynabox2
kwagnerk2,Katz
sroseo82,Eire2
acruz90,Shufflester
kferguson73,Zoonder2
swilsonde,Fanoodle
dthompsonm2,Voonte2
amartinop,Tagcat2
bweaverab2,Ozu2
dfernandez8o2,Yodo2
dtorres1n,Nlounge
trobertsqa2,Skinder2
wmccoy9g2,Skiptube
ngarcia8b,Viva2
wbryantl02,Meedoo2
dmills5m2,Yotz
gandrewsoo,Mynte
wlonglx,Skyndu2
jramirezoo2,Meevee2
scarrollpy2,Gabcube2
vwalker462,Blogpad
erossko2,Kamba
bhunt7o2,Eare
brogersnn,Youtags
gwoods4s2,Snaptags
mharvey8z,Buzzdog
chughes2d2,Meembee2
jmillsjm,Realfire
jwashington1a2,Tavu
eoliver9w,Talane2
vdixonpx2,Zoovu
rwalker3x2,Pixope2
jgreenee1,Eayo2
hmorganc62,Leexo2
lhunterba,Yadel
amorrisonos,Eare2
emorenoju,Gigashots2
kjamesdl,Roombo2
ematthews6z2,Podcat2
marmstrongly2,Midel
tclarkk8,Eimbee
athomaset2,Leexo
echavezeg,Brightdog
abailey2a2,Ooba2
jstone6g,Blognation
cwatkins57,Feedspan2
jwashington1a2,Buzzshare2
mmoralesns2,Yodo
mharvey8z,Brainverse2
cevans2e,Cogilith
kreid5r,Tambee
enelsonfp,Vidoo
tfisherj02,Quatz
cpeters27,Layo2
rfergusonrp,Yodoo2
bhughes3k2,Feedfish2
pnelsoniu2,Brainsphere2
plongaz,Wordware2
jfosterbb,Zazio2
esnyderng2,Feedfish2
spayne6u2,Rhybox2
athompsonqs2,Realpoint
jjones832,Quimba2
jpalmern5,Jabberbean
aharveym12,Centimia2
nholmes6e,Oyoloo
cspencerra,Mymm
lharveyd8,Blogtags2
rcarrey2,Ailane
egordonb4,Gabcube2
polivermp2,Skiptube
lrosegm,Skiptube
spayne9g,Jabbercube2
rmorris1u2,Riffpath
carnoldeo,Innotype
dross8x,Dynabox
twarrenf0,Babblestorm2
cramosf5,Eabox
arossfn,Vimbo2
dmurphyct,Skipfire2
ajacobsjx,Demizz2
swardce2,Edgeblab
wweaveriv2,Shufflester2
mharrison47,Talane2
arogersn3,Flipopia
nholmes6e,Gigazoom
ccoxj92,Fliptune
rbrown44,Flashdog2
hwright8g2,Gabspot2
kpowelle9,Tagtune
twarrenf0,Rhyloo
vbrown1l2,Buzzdog2
lhunterba,Devpoint
dlewis8e,Photojam2
rsimpsonpy,Yotz2
dpowellv,Brainbox
fturner1t2,Wikido
ddanielsoy,Gigabox2
bdanielsmb2,Twinte2
rhenry4g,Tagtune2
acarrollnv2,Browseblab2
mpayne9f2,Skinder2
dharrisonmz,Wordware2
lmitchellq7,Flashset2
sgonzalesdl2,Demizz2
hmoorela2,Realmix
gkennedy82,Fanoodle2
spowelleg2,Youspan
bthompsonkw2,Thoughtsphere2
mscottq22,Twiyo
nnelsonaa2,Oyoloo2
srogersdx2,Blognation
tedwards2d,Skyndu2
mramirez312,Jabbersphere2
bwellsgy,Skalith2
lmontgomerycr2,Flashset2
swatsoncz2,Brainverse
dmills5m2,Voonte2
lgrantr,Dabjam
jmatthewsnc,Livepath2
mpalmer8r2,Jayo
kwells2j2,Youtags2
wbryantl02,Wikizz
talvarezml,Blognation
nellis6t,Tanoodle
sbelldb,Dablist
jhunterns,Yakidoo2
mwoods1z2,Minyx
kmillerdw,Devcast2
gfloresdi,Vinder2
rwilliamson12,Vipe2
pgeorgeep2,Vitz2
lshaw8d,Jaxspan
asmithiw2,Twitterlist2
ldayro2,Twimbo2
jwelchax,Innojam
acruzh5,Ooba2
hreedeb,Thoughtstorm
egardnerm92,Blogtags
sbishopl9,Yombu2
scolekq2,Pixoboo2
dpalmer252,Youspan
jcarrollcp,Trupe2
dtorres2f2,Fliptune
mtayloray,Quire2
rmasonmx,Oba
rowens8c2,Babbleblab2
kpowelle9,Mydeo2
ddavis4a2,Skilith
jhudsond02,Pixonyx
twoodsb22,Demizz
sschmidtad,Flipbug2
dharrisona12,Midel2
bbarnesc5,Gabspot2
barmstrongdu,Kwideo
danderson402,Katz
shicksbu2,Photobug2
dbakerf62,Lazzy
dsimpsonf82,Shuffletag
rlopezu,Jazzy
hlong7r,Quatz2
afrazierq2,Jabberbean
lhenderson89,Quinu2
tmartin8s,Wordware2
tsmithmo,Kwilith
kwells2j2,Cogilith
cfoxbg2,Jabbercube2
eromerofd2,Zoomlounge2
jduncan5v,Bubblebox
pwatsonog2,Mycat
alittle6h,Linkbridge2
alongme2,Voonte2
jmillerbm,Yakijo
sthompsond1,Livetube
kolson5q,Midel
psimsok2,Miboo2
shayesac2,Centidel
lgibsondt,Zoonder
jvasquezfs2,Voonyx2
wberry9b,Edgeblab
eortizb0,Voonix
jrogershf,Eare
dbryantai,Mydeo
privera8l,Agivu2
cgriffinbs2,Thoughtworks
jstanleyid2,Lazzy
rmorris1u2,Meeveo2
dmills5m2,Fivechat2
jowensp5,Quatz
sharrisonoz,Twitterwire
bnicholsn62,Rhycero
jreyes5g2,Dabtype
dedwardscg2,Skipfire
mwestct2,Devpoint2
tweaverfq,Wikibox
pmurphyj8,Eare2
tcrawford72,Geba2
psanchezph2,Chatterbridge2
sporterq5,Ntags2
jcarrollcp,Flashdog2
jwebb5v2,Photobug
vmorrison2e2,Centizu2
jmasonfy,Wordpedia
cstephens9s,Rhyloo
mgonzalesar,Kazio2
cgibsonm0,Bubbletube
cowensod,Tagtune
pwebbdo,Aimbu2
jbanksrh,Thoughtblab2
cwillisnu2,Dablist
aharveym12,Wordtune2
iwelchaw,Eare2
jwallaceiz2,Realcube2
kknightnq,Oozz2
bdiaz1p,JumpXS
mfuller1p2,Divape
jdeanft2,Digitube
plongaz,Leexo2
egarciaep,Blogtags2
dellisnd,Agivu2
ahill572,Gigazoom2
rhenry4g,Gabtune
talvarezml,Skinder2
mpayne9f2,Quimba2
hfisherhg2,Trupe2
vwalker462,Skimia
mrussellmq,Voonyx2
egreeneg92,Feedfish
rthompsongo,Vinder
pwest902,Babbleset
bramosi6,Thoughtbridge
aboyd172,Quire2
janderson242,Oodoo2
wperez442,Tekfly
sfosterlp,Vidoo
amatthewslb,Edgeify2
kgreenjp2,Quimm2
jgrayki,Centidel
jhickskp,Linkbuzz2
mhayese5,Thoughtbridge
jcookj2,Photojam
jhenrykw,Roombo2
clewism22,Jayo
